// VocalBridge — 'Help!' voice (LOUD v2 + CRISP + 160% slower), from audio/help.wav
// 24000 Hz, mono, 16-bit PCM, 70184 samples (2.92 s). Do not edit by hand.
// Regenerate: python3 make_help_header.py  (after replacing audio/help.wav)
#pragma once
#include <Arduino.h>

#define HELP_VOICE_VERSION "v10 - words 2.8x slower via PHASE VOCODER (Help! Help, please!)"

static const uint32_t HELP_SAMPLE_RATE = 24000;
static const uint32_t HELP_NUM_SAMPLES = 70184;
static const int16_t HELP_PCM[] = {
  0,0,0,0,0,0,0,0,0,0,0,0,0,0,0,0,
  0,0,0,0,0,0,0,0,0,0,0,0,0,0,0,0,
  0,0,0,0,0,0,0,0,0,0,0,0,0,0,0,0,
  0,0,0,0,0,0,0,0,0,0,0,0,0,0,0,0,
  0,0,0,0,0,0,0,0,0,0,0,0,0,0,0,0,
  0,0,0,0,0,0,0,0,0,0,0,0,0,0,0,0,
  0,0,0,0,0,0,0,0,0,171,44,-35,6,4,-125,-29,
  -43,64,-44,71,91,-5,90,-17,192,46,-162,-184,-167,-178,-316,-244,
  -258,-288,-234,-127,-37,-2,113,50,146,93,98,121,82,-26,-221,-115,
  -209,-156,-269,-165,-84,-155,2,8,147,-16,116,111,77,-57,-106,15,
  -87,-231,-260,-230,-448,-330,-184,-217,-360,-446,-272,-248,-167,-85,-100,-21,
  -65,-16,120,98,190,277,278,288,353,294,291,443,336,303,419,400,
  212,386,397,262,345,394,449,500,504,548,426,357,311,126,62,-124,
  -188,-338,-540,-652,-540,-553,-676,-467,-387,-523,-440,59,201,98,203,373,
  397,273,465,603,441,397,338,469,214,342,497,621,522,308,257,34,
  497,358,270,215,98,46,-64,39,8,509,119,295,352,188,23,-281,
  -220,-616,-649,-1242,-1342,-1544,-1797,-1993,-2143,-1798,-2005,-1835,-1148,-722,-1100,-1179,
  -225,227,-2,144,624,825,719,761,966,976,914,1211,1386,1262,873,975,
  1366,1325,1073,1087,1423,1353,1400,1657,1588,1398,1288,1251,1277,1185,800,330,
  119,-22,-212,-87,-210,-352,-258,-601,-1039,-1313,-621,-77,-343,-595,-819,-932,
  -621,-461,-516,-551,-832,-990,-1177,-852,-420,-156,466,829,961,872,1923,3386,
  2763,2237,3052,2942,2024,1567,1985,1543,72,-255,195,-92,-688,-113,582,259,
  -141,762,1599,1309,1670,2556,2434,890,1149,2112,1538,545,744,976,76,-158,
  313,111,-682,-364,401,336,-770,-951,-628,-644,-712,-943,-808,-1545,-1974,-2064,
  -1545,-1753,-2354,-2059,-1526,-525,-831,-1222,-1340,-1160,-929,-1176,-1397,-2143,-2829,-2937,
  -2111,-2492,-3540,-4258,-3430,-2112,-2313,-3288,-4159,-3614,-2363,-1498,-1485,-2497,-3091,-2044,
  -487,-565,-2645,-3257,-1639,-80,-1429,-2786,-2364,-1960,-1418,-1437,-1250,-2188,-2436,-1017,
  -501,-911,-2840,-2794,-1162,-737,-1549,-1929,-2059,-1846,-1866,-1729,-1405,-2873,-2909,-2173,
  -1966,-2990,-3938,-3065,-2317,-1860,-2343,-1682,-703,-905,190,1335,1541,755,1446,2966,
  2730,1564,947,1358,650,929,597,-253,-912,-108,1505,705,461,276,2008,3161,
  2191,2240,1757,2468,2516,2747,1732,145,484,1194,714,-281,-1076,-1021,527,564,
  769,244,-54,1306,2546,2419,1517,1415,2660,3607,2894,2653,2202,2636,2834,2711,
  2442,1684,1365,1591,2727,1896,1285,1307,2718,3004,2890,2971,2572,4256,4024,4165,
  3302,2283,1909,1824,1707,395,649,307,149,71,393,72,-247,477,-71,715,
  990,1150,931,513,1953,2229,2014,743,800,1473,2013,1063,-497,-678,-132,1528,
  971,-885,-1185,1159,2710,1273,-204,-99,1977,3599,2804,-84,301,3028,3276,1631,
  -247,-218,1279,1162,-265,-989,-2264,-2055,387,1137,-1027,-2290,-281,1957,2980,1524,
  1146,2268,2294,2822,2000,846,-1092,-1755,1852,248,-3864,-4034,-1241,-550,-2936,-2791,
  -2331,-727,756,1009,500,89,1959,3210,3215,475,-897,1713,3281,550,-3012,-1327,
  171,-446,-1655,-3251,-1835,518,158,-918,-1603,281,3717,2739,-209,-639,965,2585,
  2245,-799,-1826,398,1955,-306,-3178,-3747,-1215,803,-881,-2533,-2953,-1053,441,484,
  -2632,-2272,1441,851,-1127,-1627,-197,-605,-183,-769,-996,-1113,-1842,-1131,-1542,-632,
  -1921,-240,-129,-378,195,-370,787,404,859,338,-753,258,1003,-807,-1006,-522,
  -1627,-1560,-2207,-2800,-1552,-1649,-2205,-917,158,312,-700,-304,1140,1558,-136,-834,
  1522,16,-994,-390,-1936,-1360,-1365,-1425,-1108,-1551,-1539,963,-192,-1173,1927,1430,
  -1138,158,3294,172,-1590,-822,-1268,513,-2607,-4019,-1642,-1097,-1991,-2685,-817,-248,
  508,311,-110,1648,1180,-63,169,1903,-510,-1861,762,-638,-629,-372,-1419,-597,
  864,-564,-880,676,-359,-735,476,411,-360,-324,-416,639,487,-70,-439,-256,
  -621,-515,-712,-1499,-463,-646,124,-904,-1375,-1188,-378,199,-1486,114,725,596,
  516,-62,-363,786,553,-1058,572,-46,-74,22,56,-880,-659,954,158,-780,
  -248,1756,1844,-662,-79,1895,-139,142,143,18,769,176,992,917,-272,-778,
  972,41,192,212,-976,222,514,388,-417,-848,-1322,-765,612,-747,-2302,-761,
  792,601,-1221,-1115,521,1263,894,-1091,-223,1535,1885,564,38,958,2041,1612,
  509,1334,1682,2741,1538,-272,1050,1778,1384,-260,-1252,335,678,-865,-1741,-644,
  37,-449,-169,30,-14,-457,329,660,-760,-448,456,-579,-1570,-164,-668,-1786,
  -2041,-977,513,-964,-2486,-1948,782,425,-2042,-2615,-1741,351,-748,-1572,-2356,-2208,
  1084,2400,-493,-2287,293,3260,2588,-1620,-2326,-243,1092,-325,-2640,-3596,-2787,-591,
  -433,-2560,-3610,-1155,1096,395,-2059,-1223,456,-203,-530,-1044,-1410,-1633,-894,-1202,
  -1177,-1860,-1881,-1163,-1669,-1468,-2002,-1068,-1590,-1414,-269,-2,-1093,-2563,-714,-291,
  -1004,-1422,-707,-127,373,613,260,1583,1153,1337,2225,1553,656,531,2024,581,
  -715,-273,874,545,-760,-487,1035,2037,-125,-440,1616,2650,1565,794,1602,1528,
  1433,1529,777,-914,-66,1202,89,-1407,-1989,-490,1020,388,-909,-373,1016,2116,
  2113,1037,188,1141,3090,2959,1203,-970,325,3202,2905,577,-387,2039,2125,839,
  1211,-30,646,1077,970,1028,641,1630,664,1016,1894,1780,1315,1463,2063,1667,
  2531,1445,311,732,507,320,-214,-704,-1695,-642,165,69,-360,-1912,178,3347,
  1970,310,246,1469,4317,3164,0,-249,384,623,272,-2134,-2522,-319,678,76,
  -764,-1153,177,2272,2045,2204,1006,1410,3294,3067,-144,-790,2067,1563,-190,-2002,
  -758,-123,-455,-169,-414,-576,-113,1950,0,808,411,712,2744,2764,1563,-670,
  1422,2573,1971,-237,-2031,-218,1432,-309,-1317,-514,-467,1239,1662,-627,-829,1132,
  2204,1757,117,-67,804,1633,77,-2008,-1272,-1292,-698,-1284,-2666,-1766,-1683,-441,
  -283,-1088,-917,1618,2916,1811,894,1679,3662,3154,756,-1470,1780,1585,-2408,-1057,
  -1461,-1575,-1146,-1667,-1997,-450,801,-2294,-485,1440,59,649,-50,-302,1516,1164,
  -2086,-282,675,-2078,246,-1577,-3850,-594,646,-2184,-2866,-941,397,548,-1181,-714,
  753,452,423,1043,-368,-435,461,1082,161,-1665,-1403,-154,-946,-3346,-1459,-673,
  -378,-722,-131,577,-821,768,878,-1,-653,629,1059,-1199,-2277,-1386,40,-2150,
  -2443,-1391,737,-485,-1643,581,770,-135,-904,82,442,-373,-716,-686,-241,794,
  -2169,-2696,-1014,-395,-709,-3300,-834,1524,655,-1029,-377,-732,1257,1964,-2129,-201,
  1363,603,-307,-809,-92,-284,-1060,-799,-183,-680,-551,1051,-626,-217,1246,-701,
  1575,959,-927,232,1229,-855,-140,549,-1643,-288,-1798,-1568,-94,-264,-2168,-635,
  1246,-1525,-690,758,-821,-268,-151,-1245,-151,-225,58,94,-1276,485,2388,-396,
  -1522,955,331,-555,81,-745,301,2526,-572,-1714,1337,1023,-208,-725,-1139,360,
  881,-1990,-1372,1520,-405,234,1118,-128,854,1966,85,694,1156,-272,279,800,
  -170,-1827,-92,-446,-940,-1079,-1206,-1037,-495,1717,-2,276,2249,2114,745,340,
  572,1886,165,180,1401,-1233,-495,-79,-1116,-1135,602,-392,-805,1122,-324,-630,
  809,-312,-15,1983,-400,1419,3145,752,2005,2342,559,387,1661,-786,-1126,-1131,
  -1644,237,-1694,-2705,20,1037,-3153,309,1468,351,1302,-728,2017,2290,-394,-1601,
  1783,1182,-1302,-1085,280,2036,-410,-54,934,892,1596,938,-799,-1070,2740,562,
  -1159,714,503,872,-500,-2479,-1134,1913,14,-937,887,1685,680,-744,235,845,
  252,-373,418,-184,1027,1410,-1466,756,2829,-911,-1341,1161,112,78,-561,-979,
  607,868,55,-52,982,2236,2678,1595,301,1166,2530,636,-1291,61,2390,-52,
  -1785,-1133,268,-257,-1416,-1075,1822,-221,-978,2270,-1127,-65,832,-385,146,382,
  -856,902,933,-2391,200,940,-1169,-1457,-162,-73,-98,1140,-780,-95,-118,-675,
  -130,-2611,-2288,-306,149,-1592,-999,32,770,-168,-1126,1238,974,4,374,-195,
  -424,-814,-1211,-955,-1956,-1905,-1228,-1732,-2277,-1639,-696,-489,-1003,-780,158,535,
  -278,-572,640,1608,452,-1529,-492,0,-1668,-1480,-1535,-1684,-28,-423,-1754,-440,
  -461,404,102,-2325,102,1793,-1149,-1839,1197,1089,-563,-726,-1424,29,1015,-1659,
  -2768,242,236,-581,-1670,-2137,492,949,-607,-190,334,120,1699,694,-625,190,
  -11,-106,1304,-309,-3047,268,36,-1150,-795,-2075,-431,2967,583,-2456,1751,1339,
  472,876,-1241,300,1411,-278,-902,447,110,-804,446,-300,653,946,-656,1803,
  1361,461,946,1071,721,311,77,755,1566,-294,-187,221,-504,-1238,-390,122,
  -787,-517,-778,1958,2457,-990,980,4395,2550,191,675,1489,1929,414,-1173,-346,
  1276,627,-430,-1904,-331,525,712,11,-969,1303,1362,1222,-845,443,1136,329,
  325,-1740,73,1435,641,-2264,-563,1888,154,-856,-245,858,663,-485,-139,-512,
  -1173,381,-454,-1924,-931,2009,958,129,275,659,2749,-562,-1970,663,2296,-904,
  -1430,767,1157,8,-676,887,340,-1151,65,557,-2045,-1188,-34,-1039,-1547,-123,
  -818,-344,2166,99,-444,1792,1596,-15,1230,-752,-1224,1074,-1712,-2403,-1387,-850,
  -2381,-3436,-1855,-430,798,-1582,-1109,1848,1548,163,-585,394,2352,870,-1584,-259,
  -57,412,-726,-2611,-643,1754,-534,-1818,530,1007,-206,-80,148,719,521,-826,
  0,-567,1804,1405,-2090,440,1865,-731,-2200,-1361,-361,870,-3185,-2810,1732,311,
  -934,439,-182,654,1572,-1926,-49,2093,-898,906,1604,-955,1163,1118,-1332,81,
  1251,600,1490,1267,195,3188,1061,-1219,2157,1479,260,954,961,-569,1053,-220,
  -2604,500,-60,-1295,-950,1301,-251,577,640,430,1892,136,709,602,826,-640,
  310,464,-1112,-623,-452,-1019,-1653,-379,-922,1154,383,-1481,1706,1446,681,783,
  1529,954,1232,143,-1141,868,407,-531,-384,877,-1099,-714,225,-681,74,-313,
  840,356,-328,-587,-184,-255,-349,-611,-677,867,250,-668,-267,1820,-644,-240,
  899,-1333,-212,147,-1620,-877,632,-1135,-1265,-1400,-830,-438,-1552,-1962,-852,322,
  -508,-1628,998,2464,2078,398,1614,2295,804,1229,-25,-165,821,1834,-995,-1518,
  452,-776,-2226,-1216,-636,97,825,-813,1343,1599,-353,1260,450,220,417,88,
  62,-472,-364,-175,-244,-1721,-231,529,-530,-1863,734,1776,-791,-132,-655,-44,
  -358,-981,392,460,122,190,1156,-979,-1795,-62,-123,-1349,-1851,-218,106,-1368,
  -1613,392,859,-237,154,863,486,266,35,514,-151,43,-192,-1971,-383,287,
  -290,-870,60,1621,983,184,168,1822,1636,887,556,852,925,-1219,-1504,-997,
  -2122,-2328,-1391,-2021,-2253,-286,-174,-154,212,599,2028,919,237,631,1339,246,
  -299,-236,196,1068,-2874,-1233,296,-1193,-1786,-551,-620,-1813,-93,-872,-671,-119,
  1393,943,339,1571,660,833,773,-175,-278,1894,289,-1734,837,1273,597,-317,
  -973,1277,1220,-2454,-1165,2556,1003,-640,231,2062,1207,-659,795,938,615,-251,
  665,432,-1616,-760,-433,-53,-2200,-1709,797,-1230,-3369,566,978,-1736,99,489,
  1558,-192,-752,2032,1199,-206,-418,876,637,-1252,-1991,452,-791,-2844,-553,554,
  -1331,-2123,1347,1011,132,-183,2002,1805,-212,1744,1209,1509,859,1534,1314,1212,
  21,331,2848,-243,-893,1162,1807,-523,-1162,612,1602,900,103,1394,2212,1458,
  -382,165,896,-15,224,-400,-351,813,-890,-562,-1021,-90,1143,-849,-959,991,
  1531,-860,-297,760,761,-799,-1119,-359,-390,-1766,-1746,-762,-3608,-1559,-1249,-2995,
  -2301,-1523,76,-158,-1149,-8,1461,1043,-827,330,2320,-130,-1652,675,1224,-1597,
  -1449,884,544,319,700,1681,2595,1928,95,1102,1776,-242,-1048,-264,-201,-3665,
  -2945,-743,-4090,-4875,-2083,-2831,-3216,-2596,-2963,-2124,-442,-1971,-2961,691,-1022,-3158,
  -272,345,-1810,-847,1011,700,-122,276,1382,1958,2446,1302,2495,5093,3822,2825,
  5014,6177,3631,4746,6049,4195,4570,5400,3305,3555,4751,1018,2390,2329,623,1026,
  1069,694,507,1897,384,397,369,29,-469,-1407,-1964,-2561,-2967,-4249,-3336,-4875,
  -5001,-3636,-5442,-4398,-4241,-3438,-2168,-1919,-2230,-1093,-726,-2724,-1228,-239,-1502,-956,
  321,-594,-39,-26,-817,501,-44,-391,135,765,951,755,1620,2073,1853,2422,
  1838,1922,2642,781,1210,1620,202,-308,-698,-1321,-649,-879,-1786,-1542,-877,-1394,
  -1528,-1375,-556,1637,974,623,1821,2678,1544,1144,803,3118,593,618,2794,175,
  1274,1160,386,525,1791,618,580,623,887,2174,-243,-750,366,1687,-539,-1891,
  1215,1214,812,-1069,152,1224,-852,-2042,-1776,-413,-2108,-1562,-1664,-2263,-2807,-2570,
  -2542,-3900,-2721,-2126,-2921,-2699,-2286,-1250,-621,-2129,-989,1542,-258,-1144,285,21,
  -30,648,170,207,-122,597,1209,-136,1222,3090,2757,2266,2491,2121,3564,3315,
  1168,2479,3771,2573,1561,1245,1933,1977,-180,-97,725,-61,-390,-1013,-94,1239,
  374,-773,-365,267,-1034,-1257,-909,-1830,-972,-573,-1333,-2273,-680,-121,-1347,-451,
  283,863,985,1200,-116,1905,2137,590,1709,916,1301,-20,31,-559,-1338,-1356,
  -838,-1311,-2529,-75,342,-1617,-1173,1842,561,-1780,-713,-213,249,-1670,-1454,831,
  -1144,-2282,-1389,-617,-2343,-1653,565,-617,-819,-461,1997,1710,-1009,620,4876,1769,
  -1591,3226,3689,1625,157,2664,4427,1234,-112,1560,2931,1301,491,1391,3726,1689,
  548,3257,3778,1288,2462,4907,1472,1247,2463,1576,-893,-1077,-873,-2799,-2182,-4174,
  -3799,-2204,-2968,-3737,-2079,-1474,-3215,-2276,-2433,-2262,-2720,-2704,-3711,-3055,-2900,-5356,
  -3845,-2726,-2947,-3617,-1860,-138,-1324,-1854,406,1514,423,1125,1841,2327,3171,1126,
  469,3403,1773,-814,1708,2078,-468,785,840,-29,277,462,-531,-14,88,-2226,
  1063,464,-1054,-183,2042,903,-2263,1081,1483,-345,-1481,-938,-299,-459,-2873,-2966,
  -247,339,-1902,-2374,2149,703,-832,673,1407,2619,1992,692,2436,3455,1941,867,
  2004,2591,995,965,1078,365,72,-1204,-1254,-1110,-2039,-1643,-1137,-1247,-1744,-1308,
  80,-2250,-1929,-649,-2069,-1525,-4162,-4113,-1708,-4444,-5548,-2215,-1763,-3354,-2946,-1581,
  -553,-309,-105,617,1357,2529,2760,1826,2979,4261,3896,2159,3196,3060,2847,2385,
  130,1622,1781,383,-1010,-1638,965,-551,-2768,-255,309,-1022,-822,-1741,-610,192,
  -2653,-1328,-98,-1510,-2307,-1641,-1762,-4255,-2839,-1458,-2695,-2202,-1052,-321,152,-162,
  299,2724,3789,932,1932,5596,2697,853,3709,2593,1931,2559,648,3015,2597,1309,
  2863,2568,3871,1871,4104,3161,2824,5029,3672,3237,2831,3753,1041,828,1278,254,
  -20,-555,-1164,229,-766,-1490,1842,1577,996,1903,4164,1538,1676,4286,1925,3918,
  4106,2885,5254,6719,4546,6760,9812,9863,9490,11831,14355,11956,13644,13347,14061,13852,
  12119,12420,11783,9814,7227,6953,5727,2568,-27,750,-3923,-8077,-8736,-11542,-12809,-17972,
  -18549,-18135,-21980,-23409,-25097,-25121,-25231,-27990,-28480,-27450,-29067,-29569,-29408,-29774,-29344,-29544,
  -29766,-29428,-28138,-28507,-27685,-26088,-25394,-21897,-20871,-19155,-18184,-14410,-11780,-9837,-8551,-2424,
  3104,1342,8202,10842,15036,19393,19600,21271,25635,26431,25676,27839,27319,28216,28060,27585,
  28400,28405,28474,27828,28107,28199,28187,27206,26793,26155,25933,25471,23142,23854,22835,20386,
  20137,19622,16230,16552,16669,13622,13491,14610,14392,12391,11556,10094,11928,11397,10041,11618,
  13177,13807,12805,14604,16683,15427,16382,16993,18177,18042,17091,18202,16346,15794,14133,14324,
  12840,8089,7126,7326,4971,2983,1459,666,1495,-5285,-8073,-6237,-10137,-14118,-15148,-17390,
  -20746,-21348,-26762,-26930,-28151,-29752,-29204,-30410,-30567,-30604,-31166,-31574,-31559,-31915,-31800,-31944,
  -32159,-32042,-32099,-32123,-32181,-32102,-31939,-31892,-31681,-31471,-31070,-30676,-30398,-29789,-28868,-27708,
  -26503,-24889,-22497,-18607,-15415,-11509,-6529,-2283,4228,10165,14451,17228,22329,25060,25379,27340,
  28903,29350,29499,29937,30481,30505,30494,30547,30521,30666,30622,30556,30586,30590,30354,30352,
  30483,30237,30027,29853,29388,28729,28182,27028,26317,24997,22572,21215,20393,18590,15735,14862,
  15421,14279,11899,12373,12557,10624,9519,8224,8222,9313,6762,4800,7046,6293,3700,5234,
  5944,4923,6585,6991,7118,8131,9211,8041,9469,9020,6387,8116,6784,4044,2239,3825,
  1344,-3357,-3261,-3962,-6446,-9644,-11827,-12986,-13590,-18072,-20694,-20993,-20902,-23905,-25819,-24642,
  -25693,-26845,-27486,-27806,-27573,-28088,-28871,-28815,-28495,-28731,-29173,-28898,-28351,-28346,-27829,-27022,
  -26033,-24620,-23676,-21814,-19626,-18177,-15790,-12985,-10184,-8792,-6019,-1772,-1686,924,3758,5799,
  9590,8705,10416,14875,14375,13620,16941,18877,18987,19223,20145,21119,21576,21576,21594,21353,
  22056,21902,20500,19919,20471,19951,17757,17408,15948,15862,14686,11306,11341,11039,10547,8003,
  5908,8313,7034,4182,5494,6093,5813,6182,4510,6100,7500,5020,6075,7734,7947,7538,
  9514,10691,8615,9781,11260,10538,10439,10603,10970,11036,9391,7168,7985,8645,3798,1962,
  4301,627,-3141,-2954,-5928,-7583,-9431,-13906,-13601,-16476,-18934,-20786,-22325,-23207,-25817,-25725,
  -27585,-28325,-28478,-28940,-29447,-29626,-29330,-29854,-29821,-29676,-29582,-29301,-29119,-28999,-27857,-27801,
  -27579,-25607,-24088,-23051,-20722,-15303,-14917,-11284,-6421,-5267,-60,3013,4232,8964,13536,13450,
  16657,20578,23026,23405,25952,27924,28208,29249,29470,30164,30389,30398,30558,30763,30689,30396,
  30409,30497,30112,29747,30374,29959,29606,29470,29387,29666,28248,28232,28520,27676,26929,24633,
  24424,24847,20234,17412,18916,14318,11772,9202,5968,5870,4007,-122,-2598,-1223,-6144,-7295,
  -10048,-13110,-12804,-14560,-16213,-19752,-20406,-21821,-23229,-26716,-26041,-25886,-27996,-27457,-28480,-28089,
  -27307,-28110,-28985,-27311,-27410,-27996,-26931,-27844,-26672,-27372,-27902,-27886,-27694,-27575,-28195,-28196,
  -27913,-27220,-27540,-27265,-27705,-26884,-26587,-27484,-26302,-25893,-26421,-25535,-24469,-25702,-24471,-23298,
  -23901,-23807,-21911,-19965,-18465,-17289,-17202,-13119,-11129,-10048,-7231,-2720,1559,3101,7817,13211,
  15482,18895,20882,24223,25488,26672,28215,28753,29431,29566,30553,31010,30947,31143,31503,31631,
  31763,31778,31926,32152,32049,32019,32115,32091,31992,32006,31887,31857,31973,31320,31471,30777,
  29794,29763,27330,26219,26359,23076,19003,17383,6027,8325,1653,-8624,-10444,-15239,-18264,-25113,
  -27126,-28189,-28749,-28591,-29701,-29115,-28185,-28447,-28885,-28816,-27675,-27628,-28487,-28687,-27040,-26814,
  -26428,-26062,-24982,-21643,-18480,-13864,-11811,-4280,-701,408,1953,3752,6732,4526,1632,2280,
  3132,397,-1120,-4366,-6940,-5564,-6833,-9366,-9482,-11449,-16670,-16918,-19767,-22220,-22279,-24585,
  -26598,-28023,-28030,-28950,-29811,-30313,-30500,-30336,-30491,-30607,-31038,-31118,-31024,-31203,-30953,-30454,
  -29944,-29749,-29758,-28801,-26865,-24072,-20842,-17450,-10303,-1612,2876,5217,12559,19807,22977,24787,
  28588,30099,30820,30989,31423,31953,32153,32230,32187,32344,32350,32334,32349,32353,32364,32316,
  32334,32268,32270,32284,31960,32007,32039,31954,31799,31358,29917,29282,27123,12313,18717,11017,
  -5973,-5285,-14741,-20156,-21397,-26545,-30682,-28321,-29777,-31440,-30323,-31292,-31624,-31447,-31474,-31070,
  -30571,-30380,-30559,-30739,-27654,-29210,-29341,-22299,-25720,-19711,-15711,-10231,-4776,-1166,6376,4331,
  21338,21345,19805,23457,22954,23545,21943,24187,23127,24312,21526,17265,17732,16518,16772,11047,
  11624,13885,7896,-720,-6702,-12628,-17345,-22095,-27034,-26952,-29030,-31004,-31401,-31736,-31942,-31944,
  -32073,-32249,-32193,-32262,-32326,-32353,-32363,-32349,-32338,-32254,-32198,-32052,-31895,-31603,-31411,-30157,
  -26562,-25722,-21449,-15522,-8093,-3097,7300,17250,24803,29848,30143,31402,31995,32150,32234,32284,
  32395,32408,32406,32424,32420,32423,32431,32421,32421,32431,32422,32403,32401,32354,32301,32204,
  31982,31693,31433,31411,24591,16194,20024,1017,-9314,-11073,-18918,-23432,-25856,-28090,-30422,-29690,
  -30550,-31861,-31574,-31170,-31508,-31660,-31664,-31196,-31029,-30072,-28266,-26981,-22467,-23850,-21486,-17041,
  -10749,-3145,-1026,6131,10475,17082,18801,20867,24161,25029,25467,24585,24777,23516,22114,21281,
  22320,22367,22473,20875,13287,10879,6040,-811,-5440,-11249,-13357,-18396,-23104,-24899,-25739,-28059,
  -29706,-29876,-30444,-30873,-31082,-31645,-31700,-31707,-31914,-31763,-31760,-31731,-31600,-31474,-31366,-31309,
  -30889,-30536,-30116,-29921,-27576,-25912,-23978,-18160,-15707,-8116,-521,1882,5444,14547,16943,20420,
  24470,26596,29234,29795,30751,31281,31648,31853,31965,32033,32128,32221,32190,32215,32219,32225,
  32179,32147,32160,32059,31946,31828,31498,30688,30044,28472,25553,22492,20065,16764,13583,8698,
  3375,2256,-2405,-7345,-10258,-12310,-15905,-20429,-21666,-23494,-25763,-26720,-27751,-27624,-28424,-28448,
  -28271,-28420,-28257,-28365,-26633,-26084,-26667,-25787,-24114,-23739,-22948,-23333,-20906,-17646,-21939,-21610,
  -19525,-20199,-20977,-18616,-18997,-14997,-11390,-16899,-10607,-15095,-14838,-13401,-18149,-17278,-15924,-20612,
  -22029,-22815,-26733,-22761,-25832,-27165,-25458,-25268,-25030,-27547,-27202,-27405,-27242,-27339,-28819,-28013,
  -27755,-28500,-28865,-28096,-25798,-24418,-23152,-18702,-9318,-4625,1168,5645,11870,18538,22720,25829,
  27396,29981,30659,31161,31618,31983,32195,32242,32293,32357,32384,32387,32394,32389,32391,32401,
  32397,32391,32394,32384,32359,32363,32329,32296,32266,32128,31852,31362,30790,28873,25247,19614,
  13764,8229,770,-6472,-15354,-20046,-23653,-27072,-28042,-28880,-29845,-30872,-31488,-31643,-31745,-31857,
  -31991,-32084,-32049,-32001,-32087,-32135,-31990,-31785,-31706,-31537,-30659,-30064,-29562,-29739,-28704,-26595,
  -25074,-25334,-26134,-18922,-20031,-18698,-14101,-8474,-3241,-2727,4804,3582,10197,11374,2695,9106,
  10967,10580,8904,5235,-269,3210,-1882,-12740,1926,-7073,-15554,-11067,-18124,-20112,-20533,-26576,
  -29693,-24973,-29128,-30581,-28916,-30956,-31262,-31200,-31377,-31126,-31057,-31151,-31361,-31124,-28371,-29814,
  -27220,-16391,-18717,-4696,315,8929,13589,19101,23653,24895,30956,30755,31359,31985,32181,32311,
  32367,32411,32420,32429,32428,32428,32431,32432,32432,32430,32433,32434,32431,32426,32422,32414,
  32403,32371,32285,32246,31859,30493,28639,24334,18107,13311,3042,-7812,-9452,-19803,-26122,-29351,
  -30688,-31356,-31780,-31904,-32147,-32235,-32317,-32353,-32385,-32363,-32347,-32381,-32371,-32363,-32348,-32347,
  -32276,-32204,-32038,-31770,-31987,-31610,-31236,-31079,-30903,-30192,-25232,-24745,-23367,-14905,-16183,-7938,
  957,-6142,3057,14843,8052,6927,12179,8536,11445,11614,12173,14050,18377,19807,-2537,-622,
  7253,-11678,-13140,-10492,-16023,-18736,-20018,-23678,-27561,-24769,-28758,-31347,-30214,-30009,-31194,-31512,
  -31483,-30948,-30845,-28873,-26864,-24863,-19151,-22450,-18326,-12300,-2556,4613,7756,17172,22966,28510,
  29543,31090,31966,32193,32285,32326,32383,32389,32395,32416,32429,32433,32435,32435,32432,32433,
  32431,32429,32428,32425,32421,32398,32385,32338,32256,32010,31081,31129,29174,25156,20907,6523,
  1156,-9775,-17778,-18958,-24058,-28453,-30592,-31329,-31859,-32083,-32186,-32274,-32318,-32326,-32343,-32370,
  -32344,-32337,-32373,-32349,-32287,-32317,-32305,-32285,-32272,-32239,-32180,-31696,-31505,-31104,-29038,-29143,
  -29003,-26812,-22307,-26048,-18421,-2070,-14439,-506,11320,-6552,-6740,14764,7493,4316,23645,15297,
  7235,13757,2258,-7115,965,5078,-4876,-2537,7636,-5621,-21545,-19806,-25115,-28100,-24370,-25469,
  -28867,-25734,-27962,-30895,-28806,-27582,-26222,-25622,-22087,-17619,-23191,-16406,-14778,-15393,2459,14108,
  16816,24416,27450,28547,29018,30401,31630,31833,32209,32293,32335,32381,32393,32402,32402,32422,
  32430,32428,32427,32428,32418,32407,32407,32402,32412,32406,32352,32289,32161,31597,30583,29585,
  29025,26889,21819,15077,3846,-8215,-14412,-18994,-23495,-25238,-28086,-30899,-31621,-31829,-32148,-32225,
  -32153,-32173,-32172,-32185,-32256,-32322,-32354,-32333,-32296,-32287,-32125,-32164,-32302,-32071,-32052,-32015,
  -30865,-30412,-30434,-29331,-29167,-28549,-27230,-24605,-20765,-20826,-12008,-6796,-9964,-7076,-6555,-4133,
  -1032,14028,7256,-6360,9316,-10577,-19000,-2179,-406,-261,-5806,-2939,-15165,-22368,-22946,-29184,
  -26709,-22738,-26759,-26809,-25761,-26682,-28830,-28404,-24301,-17985,-18925,-18624,-15012,-17712,-13237,-5223,
  26,12698,20208,24643,27244,28175,29691,29792,30680,31783,32116,32298,32351,32357,32376,32389,
  32404,32421,32427,32430,32428,32422,32422,32414,32396,32406,32404,32386,32359,32297,32125,31946,
  31292,29613,29847,26990,19835,13276,6171,-3802,-9356,-18931,-24449,-23170,-29380,-30774,-31004,-31891,
  -32052,-32078,-32220,-32204,-32173,-32284,-32291,-32253,-32218,-32298,-32195,-32155,-32253,-32038,-32149,-32071,
  -31962,-31765,-31550,-31285,-28705,-29515,-27747,-24284,-22364,-17776,-13144,-7412,-6499,-1279,-2188,-1742,
  2976,7532,9092,8558,15318,12961,8005,5253,1494,620,-199,-4247,-9258,-10136,-17846,-23569,
  -24251,-25357,-26113,-25796,-27770,-28814,-28326,-30016,-30494,-31019,-30898,-30602,-30282,-29379,-29095,-28164,
  -27334,-24848,-22446,-11793,-4490,-2598,5252,11995,18720,22895,28475,30364,31585,31966,31964,32261,
  32328,32363,32385,32413,32431,32429,32431,32435,32432,32435,32435,32429,32433,32434,32422,32413,
  32407,32363,32343,32256,32147,31970,31865,31020,19373,20872,18751,-4803,-6877,-10267,-19743,-24488,
  -27270,-30171,-31391,-31151,-32111,-32327,-32202,-32270,-32364,-32385,-32384,-32369,-32378,-32329,-32338,-32338,
  -32329,-32390,-32374,-32354,-32279,-32233,-32189,-31928,-31563,-30513,-30286,-28007,-23818,-20827,-19021,-16800,
  -10492,-10604,-7091,2596,11925,17116,21104,19741,16675,18884,15411,14149,14120,13325,10958,4747,
  5666,1577,-538,-6976,-13012,-7754,-16216,-19884,-22677,-27775,-27542,-29437,-29447,-28070,-28536,-29300,
  -29501,-28919,-28780,-27847,-26402,-25169,-22783,-17928,-13985,-10155,739,6430,8836,19761,26314,27304,
  29506,30619,31300,31737,32077,32331,32350,32389,32418,32412,32414,32423,32428,32413,32430,32434,
  32415,32430,32429,32354,32360,32414,32315,32268,32378,31991,31278,31085,25620,17692,21065,16930,
  1805,1976,3542,-18352,-28367,-28228,-30904,-31516,-30949,-31691,-32115,-31926,-32267,-32378,-32302,-32317,
  -32321,-32349,-32323,-32338,-32397,-32364,-32385,-32386,-32222,-32095,-32104,-31804,-31683,-31639,-31624,-30949,
  -29349,-28554,-23651,-21597,-18011,-12301,-9337,-6469,-4461,6450,12470,8594,9576,9745,2922,1730,
  4130,5173,10975,8608,330,-1411,-5605,-13625,-16470,-15912,-13993,-16881,-20702,-23191,-26577,-28320,
  -27579,-26643,-25708,-23098,-23376,-25956,-24800,-22339,-22967,-18551,-9058,-4278,1922,6530,8654,10357,
  14867,23283,27766,29717,31492,31401,31244,32120,32133,32254,32391,32393,32395,32409,32407,32411,
  32415,32421,32422,32415,32425,32420,32397,32387,32356,32329,32314,32372,32045,30959,31667,22660,
  17552,25715,21582,15208,4173,1113,-18049,-24457,-26984,-30843,-29052,-28833,-31142,-31423,-31628,-32029,
  -32268,-32277,-32169,-32116,-32281,-32323,-32340,-32389,-32370,-32342,-32327,-32180,-32102,-32036,-32039,-32046,
  -31920,-31976,-31679,-30374,-28688,-24600,-23481,-25122,-22337,-20832,-16243,-7983,-2038,1346,-1920,-3969,
  -2480,-4131,-4554,1488,2991,666,-699,-3644,-8753,-10956,-13987,-17080,-14028,-13183,-20466,-22535,
  -21038,-25326,-23775,-23890,-23104,-20784,-23526,-22841,-20795,-20420,-16639,-10024,-12262,-2995,4824,-484,
  10730,16026,15216,23676,27459,27285,29884,31483,31212,31748,32207,32268,32331,32339,32381,32383,
  32398,32410,32400,32417,32418,32410,32392,32404,32403,32347,32368,32385,32323,32298,32250,30373,
  30241,29743,22380,27503,27499,27064,14846,-1078,-6395,-22934,-23606,-22311,-26274,-27138,-26334,-28913,
  -31551,-31449,-31529,-32221,-32117,-31775,-32192,-32230,-32257,-32391,-32385,-32254,-32259,-32248,-31945,-32005,
  -32282,-32236,-32088,-32122,-31815,-30306,-29738,-28606,-24757,-27512,-29736,-26555,-22181,-19913,-7721,-2065,
  -12708,-12707,-10534,-15720,-5927,-2051,-2560,-3336,-3663,-4449,-12532,-10388,-15755,-18210,-12761,-13725,
  -15090,-15559,-18923,-24176,-22468,-20905,-20179,-18283,-18989,-20980,-19771,-16843,-16205,-9190,-5532,-2279,
  2711,5072,5648,6234,12538,16345,25074,30301,30843,31026,31293,30920,31274,31913,32261,32364,
  32380,32407,32393,32356,32376,32381,32380,32407,32418,32399,32384,32377,32304,32240,32336,32364,
  32249,31977,31401,29240,26988,28534,28547,25557,25195,18679,-4426,-6985,-10564,-23684,-23071,-21424,
  -22673,-25705,-26831,-31005,-31964,-31550,-32177,-32172,-31672,-31976,-31985,-32212,-32346,-32344,-32379,-32326,
  -32251,-32034,-31552,-32116,-32099,-32237,-32230,-31821,-31537,-28700,-26828,-27033,-28167,-29617,-28310,-26064,
  -20435,-12607,-7156,-6459,-13556,-19954,-18275,-16890,-9789,1782,3777,2030,-4904,-13552,-21471,-20067,
  -10798,-11160,-6000,-2755,-13922,-19638,-22579,-25270,-22905,-17187,-14328,-15368,-15025,-17990,-22072,-20965,
  -14907,-7487,-2089,-179,-1500,-416,1828,4104,14239,21417,27248,29243,29694,30623,30095,30767,
  31649,31866,32255,32363,32369,32376,32373,32371,32379,32391,32409,32408,32413,32413,32393,32381,
  32375,32342,32312,32291,32301,32222,31988,31687,30471,29122,27473,23791,21743,17796,7542,-2110,
  -6844,-15517,-21420,-24826,-27696,-28637,-30192,-31339,-31792,-32132,-32257,-32249,-32279,-32276,-32262,-32321,
  -32369,-32364,-32362,-32375,-32335,-32279,-32237,-32108,-32003,-31985,-31990,-31846,-31298,-30737,-28762,-24361,
  -27909,-26121,-22304,-24997,-17050,-6623,-6572,-2715,-1069,-2866,-2528,-1943,2251,-707,65,7086,
  1859,-827,-4424,-7912,-12476,-3424,5952,-14705,-5611,-8557,-28679,-26386,-23807,-21277,-23196,-19512,
  -18449,-25816,-22893,-27953,-28859,-20328,-18104,-16375,-8562,-1097,-1131,-2172,5722,20347,26451,27808,
  30252,30429,30381,31405,31581,32009,32274,32349,32389,32393,32404,32401,32376,32389,32401,32413,
  32425,32417,32407,32394,32356,32342,32340,32351,32328,32196,32005,31642,30275,28660,27981,25274,
  21265,16382,8035,-1433,-8515,-19123,-24238,-24389,-26920,-30399,-30716,-31539,-31988,-32057,-32214,-32175,
  -32228,-32303,-32310,-32327,-32354,-32310,-32315,-32347,-32177,-32227,-32252,-31981,-32057,-32022,-31493,-31340,
  -31501,-30022,-29049,-30193,-27885,-25340,-21960,-20088,-17745,-13360,-14530,-7158,-9246,-7942,-1573,79,
  -3890,-7356,-443,-6399,-12948,-6105,-4278,-7834,4526,-3669,-20739,-12955,-25313,-27544,-23633,-16883,
  -8490,-18894,-17006,-22670,-28135,-25435,-24241,-23693,-17408,-4122,-5734,-7920,7127,6026,848,18912,
  25513,26341,30368,30343,27750,30350,31700,31755,32167,32374,32366,32316,32359,32354,32304,32368,
  32403,32399,32419,32427,32401,32353,32362,32306,32292,32378,32355,32179,32129,31454,30281,30432,
  29263,27864,24352,23221,14450,5780,663,-14371,-18595,-20952,-24503,-26582,-27591,-30380,-31523,-31702,
  -31934,-31980,-32016,-32140,-32255,-32260,-32307,-32314,-32268,-32269,-32210,-32144,-32093,-32178,-32192,-32212,
  -32247,-31914,-31016,-30434,-29214,-29231,-30449,-30565,-29958,-26426,-23305,-16526,-7252,-11889,-13847,-12234,
  -14855,-14982,-5290,-1817,-5573,-3563,-6077,-16011,-18113,-7511,-2211,-5035,-6298,-13074,-23389,-25377,
  -21313,-20598,-18192,-6459,-14085,-23167,-17093,-22682,-26184,-22585,-16035,-9548,635,9714,-2527,4832,
  10465,247,15638,24626,28310,30946,30535,30932,30774,30508,31462,31751,32328,32373,32368,32379,
  32246,32295,32270,32329,32408,32416,32421,32398,32357,32310,32256,32286,32327,32354,32337,32105,
  31427,29847,26892,27426,28208,29114,27787,21019,7975,-11026,-16906,-17569,-20560,-16530,-17070,-25110,
  -29135,-31286,-31871,-31962,-31845,-31653,-31596,-31890,-32177,-32307,-32358,-32310,-32120,-31987,-31927,-31915,
  -32141,-32284,-32215,-32143,-31913,-30942,-30040,-29133,-29980,-31080,-31212,-31322,-29952,-23862,-17907,-11963,
  -12905,-19394,-23504,-23488,-19192,-16113,-10531,-3332,-2160,-9528,-10122,-13890,-18797,-11637,-8405,-4370,
  -5731,-5608,-20093,-25629,-20457,-20298,-10013,-5366,-10468,-17181,-22276,-25293,-26252,-13073,-4998,-1510,
  12238,10825,2467,3248,-2099,6172,21783,28918,31045,31358,31205,29345,28884,30301,31475,32234,
  32331,32348,32382,32315,32171,32161,32129,32277,32377,32416,32415,32396,32332,32030,31754,32077,
  32276,32271,32311,32153,31060,29518,27255,25585,25419,27666,25828,19141,13922,-2591,-13244,-16560,
  -16202,-16510,-16932,-20297,-29070,-30903,-31498,-31480,-31261,-30925,-31059,-31830,-31912,-32201,-32226,-32120,
  -32161,-32035,-31765,-31800,-31824,-31928,-32166,-32097,-31957,-31545,-30618,-30256,-29893,-31211,-31025,-31021,
  -31235,-28455,-24876,-21650,-15909,-15196,-21112,-26349,-24812,-22105,-19448,-118,69,-9495,-8286,-21076,
  -18363,-14981,-5599,279,-9430,-7559,-18786,-23197,-20544,-18042,-12371,-7962,-8934,-13944,-20722,-23566,
  -25126,-20475,-5848,7488,8653,8854,4700,-2440,3154,4449,24345,27221,29744,31388,29717,31201,
  30130,29876,30210,31537,32256,32308,32388,32353,32198,32043,31991,32146,32334,32382,32396,32398,
  32352,32264,32113,31796,31901,32149,32173,32203,32088,31143,29506,27953,24842,24241,25225,19832,
  15899,11886,3884,-3505,-8392,-16523,-21107,-22078,-25956,-25987,-29441,-30240,-30674,-31355,-30902,-31229,
  -31316,-31974,-32121,-32204,-32243,-32066,-31940,-31664,-31523,-31595,-32011,-32129,-32151,-32155,-31879,-31015,
  -29672,-28747,-28508,-29976,-30895,-30730,-30172,-28845,-23429,-15644,-13408,-13386,-15858,-22681,-24854,-20899,
  -15456,-6543,2561,1202,-10884,-15943,-19997,-22060,-14844,-9287,-4920,-4230,-10767,-19369,-25041,-25602,
  -23976,-20066,-9436,-5076,-13304,-19030,-25507,-26639,-20745,-8627,4432,12558,11638,5092,-1600,-2565,
  5382,17866,28138,31202,31755,31689,30765,29457,29108,30628,32130,32376,32409,32411,32380,32269,
  32167,32247,32371,32411,32424,32427,32408,32349,32280,32182,32173,32313,32335,32205,31943,30916,
  26580,23710,27769,29372,27528,23744,12711,-7320,-19426,-20670,-21496,-21346,-13248,-17727,-28363,-29151,
  -31504,-32259,-32203,-31976,-31457,-30778,-30336,-31987,-32271,-32260,-32393,-32307,-31628,-31159,-29789,-31128,
  -31994,-32195,-32329,-32159,-31595,-27628,-20291,-26553,-27750,-31268,-31582,-30746,-29111,-13702,-4888,-3183,
  -11801,-22956,-25567,-26396,-20968,-8006,3352,6885,-3253,-17070,-24016,-27588,-24862,-16279,-6652,-1339,
  -8326,-17366,-26556,-28698,-27064,-26300,-19610,-9954,-12650,-15161,-19087,-22337,-20344,-14609,-5556,1970,
  6046,5882,6453,7925,15745,25116,28118,29745,31000,31229,31000,31507,31823,31950,32268,32349,
  32379,32383,32346,32331,32315,32340,32401,32409,32412,32410,32382,32334,32281,32247,32167,32111,
  32170,32092,31632,30915,30038,25876,26694,26253,24150,19734,10910,-4740,-20278,-15304,-18399,-18034,
  -15868,-24414,-28349,-30736,-31629,-32060,-31799,-31479,-31742,-30729,-30755,-31951,-32112,-32284,-32318,-32087,
  -31779,-31123,-30904,-31107,-31854,-32115,-32044,-32003,-31415,-30308,-29524,-25872,-26879,-30039,-30243,-30730,
  -29921,-25310,-15967,-9948,-12803,-16156,-23922,-25435,-20731,-12751,-11668,-6592,-4583,-14556,-15858,-17325,
  -20440,-20014,-15941,-13340,-17457,-14979,-20236,-24746,-23081,-21790,-19181,-17369,-14129,-19667,-20481,-16001,
  -13829,-8285,-4962,1343,1812,9908,14025,14460,21332,21036,24858,29676,31000,31551,31829,31574,
  31612,31884,32026,32269,32329,32373,32360,32343,32341,32200,32297,32358,32367,32403,32406,32367,
  32229,32095,32022,31744,32092,32121,31238,31498,30174,28189,28150,23732,22832,9267,8985,4836,
  -5134,-4416,-11894,-18492,-22249,-25595,-27605,-29116,-30027,-30843,-31249,-30939,-31003,-31466,-31635,-31317,
  -31725,-31515,-31869,-31840,-31819,-32129,-31083,-31529,-30530,-30525,-31903,-31966,-32089,-31320,-31064,-28915,
  -26665,-29026,-29056,-29794,-30302,-29645,-28119,-25559,-17462,-13459,-14000,-16966,-23754,-25347,-22030,-19307,
  -13633,-6128,-9157,-11525,-12685,-19743,-23104,-21413,-22429,-19508,-11411,-12028,-14319,-18378,-22587,-23832,
  -19192,-17188,-11259,-10349,-13633,-9582,-11989,-2156,4351,10805,13076,11706,16211,13417,19643,23711,
  28921,31091,31716,31898,31755,31597,31171,31360,31928,32285,32383,32406,32402,32367,32274,32077,
  32010,32232,32365,32403,32412,32391,32270,31763,30995,30509,31305,31881,31966,31571,30446,27154,
  17415,10760,9046,10864,14307,9879,375,-7526,-18718,-23393,-25447,-26277,-22378,-28249,-29696,-30394,
  -31154,-31041,-31207,-30972,-31110,-31243,-31536,-31795,-31988,-31656,-31906,-31812,-30871,-31195,-30827,-31330,
  -31641,-31913,-31942,-31019,-30887,-29308,-26156,-28837,-28539,-28542,-29830,-28574,-28535,-24466,-20636,-18088,
  -11744,-17902,-21308,-22355,-21217,-20035,-16223,-8671,-13268,-14689,-14108,-18053,-19448,-16872,-18526,-17053,
  -13800,-14052,-18711,-19792,-21185,-20711,-14258,-13306,-5195,-9372,-15371,-15282,-18232,-9777,-1974,8046,
  13693,17636,15661,10009,9333,15103,23280,28737,31588,31747,31785,31454,30583,30929,31432,32155,
  32312,32367,32388,32369,32300,32213,32191,32147,32261,32356,32384,32401,32374,32208,31724,31104,
  30772,31292,31831,31915,31826,30194,25817,14105,11115,12634,12218,19584,11887,1663,-13049,-25035,
  -23858,-23686,-17825,-19851,-25733,-28623,-31741,-31733,-31781,-31310,-26934,-28686,-30324,-31207,-31885,-32227,
  -32042,-31518,-30177,-26782,-30343,-30473,-31761,-31893,-31930,-31861,-29255,-28961,-25466,-28238,-29701,-29686,
  -31613,-30675,-28650,-22250,-17227,-16363,-19105,-24807,-27324,-28201,-25807,-19655,-7396,-5144,-3805,-10779,
  -21264,-26855,-27676,-20929,-13311,-1286,-23,-7744,-17547,-25540,-26441,-25209,-17549,-9800,-4183,-4675,
  -7866,-12806,-19433,-21253,-18241,-8144,1431,10304,14493,11780,8781,5601,6008,13166,21597,26792,
  29924,30758,31417,31317,30815,30855,31039,31647,32121,32273,32340,32354,32335,32266,32216,32223,
  32199,32256,32300,32351,32378,32335,32287,31952,31471,31142,30989,31624,31829,31939,30947,28740,
  24774,11541,11074,8323,15344,17788,13953,8325,-8037,-18959,-25839,-27908,-26451,-21197,-21332,-24623,
  -27199,-30881,-31637,-31986,-31964,-31680,-30996,-30196,-30388,-30830,-31688,-32104,-32222,-32159,-31878,-30553,
  -29824,-28411,-29712,-31305,-31774,-31976,-31342,-30607,-26219,-22321,-24165,-27133,-29718,-30237,-30734,-25471,
  -21070,-16996,-9966,-18720,-20975,-26356,-25084,-24476,-23191,-11252,-11260,-8423,-9861,-15339,-19699,-21069,
  -19466,-15306,-10153,-7207,-10664,-14292,-15987,-18119,-22127,-18726,-14724,-11566,-5720,-10452,-3870,-14554,
  -12843,-3703,-2915,17880,18633,19739,15200,16882,23018,24895,30623,31378,31602,31792,31756,31716,
  31930,32051,32237,32358,32383,32395,32377,32297,32267,32305,32329,32386,32403,32377,32347,32268,
  31964,31734,31748,31465,31777,31879,31524,30264,25804,13498,5847,6067,7305,15186,9440,3533,
  -10025,-24079,-27099,-29191,-27855,-28611,-26816,-27074,-29034,-30318,-31567,-31765,-31901,-31716,-31530,-31085,
  -30874,-31257,-31587,-31742,-31632,-31457,-31034,-30630,-30205,-30183,-30759,-31050,-30618,-29911,-28638,-26793,
  -26017,-27682,-28990,-29673,-29745,-27546,-23007,-19505,-20631,-20705,-24008,-27017,-27377,-26814,-23127,-16577,
  -15874,-16263,-18085,-22825,-22898,-25638,-20661,-13824,-18775,-15432,-18431,-17343,-17765,-17489,-17736,-18323,
  -18569,-16557,-17123,-10658,-8,-5111,1560,3043,1692,6217,7817,15701,16221,24882,29152,28910,
  30810,30933,29977,31094,31303,31840,32123,32198,32324,32301,32345,32366,32331,32318,32310,32331,
  32310,32367,32388,32360,32354,32322,32164,31970,31663,30929,30895,31334,31433,30930,29935,23194,
  13538,1450,-3727,3547,1515,5853,714,-9426,-19755,-27664,-30037,-30648,-29240,-27898,-26766,-27760,
  -29288,-31475,-31914,-31974,-32037,-31487,-31068,-30214,-30215,-30731,-31092,-31803,-31881,-31630,-30810,-29415,
  -26248,-25711,-28901,-30382,-31209,-31026,-28517,-24321,-21133,-21757,-25148,-29177,-29787,-29523,-25404,-17810,
  -13101,-14493,-24228,-26492,-29890,-29153,-23528,-16792,-4502,-9827,-16572,-22642,-26853,-24252,-24745,-14548,
  -9340,-10447,-5030,-18305,-17058,-14735,-21368,-20665,-14285,-11087,-11657,-2827,-6122,2869,-332,-5052,
  1015,1359,17170,15746,23981,26926,25947,28484,25576,30351,30974,31071,31758,31888,32089,32019,
  32136,32189,32291,32328,32351,32330,32326,32302,32253,32317,32341,32361,32308,32275,32195,31959,
  31898,31487,31344,30912,30796,30368,29482,27455,20928,10725,1147,448,2221,4149,2087,-3777,
  -12815,-24041,-28090,-29797,-29914,-28680,-27047,-26110,-26424,-29609,-31307,-32017,-32150,-31892,-31456,-30219,
  -28983,-29881,-30752,-31611,-31989,-31985,-31636,-30647,-29071,-25526,-25053,-28144,-30280,-31579,-31389,-30586,
  -27236,-19703,-18220,-16979,-25605,-29209,-30333,-29361,-25874,-24130,-11720,-12535,-15754,-20902,-27959,-27056,
  -28007,-24200,-17314,-9994,-5041,-10442,-21167,-24159,-24136,-25458,-19677,-13465,-6234,-2696,-6521,-6757,
  -16557,-18694,-21971,-20836,-9027,4819,8491,13972,3659,4331,-1637,-4991,15477,10691,27785,28228,
  28840,30361,27326,29253,24994,29987,30897,31934,32261,32210,32250,32088,32043,31933,32221,32241,
  32329,32379,32344,32383,32302,32238,32137,31989,32168,32147,32215,32086,31870,31244,29960,29274,
  27560,26654,24118,22098,17744,14053,5825,-2244,-4851,-13474,-13684,-17827,-20212,-22852,-27363,-28426,
  -29604,-30128,-30197,-30495,-30940,-31154,-30997,-31575,-31830,-31618,-31729,-31740,-31279,-31018,-31349,-31282,
  -31241,-31587,-31258,-30916,-30648,-29450,-28776,-27579,-27725,-29975,-29019,-30020,-29714,-27361,-21719,-20345,
  -21585,-18824,-28714,-26960,-27778,-27036,-18581,-15662,-7686,-19419,-16076,-23675,-25186,-22272,-21745,-8529,
  -10730,-7281,-11788,-15179,-17650,-18316,-20259,-10643,-9789,-4826,-1167,-11633,-1246,-14060,-10873,-10811,
  -7831,-213,-3953,6497,3433,10796,1011,3248,12105,10228,19780,24309,26409,25154,28304,25063,
  28313,30257,30438,31023,31457,31884,31534,31897,31877,32081,32127,32141,32275,32181,32298,32219,
  32225,32278,32273,32272,32179,32219,31948,31939,31971,31626,31681,31133,30413,29281,28131,24068,
  22971,20024,13286,12806,5638,1058,-5440,-10921,-16083,-18988,-18985,-23238,-25045,-28330,-30089,-30591,
  -30805,-30776,-30258,-30332,-31281,-31632,-31967,-32030,-31901,-31708,-31208,-30957,-30875,-31465,-31786,-31906,
  -31808,-31041,-30190,-27278,-26960,-27808,-29764,-30645,-30058,-29146,-22979,-21734,-17186,-17733,-24251,-24416,
  -27206,-24466,-19966,-15749,-9436,-10710,-11679,-18613,-23107,-22704,-19462,-11539,-7470,119,-3464,-12356,
  -20053,-22680,-23187,-17341,-2869,99,3255,-2705,-16091,-21609,-23511,-17248,-8834,3919,9719,7775,
  2489,-12419,-14213,-17644,-9961,6308,15834,22392,21900,16900,4660,5595,3289,13653,25889,28578,
  31000,30822,30611,28326,24275,26030,28472,31790,32195,32335,32342,32071,31797,30972,31427,32261,
  32379,32402,32408,32379,32136,31818,31226,31780,32210,32205,32282,31962,31535,28694,22471,24302,
  22159,26881,22933,20828,17332,-1374,-9541,-17136,-15975,-17583,-17933,-20869,-24900,-28361,-30275,-31218,
  -31423,-31075,-31271,-31017,-31202,-31510,-32016,-32209,-32150,-32103,-31591,-31115,-30927,-31425,-31910,-32066,
  -32077,-31675,-30778,-29085,-28679,-28887,-29631,-30466,-30785,-30599,-28789,-26044,-21295,-18040,-20246,-23300,
  -26195,-27585,-25666,-21619,-15692,-11038,-12813,-11498,-15293,-19322,-19870,-21353,-19260,-14178,-11343,-8804,
  -8126,-9130,-14658,-15683,-12763,-11537,-6966,-7847,-6129,-2832,-2306,3258,102,2764,1228,-1115,
  1421,6368,18003,16636,21384,22876,18946,22242,17843,24261,27020,28897,30459,30771,31251,31307,
  30751,30778,31727,31912,32116,32214,32188,32225,32118,32254,32285,32337,32350,32273,32205,32222,
  32077,32112,31972,31931,32120,31150,31883,29764,28105,27218,17164,25312,19905,25153,15761,7328,
  -2280,-17982,-16957,-24179,-21689,-21836,-20406,-24801,-26857,-30138,-31849,-31901,-32185,-31799,-31186,-30869,
  -30366,-31705,-31978,-32250,-32283,-32244,-32079,-31489,-30936,-29947,-30488,-31284,-31877,-32045,-31936,-31252,
  -28811,-26566,-21664,-25051,-27632,-29454,-30338,-29022,-27390,-21505,-13365,-10368,-10936,-16660,-23040,-26333,
  -23358,-18247,-14336,-4030,-554,-7134,-11742,-15417,-20797,-21157,-13653,-9408,-2795,1902,-2627,-7152,
  -12305,-14363,-8042,-8748,1356,7308,4509,4349,4231,4622,-2363,9567,4834,9999,19800,15508,
  22872,19792,23913,16898,19195,24051,23888,29634,29290,31201,30828,30363,29982,29864,30899,31745,
  31940,32184,32241,32056,32186,31504,32079,32144,32218,32344,32302,32346,32055,31955,31478,31743,
  31729,31265,31963,31348,30730,29099,26898,18436,19792,15162,12456,19210,12583,4519,-8756,-12671,
  -23758,-25595,-25479,-25148,-23298,-27911,-28161,-31210,-31667,-31967,-32157,-31923,-31729,-31228,-31624,-31633,
  -32077,-32274,-32203,-32232,-31982,-31568,-31164,-30941,-30915,-31536,-31800,-31601,-31688,-30644,-28922,-26472,
  -24687,-25651,-27462,-29163,-27964,-26624,-21473,-14277,-12076,-10545,-13473,-17667,-18895,-15292,-14317,-9410,
  -5185,-3906,-2032,-5618,-8461,-11337,-11539,-9841,-7944,-3754,-4112,-188,-5253,-6378,-7835,-9829,
  -8598,-9293,-1183,145,8757,5632,200,1274,-7416,101,3346,11483,20006,18691,18007,12842,
  11613,13263,14298,21980,25505,28491,27919,27943,28442,27400,27725,29826,30726,30975,31792,31608,
  31519,31821,31445,31762,31935,32086,32097,32069,32105,32024,32234,31990,32132,32132,31505,31819,
  31313,31125,31232,31306,29854,29874,29516,22479,22938,12139,5670,4593,8728,12406,6384,620,
  -18140,-24495,-29007,-29297,-27195,-26103,-25262,-29088,-29983,-31430,-31879,-32186,-32190,-32056,-31789,-31079,
  -31446,-31581,-32061,-32269,-32284,-32171,-31842,-31435,-30995,-31010,-30621,-30920,-31179,-31208,-31104,-30623,
  -29407,-25391,-21519,-20707,-23808,-25240,-25470,-24391,-17996,-16545,-13023,-10132,-9896,-9463,-7866,-7304,
  -9317,-8528,-8107,-5489,-2391,-836,78,290,-1362,-2399,-3508,-6999,-8194,-7285,-2968,16,
  4730,1739,-2532,-6827,-10317,-7883,-4619,3803,5868,7887,5499,1226,3036,1637,6992,12198,
  16573,19311,17703,17109,15395,20656,20955,23507,27192,25897,28465,28227,28241,28814,30111,30602,
  30292,31287,31202,31291,31554,31560,31674,31830,31847,31784,31866,31826,31935,31855,31900,31861,
  31600,31498,31419,31614,31260,31125,30755,28788,26937,24988,24440,23872,22992,19643,13440,8559,
  -1563,-9139,-10969,-13664,-12551,-13046,-15955,-19969,-26751,-29894,-30982,-31112,-30781,-30157,-29855,-30768,
  -31403,-31918,-32117,-32191,-32210,-32073,-31890,-31540,-31469,-31633,-31958,-32177,-32146,-32035,-31482,-30260,
  -29405,-29188,-30059,-30690,-30660,-30180,-28963,-25671,-23634,-19014,-17139,-19613,-21440,-21640,-19805,-17795,
  -10076,-5306,-2530,-2105,-3935,-4328,-4341,-2627,-1301,2313,3989,6987,7731,4322,3071,748,
  1166,4028,5805,8302,6672,4024,182,-1449,-449,2072,4759,5027,6018,4439,717,-680,
  -442,1537,5940,10695,12483,11551,8746,6300,6373,9030,14382,19578,20827,20853,20748,19540,
  21224,23476,25390,26344,29110,28884,28115,29187,28508,30047,30002,31091,31365,31062,31370,30970,
  31262,30959,31687,31650,31608,31765,31392,31469,31316,30784,30310,30965,30417,31025,30454,30538,
  29755,25756,25495,20461,22885,18621,20326,19979,14774,8938,-4897,-4405,-15114,-17562,-17689,-17766,
  -21293,-22756,-26296,-30045,-29829,-31376,-31647,-31705,-31345,-31598,-31764,-31729,-32079,-32152,-32316,-32290,
  -32308,-32256,-32111,-32181,-32000,-32131,-32190,-32280,-32250,-32167,-32077,-31127,-30821,-30156,-29812,-30574,
  -30497,-30172,-29233,-27071,-19245,-16540,-9926,-8007,-11668,-12400,-13918,-10154,-4643,6437,12201,14468,
  14880,8485,7184,6850,9691,15557,21447,21260,20608,19422,15351,15056,13915,15538,18772,20197,
  21130,18406,17282,13000,14290,13124,15056,19555,18128,19514,16088,18510,16338,18216,18924,17511,
  25514,24442,27886,27954,26098,26429,22512,24583,27582,29988,31223,31077,31065,29942,28374,26825,
  28000,30704,31328,31804,31935,31581,29914,29055,26608,26826,30619,31040,31690,31725,30613,27437,
  19474,18445,17977,26272,26745,28460,28950,16784,13595,-787,-10082,-7801,-6035,-5210,-878,1554,
  -17971,-22043,-29294,-31158,-30610,-30035,-28642,-30079,-30443,-31693,-31928,-32074,-32186,-32072,-32204,-32182,
  -32260,-32170,-32185,-32234,-32277,-32288,-32216,-32224,-32110,-32181,-32081,-31972,-31875,-31231,-30556,-30233,
  -30752,-30658,-30185,-27758,-24568,-21229,-15857,-13297,-10523,-8429,-4415,-4014,-4360,-1655,5197,14056,
  17768,21243,16786,13341,13970,13876,18043,22166,24448,23969,24129,22843,21147,20016,18504,19136,
  20815,22119,22817,22684,19587,17977,17204,17880,17095,17225,14614,12434,14851,15396,19287,19449,
  20338,17172,14691,15239,15444,21927,23555,25910,27059,26082,25856,24296,25722,27139,29303,29649,
  29476,30455,29165,30018,30008,29657,30414,30607,30677,29893,30852,30657,30408,30786,30157,29639,
  28959,27851,26757,27761,27920,28270,27040,24321,20170,11019,8547,7582,10107,8342,7287,4833,
  -6423,-13223,-19116,-23089,-24994,-25970,-26204,-26971,-27309,-29651,-31048,-31481,-31916,-32013,-31990,-31971,
  -31852,-31955,-32029,-32086,-32167,-32231,-32282,-32288,-32284,-32183,-32004,-31872,-31810,-31993,-32023,-32077,
  -32008,-31794,-31381,-30413,-29359,-26657,-25680,-25869,-26210,-27399,-25382,-20175,-9515,1441,7342,6494,
  4061,-1441,-1318,3260,7371,16994,23640,26223,25037,23434,18934,13856,14838,18462,24398,27294,
  28221,27221,25248,21694,18566,17816,17198,21078,24239,25511,26012,22865,18119,11769,8058,9429,
  14097,19622,21237,20715,16733,12018,7777,6063,9053,14722,20271,23428,23153,20554,16265,13052,
  15646,20934,25255,28311,28910,28094,26173,24660,25372,26229,27987,29327,30201,30708,29880,28248,
  27543,27784,28555,28638,30295,30677,28805,28089,27890,25984,24498,27420,25080,23935,24903,20007,
  21127,19611,12688,7958,10525,7777,-76,402,-5838,-13849,-13599,-15773,-14430,-15509,-22811,-25731,
  -28822,-30079,-30453,-30033,-30484,-30972,-30817,-31586,-31649,-31854,-32120,-32167,-32166,-32018,-31854,-31816,
  -31898,-32033,-32211,-32249,-32190,-32046,-31925,-31761,-31552,-31507,-31090,-31487,-31639,-31495,-31290,-30015,
  -27321,-24394,-21780,-21940,-22182,-20781,-19316,-11310,-7784,-2931,1276,4772,10065,11261,14869,14543,
  16628,17378,20091,23468,24214,25193,26109,27130,27877,27901,25405,24856,25976,26265,27621,28697,
  28885,28212,26383,24659,23914,24002,24401,23718,23235,22153,21191,18725,19165,18779,15430,13361,
  9725,6308,4414,8189,14559,15282,17439,17159,10222,5759,2489,4264,9463,17236,24885,25897,
  24221,20267,15431,11922,11069,18270,26460,29416,30230,29423,27750,24499,19765,18729,22134,28011,
  30287,31032,30954,29580,27189,20784,18792,21951,26385,29333,28929,29179,26220,19727,13841,6424,
  7250,7004,12281,12134,10888,7399,-3976,-11111,-19826,-18970,-18294,-16076,-20205,-23344,-22091,-29106,
  -29421,-30559,-30077,-29971,-31129,-31102,-31652,-31454,-31969,-32042,-31987,-31944,-31775,-32050,-32082,-32146,
  -32164,-32247,-32161,-31814,-31615,-31349,-31605,-31729,-31812,-31887,-31839,-31417,-29715,-28871,-27042,-25766,
  -27000,-26714,-26470,-24405,-21144,-14377,-6129,55,124,1936,3775,3344,6682,10190,14540,19150,
  23451,25988,26580,26558,25318,24730,24770,25345,28071,29642,30052,29978,28869,27682,26709,25785,
  26125,27106,27702,27814,27870,27137,23584,20195,18322,18593,18229,20561,23986,23950,17975,8866,
  9964,9659,7652,10743,13045,15964,13183,10349,7092,4212,5656,6578,13765,14128,16036,16277,
  14233,11255,7403,13200,13022,18810,23307,21556,22010,22185,21638,19834,19318,20051,22890,26401,
  27449,26993,27524,27605,25514,22911,20891,23790,26144,27100,28709,28353,26847,22949,16675,13068,
  12354,14835,15276,17492,18733,13147,5861,-3438,-10923,-14999,-16016,-11336,-9540,-11399,-16231,-20891,
  -26189,-29664,-30389,-30899,-30967,-30868,-30709,-30472,-31042,-31570,-32069,-32214,-32237,-32224,-32116,-32062,
  -31925,-31883,-31934,-31926,-32092,-32183,-32214,-32171,-31968,-31355,-30454,-29260,-29827,-30713,-30926,-31217,
  -30921,-29589,-24775,-18358,-10946,-7389,-10657,-14885,-19097,-17555,-10361,2100,13231,20986,23282,22073,
  20447,15834,14133,16872,21409,27469,29970,30936,30912,29889,27411,23871,23712,26170,29351,30829,
  31387,31394,30684,28792,25577,23187,24701,27748,29939,30760,30307,28576,25121,19484,17669,20214,
  24101,26081,25739,24829,21547,16911,11650,7580,11583,16531,17766,16994,15049,14750,7731,6170,
  14494,15475,15065,18047,18669,11780,15995,16479,14788,20582,18602,19608,23613,24370,19915,19407,
  22227,19168,22133,25259,23485,23035,18999,16332,19226,18023,19298,18336,15197,8408,7122,5849,
  151,2279,-3071,-5107,-3860,-6916,-10868,-18234,-22722,-24606,-25471,-25917,-25183,-26918,-29461,-30919,
  -31351,-31589,-31710,-31695,-31915,-31737,-31751,-31937,-32050,-32231,-32299,-32289,-32233,-32052,-31831,-31773,
  -31810,-32107,-32122,-32121,-32001,-31708,-31321,-30314,-29789,-28782,-29005,-28854,-29036,-28729,-25877,-20648,
  -13649,-8318,-5812,-4329,743,902,652,5211,10056,16191,22430,26471,28426,28413,27083,25206,
  24539,26695,29016,30640,31294,31547,31049,30003,29045,27982,28690,30122,31129,31245,30861,30666,
  29285,27454,27914,28206,29247,29674,29733,28852,25678,24000,22989,22658,22730,23419,24419,21794,
  15893,11969,9836,11551,11921,13003,14890,14067,10868,3597,206,-634,1812,7963,11457,17179,
  15224,9542,2883,-1868,3375,4701,13037,19052,20027,20685,15035,11875,5336,6799,9478,14237,
  22714,24801,26440,21316,15291,7848,10395,12871,11048,23058,21344,21785,12277,4313,3417,-3240,
  -1377,-6139,2175,2098,-2175,-8997,-18691,-19971,-24359,-25725,-26338,-23600,-25473,-28545,-29495,-30637,
  -30850,-31337,-31598,-31630,-31601,-31788,-32077,-32028,-32115,-32155,-32090,-32116,-32089,-32091,-32042,-32029,
  -32025,-31989,-31752,-31726,-31682,-31383,-31077,-30371,-29311,-27928,-27303,-26857,-25553,-23546,-19172,-13947,
  -7594,-1219,-729,-360,1869,4616,10663,14954,19268,23052,24792,25438,26425,26937,26981,27310,
  29084,29949,30051,30242,30680,30597,29332,28775,30556,31134,29918,29119,29904,29721,29547,28920,
  29190,28520,26870,27500,26667,26024,25576,26566,26564,26343,23223,22074,23742,16825,15327,12620,
  10432,19297,21296,15811,8890,9064,8393,2967,966,-7196,3006,15918,10683,8999,3477,1301,
  -3077,-7965,-9490,926,13316,13933,10269,9560,10462,2803,-3382,-5758,3611,19129,16006,15075,
  19905,14864,6139,8451,6756,7185,16642,23096,25337,6937,9746,24015,15341,3273,-262,15709,
  17992,18899,747,-6192,15743,5530,-7787,-6136,-70,-11132,-11676,-7244,-11972,-17973,-18203,-13464,
  -24810,-28830,-28125,-25247,-29478,-30149,-29417,-30446,-29831,-30967,-31598,-31495,-31727,-32087,-31857,-31186,
  -31794,-31876,-31467,-31625,-31799,-31907,-31601,-31519,-31827,-31633,-28887,-28540,-31032,-29727,-28846,-27551,
  -27699,-28255,-22888,-15800,-15227,-16081,-7706,-8734,-11431,544,7221,5454,8541,20269,18590,14277,
  23822,23888,19937,24057,29262,28945,27713,29339,29275,28144,27896,28768,28991,29729,29097,28541,
  30625,30256,27380,26986,27095,26313,27068,29164,28590,26992,23562,28285,28630,14334,16131,28915,
  28160,18723,22485,11679,12730,28636,24338,-11308,-8241,31334,29379,-158,-7848,4068,24610,1577,
  -9758,4788,23070,11190,-3243,22419,894,-15714,2253,9157,-4133,4083,628,-1100,21167,-6690,
  -16014,-5292,4236,12832,-10360,-11846,13342,7493,-3297,-8879,10513,12824,-16239,-102,18494,24274,
  -8524,-13189,29108,12559,-27282,9243,32022,-1568,-20957,30184,26442,-8617,-15896,6352,24401,18229,
  -576,-4370,18627,19127,7827,-12600,-25544,-54,21067,-4868,-25058,-6546,13847,-4219,-25901,-28483,
  -24667,-12053,-18322,-29446,-28971,-22144,-24031,-28196,-31202,-31349,-28124,-30929,-31512,-29191,-31571,-32024,
  -30308,-30188,-31989,-31963,-30499,-29958,-31792,-32154,-31688,-30558,-30662,-30971,-30147,-29740,-30438,-28872,
  -29297,-30648,-28953,-17747,-13834,-24214,-21869,-6241,-8616,-15328,-14299,-848,19504,11487,2430,17242,
  24508,16123,12262,24828,27218,27739,30072,28735,28010,30381,29298,27587,30338,31285,31246,31060,
  31317,31156,24901,29827,32046,28818,28063,31615,31793,27490,22089,29619,27192,21015,24450,29835,
  29097,22955,22555,22869,9607,-1106,21334,17978,14486,23638,16386,5893,4180,7056,-10986,-342,
  18636,3853,1758,14221,16673,-7300,-19699,2677,12924,-6294,-3157,19863,19940,3422,-7535,4374,
  16142,3461,-3663,8146,22205,11458,-3239,12965,20005,6321,-4244,12601,21711,-1278,-1786,26896,
  17089,-13287,7409,21109,369,-11249,9785,19621,-1742,-7195,11017,5680,-17143,-12705,10533,1517,
  -19312,-13514,-3201,-7233,-22310,-26499,-13082,-8119,-24127,-26128,-25385,-26426,-23491,-26465,-31009,-29298,
  -21717,-29104,-30933,-29414,-30909,-31504,-30195,-30294,-31196,-31032,-30627,-30074,-31906,-32169,-30426,-30011,
  -31870,-31734,-28918,-30123,-31182,-28661,-29130,-31083,-28651,-21113,-27246,-26065,-11496,-12797,-22629,-19540,
  2136,2281,-11944,6256,15311,11762,9514,9223,23284,25847,20631,20997,30308,30988,22782,15695,
  29581,31689,28995,26707,31344,32037,31282,28426,26187,28829,31061,29932,29576,30267,31037,31241,
  27200,17181,20002,26771,25353,28437,25350,15524,24415,23492,18234,-4469,834,21178,21882,758,
  -8047,24160,14616,-20866,-10925,17140,590,-14282,1898,8221,1369,-3874,1708,-486,4149,-614,
  -5721,-539,10950,15296,-1098,3174,15616,10730,6620,6186,8404,11507,12283,12936,13430,15517,
  16708,21134,17387,4444,8016,27146,18847,-10415,16870,29364,20589,3658,10907,14771,9697,13285,
  1478,-3164,10735,17876,12398,-10178,-16123,5806,8067,-21924,-22956,2623,-4558,-18404,-16041,-20479,
  -22250,-15564,-27399,-29637,-17045,-22525,-28234,-25832,-29469,-30718,-26850,-28843,-31986,-31203,-27300,-30064,
  -30669,-31704,-31910,-30903,-31534,-32122,-31572,-31478,-30454,-29117,-31594,-31640,-31782,-30804,-27344,-29339,
  -32025,-31259,-6631,-19435,-29911,-29380,-15388,-13919,-23226,-8016,-6570,-1520,-16394,-3156,18354,-372,
  7876,23923,22820,12093,30182,24348,425,30622,31984,25754,14384,31787,32211,28232,28139,31666,
  30951,27673,30759,32204,26650,18691,32167,32162,27148,13267,31025,31100,22776,21484,26496,30988,
  17125,14676,28252,26582,6228,2260,29300,23045,654,-2010,6407,25764,3208,-5168,11880,7427,
  10979,5770,-6947,-8065,-10621,12184,17161,-23674,-9815,27210,16343,-7773,-19618,-8908,25094,15029,
  -24451,-13613,30611,27589,-24532,-7351,26090,20955,-6657,-18924,23172,28051,-12732,-10485,30485,25346,
  -29574,-5051,31635,4213,-27178,8031,24052,-2561,-18217,18496,16027,-27366,13808,26574,-28539,-25081,
  22414,4438,-25300,-20690,12758,6677,-24442,-20676,-4947,-8193,-27489,-13721,-494,-29323,-15063,9966,
  -28476,-25915,-7077,-25106,-6859,-21181,-31503,-392,18755,-30667,-31821,-10367,10203,-26036,-30871,-16236,
  -27483,-25128,445,-26332,-32267,-17041,16107,-31808,-31662,-10394,-29643,-27239,-14425,-31100,-29945,-26725,
  -1574,-22089,-32229,-14650,-19905,-29834,-1102,-25389,-31895,8141,15212,-30907,-28905,26001,-2370,-32109,
  6773,31701,-10530,-31983,27153,32244,-29997,-4938,31491,-10528,17871,32271,15177,-19318,28386,32339,
  15674,-18974,31486,32358,21042,6179,32272,25194,13192,31789,26422,26683,-2093,32099,32373,-2529,
  6329,31359,30598,-31,21382,25846,23208,26285,27184,-12634,19566,32233,-19111,-9069,23489,22110,
  345,16955,20993,-23446,7990,21684,16392,-20044,1417,23564,3193,-23752,-2455,30176,-26945,-22687,
  31482,-6738,-30169,16366,22833,-14304,-20448,3174,21732,-15565,-16281,28871,-24785,-29258,31419,12540,
  -31002,-12506,30337,-6825,-27144,8305,2593,-7896,-12756,10611,11423,-24234,-5397,11458,-10366,5385,
  -8499,-24203,17074,29570,-30612,-30964,31847,19778,-31316,-11180,26370,63,-15027,10202,-6311,-25293,
  24995,27504,-32343,-4180,32421,-26511,-32268,24949,31004,-21439,-30559,7602,22445,-1989,-9669,-2249,
  -8068,-22009,17821,20691,-32218,-17975,31307,-18490,-28338,-18177,-9847,4429,-28573,-26598,-4019,-23391,
  -4095,-19126,-32050,-20003,25144,-31829,-32420,28943,28067,-32431,-32259,22831,13537,-31937,-32426,8467,
  29050,-32302,-32395,10431,28037,-32333,-32066,25548,-11482,-32100,-6165,7027,-26989,-27062,3211,11825,
  -23685,-7360,18225,16723,-29771,-3791,31670,15625,-24711,-21606,32434,26362,-32128,28227,32354,25786,
  -23244,28572,31607,31267,26540,16558,25701,32097,31516,-6141,30668,32101,28455,19519,31770,30949,
  -6102,30472,32296,11590,-12413,31584,31902,-545,17756,21918,103,29257,23864,-8423,-16709,29389,
  32249,-26327,-32067,30166,32281,-31154,-31793,32075,25173,-31886,13767,26068,-24214,-5674,21717,-23690,
  -26626,30826,11064,-31439,-18940,31672,-1320,-28580,11217,19893,4503,-26444,19182,1614,-15312,14236,
  17973,2962,-9069,12074,8500,2521,-14669,7089,9494,-1285,-3463,6650,9370,-6944,-692,-11941,
  13774,1008,-19611,-14060,-1606,25557,-8470,-26663,-14662,9694,12245,-22913,-28174,-3491,23716,-25452,
  -29781,4546,-24656,-18392,6873,-24987,-29318,-6983,-15711,-25987,-29969,-30591,2482,-24067,-31125,-20257,
  -12454,-17697,-32098,-30919,-10920,-24517,-32083,-29098,2619,-26395,-30661,-28708,-27266,-27212,-27982,-31721,
  -24485,-1835,-31899,-28868,9275,-21444,-31839,-29854,2532,-5548,-31316,-26865,26392,-20884,-30392,25549,
  3510,-29521,6144,31938,-25169,-30590,32255,28960,-27557,9489,32320,14850,2733,31412,29559,15181,
  19826,32317,27078,2755,32189,32348,21618,17698,32250,31661,30823,28547,23434,32330,31847,19761,
  31796,26936,21996,32245,28585,-2617,30958,30515,11908,24651,13314,24783,27207,-15761,2547,31182,
  1727,-26039,13649,24271,9698,-25059,-15264,24402,12074,-24480,-19871,6479,75,-5436,-9852,-254,
  -5429,-27808,20598,28136,-32092,-23912,31568,-19261,-22399,26218,-16401,-25119,19715,29110,-28877,-30490,
  31518,17995,-23206,-8914,9069,13868,-28180,23460,12182,-30907,22904,18806,-999,-24179,-28911,24195,
  26411,-31503,-29877,30144,4668,-17867,-24334,-11090,9190,-24694,-28033,974,7647,-21147,-21036,-5569,
  5094,-30955,1053,21172,-32151,-19866,21842,-1644,-31019,-8948,-5066,-5508,-3014,-32016,-2318,31837,
  -22261,-32436,19351,32338,-31336,-32423,26165,32366,-32412,-31695,29894,1642,-31520,-27990,27910,-29931,
  -30013,30185,-16057,-32426,2709,31936,-30900,-32402,7794,30433,-31407,-28136,-26930,-16388,16184,-23654,
  -25948,-31932,25202,31439,-32415,-31866,32082,10374,-31718,-22389,22940,6611,-19071,4257,-9027,6571,
  20002,-2528,-7207,10409,26214,27118,-24102,2725,32340,4416,-9116,29988,28875,21772,15835,27500,
  28062,22063,30603,18885,24060,32277,15385,3622,32048,31652,2380,8549,31884,32151,-1264,2608,
  30511,31954,20526,-24008,30669,26785,26453,24826,-21278,6170,31510,29060,-30856,-5421,31760,29936,
  -28963,-27357,30139,21335,-26763,-8515,31017,-30489,-13407,32103,-31204,-31650,32384,-3372,-32416,27737,
  27732,-8934,-31117,-26773,32359,-11590,-32423,27013,32289,-22435,-32396,-1392,32276,11885,-31986,-32399,
  32421,32300,-32421,-32398,32323,32373,-32424,-30177,19961,28166,-1442,-29982,-15240,11207,-23849,22826,
  5439,-32422,31277,31401,-32396,-32135,32414,24232,-32438,387,32437,-32405,-32375,32427,-17060,-32437,
  24814,32438,-32438,-32374,32438,-1014,-32398,-25463,30037,12551,-22508,-30237,5179,27112,-23072,-25942,
  23784,-18919,-26006,31474,-27134,-31126,30073,18811,-29779,-30098,29181,29426,-32094,-18984,25043,12590,
  -22491,-25441,7719,-20416,27307,21097,-32437,23153,32402,-32112,-30892,669,-289,26990,8448,-32438,
  -16580,32439,-32286,-32437,31235,29222,-13289,-32030,-5789,15210,-2532,-6846,-27054,5913,-10851,28317,
  -26598,-29765,31091,26037,-32229,-27209,32438,-28899,-32431,32435,31347,-32433,26896,32402,-30526,-30257,
  32344,31170,-32377,29343,32416,-31407,3804,28624,27683,28730,-31879,25217,32425,-22058,-19084,30787,
  29381,-8220,28242,24187,-24762,30748,31193,-28769,28890,31705,-31760,31667,31816,-29842,-28917,32433,
  31097,-32439,32405,32257,-30942,-7952,28596,11949,-3277,27752,-30978,361,32271,15555,-32432,32172,
  32259,-32319,-61,17360,31768,-32320,-17640,32337,-24962,-26047,20723,26481,-24536,-30818,31879,26713,
  -32423,-8971,32390,5264,-32432,-5049,32436,-28787,-32420,26783,32155,-31409,-32025,32115,4732,-31795,
  -21550,29177,9689,-29361,-15850,-22803,30470,-8846,-32307,-15095,32330,-12601,-32435,23348,31692,-28240,
  -32302,29941,14312,-32381,25053,15387,-29318,-26809,7154,21084,-32175,2640,32067,-32382,-31352,32435,
  -15469,-32437,8153,32430,-3878,-32438,15542,32430,-10807,-32425,23007,32211,-32293,28314,136,-15303,
  7555,10088,31930,-32389,15040,32290,-19004,-32061,26857,32403,-31974,-31530,32303,31813,-32418,-2429,
  32233,-6356,-30216,-18812,30104,-20040,25179,-29552,-28898,30403,14265,-21927,-32316,27879,26034,-30553,
  -24917,-11523,1035,20593,-30932,-23448,30723,-32134,-8541,30528,-31685,-31805,30947,30878,-32234,-31350,
  28922,31123,-30050,-31398,17016,29872,-8143,-19637,-2980,3804,26263,-3082,-4667,-13345,26796,20576,
  849,7929,-10665,20672,8557,31447,-21524,-28640,31223,32262,-16639,-32405,32396,32424,-32374,-31607,
  32430,32273,-32300,-31462,32433,31918,-32417,18778,32404,-24821,-6112,22703,22621,16164,-19385,26030,
  28174,-8349,19861,16103,-23334,32267,26885,-32122,-9789,32437,19252,-32402,30634,28939,30224,-8573,
  5013,-18376,30851,32248,-32142,15328,19383,32001,1512,-32125,28692,31582,-13603,-1546,18162,-26094,
  -3734,31651,8391,-32433,29252,32410,-32321,-31981,31662,17747,-32366,10076,22243,-32284,2633,30821,
  -32418,-27898,32194,-29036,-32412,-20150,32436,-32422,-32438,32436,-21680,-32424,13183,24118,-32384,-27527,
  32387,-31781,-32435,32251,29080,-32435,-9563,31729,-18007,-30332,-27502,30680,21467,-32367,-15416,32260,
  -3855,-32339,30280,3243,-21960,31123,-32158,2411,32334,-28649,-32064,32174,9391,-31951,24379,28698,
  -30390,-11040,32151,-28938,-4221,-30004,12711,32427,-32427,-32315,32412,32427,-32439,-32396,32439,24332,
  -32439,-23416,32439,-31873,-32430,31270,30886,-27782,-31453,25195,-13746,15999,15015,-32079,-9977,32049,
  -25088,-23440,-1982,853,31591,-30809,-20944,13616,11743,12971,6293,-23944,-18638,30209,31837,-32217,
  -31710,32412,31217,-31482,-32251,32412,31569,-32317,15166,18586,-12255,31934,2745,-32150,27706,32196,
  -8944,-32254,31797,29737,-27197,25596,-14854,-5871,32430,-32066,-31207,32437,-24527,-31266,32281,29647,
  -31842,22168,31299,-3474,5422,10667,11485,14590,27445,-13490,30060,3896,-11168,30370,29262,-11949,
  -31526,32429,27790,-30000,-19963,32182,31496,-32396,32384,31948,-32430,5243,32438,14954,-32439,30523,
  32439,-32322,-32438,32438,32308,-32431,2422,31746,-27482,-3289,29879,-20263,-28414,30739,-5644,-29758,
  16908,-17639,-11025,17877,-27922,-31282,32057,-6173,-32403,30339,5204,-32344,2985,31027,-32327,-32045,
  32266,219,-32433,4671,32145,-30924,-32205,-11181,30213,-20546,-32434,31537,29526,-32411,-31321,32139,
  29166,-32438,10695,31197,-16040,-31966,-25256,32315,-31849,-23006,18570,-8095,-28019,16596,7030,-30879,
  6904,29697,-27500,-32422,32439,-3720,-32439,30082,32409,2496,-32439,32239,32042,-31908,-3984,-5298,
  5408,13433,25046,-32277,17878,32312,-30455,-31801,31550,29589,-31232,-13909,16538,30990,-24008,-31647,
  31429,31129,-32185,-25446,32376,-14433,-32267,31403,31916,-32380,-20334,32403,-1010,-32384,28476,31839,
  -32215,21091,28538,-32302,31684,31761,-32392,-1008,32376,-11302,-32367,32202,10362,-19605,7066,256,
  22301,6059,12502,-29782,31763,-24753,5471,21475,-13679,23741,-30632,32377,-19929,-13837,8820,7907,
  31978,-32303,20930,28549,11268,-15193,-6411,27619,20219,-25626,1376,30030,490,-3020,-30694,32215,
  6675,-27630,12104,7874,31756,-31046,-11395,29714,21849,-32133,30693,28183,-31595,31983,-31759,32332,
  -21452,-32272,32417,-13604,8832,-31796,27879,31385,-17804,-28681,12133,31654,-32256,30785,8877,-728,
  -32066,32124,31251,-32420,28112,-15950,32408,-32289,-27346,31660,5883,-25997,18638,20194,-32403,32278,
  23975,8278,-32438,32366,32432,-32438,-11289,18528,32397,-32289,-18320,373,9994,32113,-32347,-30547,
  31671,32148,-32438,31337,26081,-32351,32244,-26286,-23615,-13003,32025,-31202,-30924,32018,-28140,-30195,
  13003,31153,-32338,28694,-25668,5738,13743,-31928,-7308,7754,28422,-32408,22323,31092,-29436,-31786,
  30062,26591,-32434,32182,-15454,-28085,20526,-24469,22404,-25490,24603,-31528,-16359,32227,-17902,-32375,
  -7562,32438,-32436,-10749,29477,10018,8196,-32286,31900,-3501,-18164,-28805,32309,-21935,-31315,32188,
  24359,-25597,-32298,32439,-31160,-32421,32425,31545,-32148,-30709,32437,-11755,-31695,28264,28177,-27012,
  -12138,31941,11677,-32112,-13873,32439,-32419,-32351,32437,29695,-32231,-31563,32437,-13141,-31537,-20678,
  32347,30461,-32048,-12332,22884,32365,-32400,16311,-19872,30185,31144,-32427,30893,1719,32094,-32417,
  19275,30754,-31710,31978,-28049,-31551,24709,32424,-32437,-27608,32419,-2016,-31613,-10685,32076,-32256,
  -1446,30522,-29438,-32314,32413,31291,-32435,-23160,32432,-3174,-32439,32404,29016,-32327,-5942,31506,
  25156,-32415,2369,32436,-31155,-32438,32437,28503,-30942,-27949,-1994,32342,-10049,-30718,2023,32407,
  -28091,-32236,32403,31960,-32439,27737,32439,-32405,-12234,6253,32383,-30965,19201,21659,-32426,32438,
  -10379,-21392,7003,9728,8654,10750,23057,-31665,30866,-26353,30724,12304,-32399,31753,31725,-19101,
  -32428,32395,29505,-32432,31796,16793,-31813,-10679,32403,-31742,-32384,32438,-14401,-32437,31572,31420,
  -32107,-24967,10467,30555,-32112,-9022,28049,-18657,16991,-32433,32219,19973,-31105,-27482,-9749,32297,
  -31972,-17160,-26000,31193,19523,-32186,-28503,30105,24224,-32314,12532,2802,-14649,-8350,28753,-23022,
  -32173,32290,-20637,-31201,24903,-11866,936,-12143,6294,6368,-28196,7456,22649,-21308,-19118,-18895,
  24991,26251,-31286,-21718,28442,27432,-32233,13039,19965,-1333,1983,-31706,32154,-13824,-26201,-1760,
  32236,-28749,-32406,32439,-31595,-32277,31029,32198,-31600,-32182,32436,-10293,-15389,-25868,31672,-24729,
  13986,30733,-32403,32047,4112,27906,-28252,-10291,27670,22903,8854,-32414,32252,30819,-15952,-32405,
  32412,30993,-32430,32019,13418,-13820,-4077,27579,-30785,26549,29408,-32380,31040,31444,-31987,-26162,
  32425,-3637,-32423,17710,32336,-5179,-32412,31989,16615,-19879,11569,-5580,988,-24399,32402,-32392,
  607,32175,-30325,17668,-27101,30145,-3376,-8895,-19612,32264,7948,-32438,32318,32378,-31103,-32434,
  32436,32245,-32432,-4374,32185,6067,-31606,32152,-31653,152,32416,-31400,-10241,24715,27115,-30223,
  22786,5467,3814,-6615,6634,30784,-31732,23514,19570,30674,-32423,25654,32432,-32432,-11333,32021,
  29860,-32426,29221,27723,-8537,5954,-23464,6887,-29769,32426,-32232,-31172,32250,-19811,31327,-32113,
  -25722,30306,28672,-32333,-30888,32292,27169,-32142,-31160,32414,-28260,-12758,-20898,-16301,19011,-15179,
  29539,-32436,31917,31810,-32354,-24391,31264,-23763,-6237,1697,-31743,32300,-32399,28461,21837,-31915,
  18029,-20770,32376,-32431,-32018,32438,-26017,-32431,28221,31881,-27362,-28796,-8561,30701,-20917,-25090,
  -14613,-7422,32384,-32158,-32376,32438,-17609,-32434,32343,23944,-32287,-13640,32303,-18267,-32410,32075,
  31213,-32270,-22969,32285,-18475,-30515,30948,-10236,-32072,32364,-4785,-32241,32010,30921,-32276,-20689,
  32427,-26997,-32276,28323,32321,-31333,-9238,23229,3419,14019,-863,-3061,-22088,31647,-18765,-649,
  3606,-623,11554,22821,-28308,7038,32139,-25756,-22509,3847,32029,-30375,-31666,32419,-14253,-24703,
  24960,22615,-1522,-28774,6604,31680,-29022,-31435,32245,30310,-32375,12211,32398,-30971,-25189,23127,
  4815,10339,-11059,719,-22510,32060,-21154,-29327,16078,32397,-31849,-32395,32438,-31991,14733,-31251,
  23813,32160,-32427,32421,-31980,13722,30047,-32327,21346,12230,30193,-32122,-21592,32433,-2477,-32439,
  31989,32438,-32438,-20319,25555,32302,-30946,-31438,31347,-25579,29991,-26433,-14226,26551,2302,-30256,
  27958,19143,-32166,-2472,32309,10731,-32426,31166,24360,-14856,25069,-32396,-10819,32438,-31406,-32436,
  32435,30438,-32323,-31397,32405,16523,-32413,31922,6817,-30359,31827,7889,-31938,19601,31002,-27250,
  -23081,8519,29205,-24022,4930,-19522,-3181,31635,-31422,28755,-31363,27264,21850,-32292,30780,-3687,
  4096,-30247,27667,25520,-25132,-30931,32384,-19329,-32436,32422,28409,-26464,-32434,32365,32433,-32438,
  -31472,32415,32306,-32438,-30662,32438,27583,-32438,-20010,32438,-11260,-32427,-10841,32438,1181,-32438,
  24385,32365,-23699,-32382,32135,6190,-31356,32418,-31270,-32339,32435,28696,-32434,-27153,32431,-18900,
  -32152,30531,-15627,-10669,32257,-24378,-30989,29432,20509,1671,-32352,15007,31986,-20178,5200,-31552,
  31894,31957,-32217,-26024,12004,32353,-31548,-32435,32436,32385,-32439,-1290,32430,16995,-32361,-32066,
  32439,-10129,-32438,32237,31398,-8409,-32368,32308,31834,-32438,32059,25522,-32357,-5636,32427,-32390,
  -32189,32439,5281,-32435,-2666,32439,-32360,-32421,31586,31823,-20859,-32423,32412,30169,-31097,-29448,
  25129,32316,-32438,6606,32388,-29930,-28528,25706,29141,-28026,-16954,29816,13145,-32420,-4973,32433,
  -25616,-32435,32191,32435,-32375,-29000,18436,29102,-8800,-31106,-20695,32375,11381,-32436,32407,31996,
  -32367,-30012,32291,16124,-32338,31807,-21709,-27972,31632,28870,-32017,-31744,32438,851,-32414,-27272,
  32429,6501,-32422,19485,23463,32087,-29132,-27759,12182,32412,-30868,-32439,32437,32393,-32438,-32003,
  32439,-307,-32399,25940,32194,-29480,-28513,32233,-31322,-10480,26287,27278,-30389,18500,32028,-29230,
  29366,-31592,32046,-26919,-32189,32331,24725,-11117,-32418,32439,10086,-32436,32047,14007,-28942,-20174,
  30494,-21806,10277,-15427,32316,-21798,-32379,31812,31926,-32093,-32413,32407,28802,-31804,-32052,32414,
  27526,-32422,32161,-28864,-24078,23645,-502,-31278,-24953,32392,6777,-32378,11415,32400,-32389,-7177,
  -5269,-10344,31882,-32427,31833,315,3646,10198,-32282,32227,-27809,-17580,20329,-27627,12749,11470,
  -14882,3302,-22451,26580,24066,-32415,23827,32239,-32092,-31412,31952,24867,-32103,13006,27705,3949,
  -29397,-28612,32249,6208,-32411,-5484,32439,-31881,-32437,32175,32410,-26532,-32439,32435,32376,-32435,
  -6745,32291,-8765,-31909,31407,6630,-32366,32351,31305,-32433,-6448,32429,14141,-32439,26081,32435,
  -6610,-32432,17418,32410,-16484,-25412,-32436,32439,-4093,-32437,32392,-15802,25980,-9666,-31183,23803,
  31542,-25889,-32296,32046,30422,-31543,-30419,32432,-31724,-32288,32439,-30794,-31963,10795,32061,-19681,
  -32402,32239,-379,4324,15996,-31905,9019,32400,-28344,-32432,32184,31505,-31944,-9629,31093,-3843,
  -19633,24119,-31816,32079,6829,-32042,25619,30204,-10723,-32432,32436,31793,-32439,32267,32408,-32210,
  -31789,32297,32173,-32438,-23359,32439,-16078,-32304,25279,32348,-30314,-30886,31344,-11686,-25523,22346,
  179,-1127,9902,1615,29370,-27791,-12346,20375,-20882,31507,-32273,-2631,32429,-32422,4287,31930,
  31695,-32297,-32406,32438,21242,-32439,4802,32438,-30953,-32307,31547,32348,-32413,13923,31721,-32436,
  31278,28334,14389,-32393,20806,32436,-32033,-30462,9237,28320,4252,-17194,-32377,32334,29832,-31027,
  20565,-31350,31904,-14825,-5735,-12530,-32120,32305,30986,-32433,-16308,32439,-27516,-32429,20061,32432,
  -32360,-32417,32439,-30981,-32080,30665,19760,9379,-23652,-1948,-21262,22049,11251,-30420,-6185,20428,
  26066,-28737,10051,-4091,21425,-5317,-29482,26762,-26894,14955,2172,6473,2375,-29150,32112,-8233,
  -28650,5606,21077,107,-31915,24671,31484,-17778,-32184,29472,32378,-32298,-28949,27932,31006,-20002,
  -32410,31922,32280,-28582,-32419,32332,32289,-32403,-28269,32321,8890,-32423,32110,29335,-32410,20937,
  32398,-32399,-18373,32405,-32184,-26465,29111,29647,-30893,-30793,31912,14147,-25676,-19676,96,30342,
  6155,-32018,6478,30717,-15251,-24298,-17322,27544,15586,-11637,-30660,24488,32362,-32437,-10858,32428,
  -14715,-32371,-91,32437,-32392,-25400,31978,-7228,-25636,5334,27264,-19276,-4920,16599,11335,-26765,
  22547,11599,-32196,31184,26411,-20390,-27704,26923,30976,-32153,27953,-1431,-31335,19096,29829,-3732,
  -32055,31725,27139,-24564,-4116,2098,-10302,-4521,1561,-3749,8738,5653,-648,-23753,31070,30255,
  -32420,-25003,32429,-7764,-32415,-13487,32402,24907,-31860,-17666,29294,29339,-28010,-29800,-5557,29887,
  3565,-17981,-2480,11851,31670,-20640,-32012,23326,32102,-30604,-31770,32121,4285,-12882,14850,-3353,
  -3613,-6113,23564,-21427,-19373,10542,19557,-17445,-31079,32105,29759,-32417,3910,32301,-24932,-32286,
  -16648,32320,29487,-32422,-12080,32436,18596,-32438,-22599,32439,-22018,-32439,32400,32438,-32426,-27818,
  32386,7326,-32189,8440,29615,-30892,-25903,28107,27401,-8514,-19284,25079,23020,-17022,-157,-23506,
  -12443,1492,-1167,845,19072,115,7684,32310,-32070,-29070,20335,7412,-26691,-25041,32178,-27397,
  9973,30833,-22469,-26212,30839,-28094,-32164,32228,-688,-31335,11606,24755,28398,-24061,-30825,30920,
  28909,-30884,-32322,26867,32262,-23468,-28970,17,32282,27352,-32361,-31647,32350,30029,-32417,-32044,
  32249,32436,-32333,-32397,32422,31813,-32405,-31687,32405,12324,-32430,14076,32405,-22986,-27541,17719,
  30316,26474,-32436,914,32422,-32179,-30374,31340,24964,-9555,-7384,25683,24829,-31986,-18332,13664,
  9632,2923,-24051,29335,15222,-24021,23174,31074,-32387,-19140,31570,-24432,-27448,16316,31575,-26798,
  8024,-3853,-2790,27375,-28869,-26792,-15735,22184,26462,-20522,-31967,32355,31812,-32428,-27497,32307,
  27067,-32436,-20565,32418,24201,-31744,-31964,32428,32150,-32438,-31709,32438,12582,-32435,12271,32356,
  -30564,-4666,31681,-26652,-29863,16337,31158,-6809,-32378,-918,32434,-22899,-32406,31184,30156,-2313,
  -28941,-22072,30966,-21276,1714,22986,-24557,-32201,32413,32161,-32437,-10042,31993,30507,-32417,-3337,
  32097,-31229,-2336,31417,6026,-32427,32234,31899,-31110,-24883,23337,29713,-31555,16734,20160,-21249,
  -19946,32295,-30146,-20069,32353,-31032,-15391,14264,31023,-32215,-30719,32434,13315,-32429,-2855,32406,
  6492,-31636,-28754,32283,29453,-32419,-22725,32057,25109,-31311,-30868,32221,29915,-30866,-9614,11028,
  21233,-31384,-16066,22805,-6741,5928,28612,-28900,-29070,32348,-10539,-25270,-31015,20510,32316,-32411,
  -673,32054,29249,-32325,-18671,32311,15122,-30167,-30794,31243,8857,12593,-31399,26678,31182,-31249,
  29884,-31496,18273,18487,-23655,3770,-25323,31807,-17310,-19013,27437,5058,-26227,-13052,4658,-9473,
  30942,-29871,3573,20970,-23717,31637,-29511,-30933,32115,468,-32168,-3540,32436,-31542,-32434,32438,
  15947,-32427,30963,27235,-32197,23958,29243,-32005,-14218,31791,31044,-32370,-15123,31659,-1158,-28061,
  -30852,32138,13022,-32250,27608,32356,-29638,-32332,29507,30339,-31809,-20845,25582,27686,-20513,-29641,
  32319,17497,-32282,4925,1458,31037,-31962,-27968,32342,3577,-14075,-24347,30891,-3280,-29707,28972,
  -12701,-32360,30655,32380,-32297,-20920,31917,31583,-32410,-18732,32370,-32009,-19727,17999,-11591,20042,
  31375,-30533,-31672,32316,21848,-32359,-31716,32416,31325,-32438,-3099,32436,-13379,-31749,21953,-11451,
  -1990,19738,-19194,-24190,632,32408,-24819,-32199,29148,31227,-5897,-31723,-29300,32331,19173,-32349,
  25037,32076,-3051,-32193,23369,30452,-28768,-30394,9138,31611,-9925,-27573,11164,27480,-14819,6853,
  -28755,-13424,27403,-29905,6549,4923,-5411,28502,-12006,-14674,31551,-27010,-32221,11472,32314,-27087,
  -32429,32246,32431,-19361,-32400,14123,32303,-22163,-32261,7033,31576,-26791,-6215,29621,16129,-17869,
  -6792,19412,-5733,-5113,-28072,3952,26381,-8334,-24491,24733,30321,-23849,5831,1041,-27234,16111,
  11645,-22280,-24594,29081,31750,-31079,-23574,28409,21488,-29252,-19191,17220,-20693,21646,18090,-29681,
  15091,633,29978,-4317,-31319,17976,-15108,30213,-4256,-32275,29602,32118,-28143,-6865,29999,-29663,
  -5379,15906,-19065,-22721,13218,20131,6610,25485,-31815,-7221,32434,-31880,-32433,29631,32122,-27986,
  -26623,30333,4206,2662,3767,1326,11193,-30250,-31652,32188,29917,-32420,16873,32364,23107,-32054,
  -24626,32076,-7073,-32074,3045,30485,-22281,-770,27002,29162,-29150,-29899,32321,-16809,-32368,16490,
  31530,-10292,-31959,18370,32427,-29254,-32074,24898,28541,-13202,-32078,4735,31271,-16573,-28164,17765,
  28231,9540,-31494,-6981,29990,-25405,-1594,14210,-30093,19241,16750,-362,-17818,7603,28703,-16868,
  -26313,6065,29406,-20161,-30317,19688,27461,-3475,-12274,28347,-28543,-23758,31238,-1312,-31873,11691,
  31873,-20759,-29769,-8603,32297,24302,-32388,-14961,31260,19138,-30876,-14242,12646,23004,3369,-18793,
  17689,12923,-2263,-30167,-11162,15047,9341,-22091,4381,16490,-1567,12859,-19867,20962,7999,-26771,
  -13914,16576,6581,1357,22199,-16065,-24572,21207,30357,9151,-31900,-2884,31561,-6599,-29845,-5262,
  28377,28214,-31307,-21656,32178,7305,-27977,-16145,19646,13968,-30149,6068,30788,-21337,-27072,-5748,
  31076,11441,-29346,20253,-449,-30454,25819,28777,-30944,-20424,23307,27507,-28458,-18925,31478,16744,
  -25467,-32232,22597,32416,-26772,-32406,24301,32025,13353,-26925,-16270,26695,2708,-966,-27209,1443,
  31278,-12423,-28735,4200,26774,-2131,3787,1789,-23826,-15935,16230,11736,-19027,-13852,9918,1734,
  -11650,25091,7682,-27790,-12222,16690,20830,-13877,-28391,21050,29161,-30919,-12826,31269,23636,-29858,
  -24452,30888,-14101,-27265,29390,-12,-28307,5015,19452,9448,4494,-3642,-8521,-11322,13605,6383,
  -23193,-813,11301,-2531,-17471,10328,30255,-20911,-14694,8371,-5596,-1865,-20417,4262,20838,-21731,
  -25854,32008,31111,-32230,-23314,31962,-18898,-31393,24597,29319,-23733,-23912,21763,30524,-14098,-28143,
  14010,-6149,-8758,-12349,22919,-61,-18403,28469,12416,-27449,-16504,31115,3224,-31832,-30263,30934,
  29121,-15994,7847,-20195,23574,19836,-16830,-30556,-9864,23031,-23109,4207,12973,17933,-7953,-1528,
  22106,-17032,-2540,2453,-2923,-17538,-11968,6164,29346,13909,-32158,31264,31746,-29786,-30358,12596,
  26509,-30542,-29280,24321,32138,-26484,-27415,32259,14852,-32167,-11205,30982,-30337,-28144,21189,17988,
  -8190,5659,30243,-8068,-3861,-18026,-22016,29928,-28056,-31840,30937,30689,-27758,-15508,31861,23871,
  -31978,-30682,31142,12035,-32060,-19015,31746,30232,-28603,-17515,31525,13280,-29415,-3299,-3892,-6815,
  -11777,6863,22459,-1367,7700,8913,-26150,20063,22909,-31972,-19569,23021,22864,-12702,-6033,-426,
  -19109,30574,9259,-31870,-19209,32137,10646,-29777,-23090,27735,32103,-26962,-23786,-21489,30072,26639,
  -30996,1735,11123,-941,25534,-5554,-21989,15779,-13705,7454,-22759,1276,14361,-1302,10102,-20231,
  29952,-178,-28916,2816,25170,-28454,-28415,31249,24515,-25922,-10948,29255,-11992,-30402,31261,-11039,
  -32343,30029,25120,-12964,-10667,-2269,18687,22537,-29594,-29996,32223,22863,-32251,-30532,32366,26656,
  -24328,8266,-22347,19428,18930,-23817,-7574,13133,-31293,-2966,32315,-15363,-20003,-2838,20031,12350,
  -30060,-18822,22653,-998,-7330,-14295,-540,27970,9616,-8337,6254,-31185,5689,32084,-11365,-32228,
  -27980,32393,28668,-31817,-5475,21340,30055,-8776,-32182,-18201,31235,26100,-30435,-30692,30890,32080,
  -14994,-24269,-27982,22228,24832,-29929,-1103,14128,635,-674,6265,23930,20139,-13698,-32002,4240,
  31939,-29806,-32229,32155,30736,-29383,343,18970,8721,-18132,-24440,-23249,-14863,28164,20914,-17190,
  -3861,15457,30481,-19283,-31646,28452,25947,-32008,-12376,30228,18778,-22788,-12130,31569,-13845,-28205,
  28414,19687,-30850,-28986,22087,2707,-20681,15412,28293,-5805,-30534,19933,29141,432,-31855,-12094,
  29373,-2731,-26083,1094,31047,-20927,-14595,29484,3787,-10493,-20430,-7367,12631,-24947,-1826,29062,
  6800,11214,3852,-5156,-2063,-2713,-447,-7593,-14166,-5505,8757,31550,1781,-31429,21230,27740,
  -12593,-31213,-4895,28349,-12856,-21795,2119,27779,18881,-26927,-10864,22692,-15942,-24013,19059,8534,
  -26803,-7248,30364,17493,-29956,5215,30212,-20689,-30912,19426,28753,-9343,-25717,4827,30070,11837,
  -25034,3368,15687,-11634,-17009,3367,15837,-10822,-12909,19530,17326,-12914,-20221,15517,26306,-30346,
  -29000,30532,28969,-27699,-29288,28638,26411,-24260,-14297,19777,15010,-24508,-29565,24411,30166,-15521,
  -10727,-766,11277,10386,-150,-8104,-22873,7554,6007,-13394,19805,5894,-17197,21917,986,-29136,
  26268,20801,-30561,-6160,24227,-14653,-6396,24946,-7490,-10900,-3709,9552,-1284,-11387,-2339,-17917,
  -1229,9067,5613,-14922,20307,12831,-23307,-6846,12388,5060,-25757,2444,8704,-3091,10630,18549,
  7389,-23117,-11323,13663,5817,-17018,13218,22171,-4546,-19985,13418,17108,-22341,-9976,4990,-14545,
  -1649,27306,-6922,-26052,20927,10280,-16479,-15987,15212,6254,-27687,-11815,20400,17164,-10059,20141,
  16327,-16164,-13885,-6155,-742,-8943,-13951,-7671,24344,26737,2002,-12117,-8374,-10551,-17413,5992,
  -2466,-21747,6615,21218,12910,7237,-164,3851,-14920,-3672,14124,-9218,-19837,8430,21806,-18877,
  -10496,23887,30164,-5154,-27123,-16883,6080,14549,-26260,-25177,9434,28672,7003,-1506,2521,247,
  4292,-14949,-5071,-7814,-2299,3194,3914,-56,3106,26282,8375,-11546,-6779,5677,-12046,-14197,
  -4238,-5512,1723,-3086,20689,22916,-43,-7277,-14909,-17031,-7569,-2602,-10169,-2861,14112,24398,
  14232,-3083,-12743,6764,17377,-24806,-25111,9051,20534,2822,-11267,12704,22982,4954,-12876,555,
  -15334,-23672,398,4870,4424,-9807,12855,25388,-4240,-15052,-5941,2787,-13032,-13508,3679,5696,
  -2522,4510,18366,9988,670,-8331,4478,2037,-15626,2220,3848,3118,5541,5872,-10130,-6191,
  5100,5736,2077,-8052,3879,2269,8059,-10029,-6930,11159,-1358,5183,8059,1643,-12657,2984,
  3603,-2841,1858,4015,3184,-17187,3468,10513,-6558,-9128,11017,19008,-6463,-15311,-1945,13760,
  -5951,-17701,13453,22072,7930,-9188,-3326,3126,1063,-7415,-2575,13466,6198,-3311,-10023,2406,
  6089,4845,751,-1449,6231,-6322,-4081,-12530,-5661,9403,-4698,1395,20491,12853,-14825,-13180,
  1992,6245,-17697,-2693,23911,-3967,-5539,11828,9390,-7462,-4553,4432,10793,3910,-4787,643,
  1544,-7279,-11623,25533,18699,-11082,9346,12597,-11998,-23436,3708,10384,1548,-8380,4389,4812,
  -6961,-1041,-11609,-1919,-4302,3704,11573,-15701,-17446,-4265,-3853,-1890,12089,21863,-7391,-20002,
  13192,-3914,-24236,-8381,7409,8272,-7041,-14920,11785,16087,-20688,-25719,-9154,20749,-8,-27508,
  -3064,14960,-12540,-12376,11905,3221,-10558,-12570,-1432,1253,1411,-6813,-4215,2370,-4146,5939,
  5232,6954,1901,-11958,-15151,-5251,7229,-7493,-13517,-4214,881,7047,3816,4006,-1038,-3791,
  4074,-5578,-9109,-7629,9047,1445,-6078,23637,21231,13539,-5251,-13598,-11351,1156,-3477,-13515,
  18150,12833,-5761,732,20999,13049,-20224,-17163,10763,-3964,-11034,10862,2972,7794,8534,6406,
  22236,6222,-15826,-13029,-3058,6585,-24641,-8371,29235,2941,-17408,3826,24825,5049,-23859,-19905,
  2936,-12701,-11339,9167,12898,2805,-4852,30567,16018,-21777,5511,12853,-13809,-21338,-159,19697,
  18896,2961,18461,23117,1147,-21105,-9889,3264,-10042,-23467,1783,24770,14492,-1351,7038,8241,
  -7966,4765,-7823,-22435,-4508,14627,15704,-2879,11897,22919,7840,-18352,-17421,6758,2769,-3868,
  -5011,-18244,-2789,23346,19320,-22620,-5175,16634,-4448,-5240,-12611,-8453,-5971,-9107,-365,16831,
  6752,5293,7659,-13431,-15830,732,9533,-12139,-20375,7963,12097,-2432,-7296,4633,-2726,-12529,
  -8023,3128,1609,-21019,-10057,6358,-9415,-6552,14189,18675,-6473,-20888,11268,15825,-16855,-9624,
  16533,7194,132,-3650,13758,21111,-12324,-21068,-8107,24420,17112,-13385,-5196,10949,10612,-14308,
  -5306,-1770,477,11883,-1726,-6745,3789,18847,-4858,-9358,-6016,4705,9035,-5789,1008,6180,
  2978,2156,3823,-5619,6509,1110,-9163,3390,124,-7340,-1946,17833,1107,-1553,6909,16595,
  1072,-13845,-7166,-2956,12773,1076,16310,2435,1048,18397,5120,-4884,-20996,-7269,8391,-3022,
  -13560,11118,16993,9283,-5734,-10014,6717,-5334,-4979,-7226,-5853,-1088,3456,4963,12705,13390,
  -4246,582,6951,-8213,-21977,-4874,3799,-1517,7353,20521,10395,-5053,-6898,-3390,-5729,-13722,
  3531,8236,1570,1725,-279,-4699,-1821,3088,-6188,-2093,2365,8030,-1579,-20806,-12688,231,
  7532,-2674,721,6269,-93,-6360,-12936,-9406,-1210,9092,6904,-1844,-9232,-752,10465,-7079,
  -7041,8736,12123,5764,-1379,-8658,-3977,-1467,-5474,3332,9017,3601,-2435,-3588,-8867,-13855,
  -6132,-600,4813,9901,3814,-9654,-10314,6924,2695,-10023,-841,9935,9486,6870,2842,-9424,
  -2775,7660,-2277,-5694,-2846,6436,7892,-5555,-9313,-1105,4820,-2167,391,-6007,-8396,-2440,
  -4706,-7623,-4840,-490,8812,14657,3042,185,-760,-11516,-14522,1551,6240,-2883,6107,3725,
  1396,2038,-4111,-8745,-744,-2538,-13362,-7808,-1833,331,2196,6978,-7582,-2796,10333,-4893,
  -8240,-5571,-4680,5635,4454,-5709,2886,3927,-3641,1317,-1982,-4594,-9918,-7095,-3224,-3485,
  1525,4848,6745,-550,-4216,-5140,-2058,1947,1019,246,-655,7310,9081,7236,6214,2018,
  5827,11890,11155,-913,1619,228,-3913,4816,7781,5105,6192,15270,6238,1540,7160,7603,
  2487,-4346,-724,5197,9296,4975,8451,10289,501,3035,3869,6603,2611,-206,5840,9517,
  2297,3918,561,1337,4499,4810,3019,1259,-437,-9942,-4349,-2421,2789,4824,8076,4180,
  -5745,-8812,-7077,-4498,-9656,-1085,1337,2628,-440,2100,1033,-6028,-3465,-1388,1766,-5944,
  -8020,-4788,-3282,-2791,3567,10736,7101,3755,-3631,-12959,-10770,-9337,-9547,-3419,-2428,2146,
  2047,-1500,-6597,-7451,-8760,-6380,881,-2470,-3329,-6580,-8724,-13963,-12059,-2445,-654,-5534,
  -7864,-4199,-16130,-14494,-10685,-8650,-7301,-5754,-3504,193,1671,-5698,-1479,-6203,-1486,-2790,
  113,-788,-11691,-1745,3782,2620,-3160,3017,-10,-8427,-10580,-13459,-9664,-14644,-7130,-7675,
  -5377,-4292,-2509,-3885,-13298,-12907,-16301,-3652,-4923,-7942,-3619,-1654,-4165,-2433,8255,585,
  6049,-697,-929,766,-1699,1501,4754,14108,4807,11155,13961,16292,15977,12104,12770,10989,
  17833,14227,15461,15740,16744,20660,22173,19473,14733,12869,8042,7310,7185,5485,15482,17360,
  13070,11524,16141,16204,11859,10499,12827,15967,6017,11065,14537,5433,7608,14390,20748,18502,
  19896,13282,1996,-3705,-5106,-2051,-2375,8370,8841,11379,6762,1468,9472,420,448,-5805,
  -1587,-4727,-4441,4494,-1252,-68,2680,12937,6791,5656,-2909,-9894,-8567,-11886,-7844,-1859,
  -646,-94,2770,-5007,-6344,-4488,-8756,-3714,-1876,-9830,821,-1772,-14181,-6672,-5013,-5722,
  4198,10209,-4834,-12357,-13196,-18572,-8429,-14403,-16289,-12480,-10182,-14140,-17293,-14247,-18844,-14728,
  -20179,-18512,-18916,-18705,-17512,-10783,-10753,-18981,-4355,571,-8093,-18266,-17616,-16580,-14502,-14128,
  -10081,-8475,-16914,-5045,-12054,-16832,-22129,-19605,-18603,-21601,-21319,-23070,-12195,-10528,-13909,-20637,
  -13593,-16742,-19956,-16363,-21916,-19989,-15285,-2115,-4394,-5930,-13529,-3464,-749,-11277,-6280,-3865,
  3547,-3680,-1661,-1198,4206,7736,12082,20892,11954,13385,19611,20689,8590,12320,17028,18929,
  24591,23023,23854,22635,22311,17061,16440,14768,12818,12158,16054,17762,4204,10510,18534,17873,
  12631,14342,8501,866,443,720,6884,4585,11725,23571,17559,6776,5464,4022,1956,-896,
  -3,6478,4509,5657,8574,6260,1468,707,4272,546,-7535,-3206,-248,-829,6533,3967,
  2931,6816,10487,12847,6504,805,-5965,-8192,-5907,-5095,629,10278,15418,8518,5116,489,
  -511,-3292,-5982,-4841,628,6058,4093,5136,-598,4621,8774,6188,13503,11163,3572,-2445,
  -527,-1133,5194,9873,7210,10229,6959,4430,-2191,-2136,-5353,-3500,2241,2796,4050,2316,
  5876,2513,2430,6239,11089,12628,4331,1684,801,-219,1381,5066,6119,5081,5813,-1736,
  811,-7182,-16658,-9741,-13538,-8830,-3193,-7633,-127,-2513,-10998,-14304,-3804,-11308,-13652,-12734,
  -10178,-10294,-14736,-3519,-3940,-3447,-11735,-4668,-7402,-11400,-12205,-11837,-11613,-19315,-4124,-5851,
  -6689,-10228,-5127,-2812,-4714,-4841,-3955,3119,-9019,-3348,592,4109,3898,3004,627,-5294,
  -5673,-7980,-676,-6993,-7538,-10529,-6546,-4359,-10411,-7254,-6807,-3896,-7012,1755,3765,-421,
  -967,963,6909,4521,10552,12098,14058,8358,7218,12907,6818,5380,5482,6339,7105,4667,
  8381,8113,3448,3502,8649,10146,7633,9047,5973,1483,193,7586,13784,17294,18151,16022,
  13178,8853,8127,11104,13426,13977,15379,17106,10365,8269,7262,6594,6663,9948,16018,16207,
  14797,10695,10474,6156,9729,13657,12072,17190,11672,9768,7547,6992,6900,8921,10112,7353,
  9249,6263,2298,-1898,-2802,-2047,1776,2015,2279,-795,-3161,-3910,-2856,2507,4040,5156,
  -1613,-5278,-14133,-12963,-12137,-9954,-7502,-6360,-5323,-7303,-6656,-16434,-18924,-22944,-23120,-21417,
  -22568,-21252,-22596,-21980,-26930,-22409,-20690,-22973,-23944,-25726,-26555,-30167,-27992,-27702,-25842,-26186,
  -23721,-18247,-21771,-19748,-26428,-19568,-27223,-25857,-13993,-21882,-22482,-15391,-8580,-13468,1477,-2763,
  -5895,-9305,-18750,-7655,-3051,-6083,3818,13240,-499,1275,13340,2811,2447,2785,-74,3514,
  1990,1028,2228,1018,-1059,7799,16599,11373,7503,7477,-275,-1430,-3577,6833,12072,12350,
  16679,18525,15302,14111,17182,11030,16853,14961,16423,19942,17255,17733,20683,22447,24964,27306,
  24913,21055,16684,12577,11810,17379,19077,19718,22539,18148,20370,19033,18338,16350,16082,11840,
  11754,14752,11816,12720,14391,16976,17191,19594,20654,21645,17193,14706,13839,11446,14234,11908,
  17995,18797,19594,22527,22231,19176,18025,18325,15492,17415,15538,13020,12315,14757,13116,14594,
  15159,10718,10992,6723,6372,6779,5489,2652,1289,-785,424,2513,3367,3021,97,-2237,
  -2596,-3616,-5810,-6594,-11266,-14916,-15077,-13549,-17737,-17088,-18008,-21426,-18633,-24414,-23431,-28034,
  -29274,-29287,-30249,-29867,-29852,-28395,-30222,-28956,-29778,-29754,-28450,-30239,-29289,-28270,-28733,-29389,
  -22643,-28495,-28915,-17312,-24987,-19514,-23002,-23874,-21953,-18828,-21493,-13879,-3143,-22101,-5607,-8256,
  -19147,-11468,-4855,-6947,-6170,549,-9081,374,-8341,-13081,4,-2468,-728,-565,681,-9499,
  -9366,2723,-3646,5460,1284,-4830,-4704,-3486,-2764,240,9611,1926,3222,2497,-1138,1763,
  2234,903,6028,8658,10162,16408,18106,16467,15048,20080,15156,20033,19828,17620,16513,15616,
  16447,18338,23394,18935,18904,17709,13205,9273,5413,8132,4367,7529,7815,10753,11885,10979,
  13819,14687,16329,18929,17477,19061,17600,14389,20413,18913,24183,25044,26452,26556,25957,24565,
  24104,24465,21121,22344,19043,20581,16633,22360,19822,17600,23872,15232,20020,20198,15816,18575,
  19666,19225,19012,19972,18457,17457,16549,16335,11742,13082,11298,7931,9314,6978,8905,4106,
  625,-5429,-9999,-15006,-17357,-19800,-21670,-22923,-22570,-20008,-25314,-24855,-26504,-28069,-28957,-29023,
  -28868,-29528,-28444,-30169,-28595,-28277,-25352,-26472,-19430,-25114,-27232,-19787,-23569,-21910,-15736,-15608,
  -22652,-10749,-22717,-19755,-8605,-15770,-13838,-6296,-14008,-22812,-12862,-25555,-22714,-18829,-21092,-18246,
  -12357,-20997,-20885,-7744,-20808,-8636,-1098,-8048,-4111,-1639,-6113,-2099,2728,-4324,-1462,-3302,
  -6018,-7274,-4851,-9058,-8895,-7220,-14723,-12023,-13459,-14404,-10532,-8335,-5312,1370,5370,4905,
  10168,6349,8461,12303,13281,15813,16481,14632,11773,10976,10521,10291,13968,11155,11210,11170,
  11515,13723,15802,17262,17214,20440,19770,21469,20529,21121,23918,25304,26632,26790,28073,23893,
  20223,19685,20877,21806,22640,27222,23252,21951,19857,21989,20606,19131,22385,20641,24925,14853,
  21716,19831,11215,23535,28182,27085,25591,26825,12360,10286,7158,8189,16944,9575,8743,14216,
  5231,-4914,5447,-699,-15189,-8246,-10777,-13761,-13398,-18386,-17706,-16178,-15491,-12028,-8604,-17862,
  -25910,-25940,-27506,-29325,-28240,-27886,-25654,-27647,-27125,-24680,-25285,-25979,-24240,-24654,-26770,-23433,
  -26116,-23537,-22268,-22003,-15758,-12039,-12128,-12295,-16035,-21378,-20028,-18435,-16804,-14369,-12933,-15871,
  -13882,-11455,-13311,-8526,-14047,-16081,-18570,-18522,-18519,-13075,-10788,-11020,-5809,-5153,-5794,-7628,
  -7078,-9286,-10441,-12142,-7614,-6314,-5946,-2991,-3599,2129,-708,1435,1474,-3358,-5499,-4739,
  -6114,-7196,-2733,-1672,4497,10687,13492,11391,11831,7783,4582,6553,4346,7371,6913,6326,
  7841,11249,13483,16568,16563,15735,15644,16225,18549,19910,19570,19907,21148,21366,24095,25678,
  25276,23997,26154,25472,25741,26990,24000,26358,22724,25404,24776,22555,23863,22184,22337,18889,
  24384,20272,22115,20939,16590,22770,21002,21042,24836,27763,21637,29084,29679,21168,27716,24401,
  27527,28472,28000,26793,28160,23046,12712,25761,7316,6826,14290,3183,-4951,-3401,-4859,-11787,
  -3544,-15340,-9681,-9538,-23988,-24239,-26177,-26428,-26657,-19502,-19394,-26679,-23577,-28434,-27318,-25185,
  -25713,-26460,-26665,-27831,-30205,-28196,-28755,-28519,-27128,-27820,-27127,-25037,-25794,-24942,-23552,-25214,
  -24634,-22082,-20134,-23578,-19020,-22823,-21715,-18496,-15699,-13142,-12764,-14758,-21312,-18388,-21382,-23140,
  -22465,-21619,-19861,-21791,-17646,-18564,-16553,-17139,-16188,-13861,-15367,-15156,-15909,-17647,-15044,-15622,
  -12137,-6628,-10637,-5553,-9809,-8478,-9699,-9483,-9144,-8179,-9398,-11226,-6564,-7376,-1236,-901,
  5995,459,5193,7948,70,11604,6599,8189,15146,14260,15036,16843,17570,15708,15594,13971,
  11975,9672,12990,11427,14563,19392,19870,22714,21199,23318,23134,24144,24372,25374,25861,27261,
  28674,29514,29490,28224,29642,27604,26049,24489,22320,19297,17737,21203,20834,27432,26757,28130,
  26631,28641,24471,29558,30891,29092,31126,31263,30518,30837,31780,29778,31726,31195,27961,29233,
  26076,13615,14241,16422,-6872,6066,-6063,-15304,-12946,-16879,-23208,-13518,-13919,-27130,-13206,-25169,
  -27139,-17476,-18811,-17818,-9743,-15438,-23303,-16319,-23342,-23295,-19994,-21317,-23179,-20867,-24642,-28616,
  -25953,-29497,-29059,-27018,-28585,-27255,-25978,-27738,-28368,-26439,-29581,-24574,-24934,-25187,-22905,-23933,
  -23929,-23581,-19002,-19538,-13452,-15006,-18839,-20420,-23299,-23439,-20777,-18758,-18031,-15904,-20575,-20215,
  -22064,-23107,-19428,-19730,-17486,-18808,-17347,-22224,-18650,-22351,-19313,-13288,-17057,-11081,-10465,-10280,
  -14700,-12385,-17041,-18624,-14537,-21085,-12788,-13423,-11182,-6504,5552,4855,5704,13873,-1547,6341,
  -388,-5358,-701,-3134,1417,-799,7777,4868,17305,19707,24225,26713,24065,24479,21585,21849,
  19641,25212,25466,28937,30183,30277,30899,31068,30285,30782,29004,23471,24684,10111,16083,11981,
  20576,18308,28078,28851,27903,31685,28709,31790,32065,32095,32161,32303,32060,31939,32311,31899,
  32250,32177,32272,31605,31816,26789,20263,17227,-582,134,-4838,-3516,-25425,-16451,-29293,-26781,
  -26573,-19203,-16593,-13227,-8826,-26756,-7018,-19829,-17622,-17492,-13236,-24588,-11655,-11097,-24235,-1666,
  -21805,-22280,-23372,-27192,-30699,-29388,-31097,-32132,-28203,-31166,-29887,-26570,-28957,-27391,-29249,-28020,
  -30622,-27175,-29477,-29935,-27359,-29653,-25527,-21449,-20842,-15744,-9371,-11819,-13369,-17189,-24052,-25940,
  -28122,-27900,-29283,-27709,-27921,-26684,-25274,-21554,-21504,-18132,-13567,-15132,-13747,-15917,-18714,-18635,
  -19525,-19020,-17858,-16181,-16854,-14602,-17102,-13528,-16758,-13949,-12846,-15346,-14733,-15098,-13049,-14000,
  -13058,-13608,-15560,-12798,-6135,-2747,3868,7950,15853,21198,22889,26135,25330,25555,25699,25800,
  25218,23543,25661,27579,28501,29183,30280,29976,30526,30025,28556,28707,24907,25202,23195,24217,
  24361,24120,27149,28369,28935,31024,31744,31953,32256,32159,32190,32228,32161,32194,32167,32247,
  31727,32068,31351,30221,31385,28861,29613,25487,21158,9635,9552,-4480,-8704,-2400,-14354,-5114,
  -16313,-10803,-18477,-11824,-10361,-18510,-8043,-16987,-17962,-20592,-20855,-25361,-21391,-20853,-21822,-18134,
  -19962,-18600,-19434,-22196,-24846,-24884,-25449,-26354,-25820,-26527,-24937,-25552,-21981,-22901,-21107,-21796,
  -24667,-25464,-27635,-28769,-28187,-26658,-26448,-22852,-22887,-20057,-21282,-18211,-18093,-22838,-16897,-24373,
  -24071,-22461,-26330,-24886,-23833,-23916,-23922,-23234,-23656,-23950,-23901,-23057,-24320,-23790,-23111,-25478,
  -24516,-25744,-23805,-24176,-23699,-22930,-21451,-19136,-14649,-10380,-7819,-5969,-5149,-577,-8325,-10313,
  -11166,-14310,-13011,-9622,-1542,-549,8327,2697,6366,4895,9259,4823,14401,11014,813,16228,
  13021,14557,22316,25896,17118,26804,18325,10667,21395,11555,8564,16603,15513,1564,21349,12895,
  18016,27792,28012,29659,31350,30638,28798,31912,30409,31567,32225,31927,32049,32132,31790,31651,
  32061,31172,31110,30769,28165,26040,24525,18282,14112,19504,8844,12514,13914,6539,12740,13313,
  12305,15990,20201,13333,20549,10563,5474,8594,4988,9313,11223,13893,6247,3303,-8989,-17292,
  -19908,-23171,-23404,-23961,-26382,-28011,-28471,-29448,-28042,-26954,-25237,-20313,-21659,-19288,-20901,-19879,
  -22849,-19393,-22276,-18998,-16054,-19565,-10357,-10299,-9237,-10161,-9459,-16590,-21071,-22843,-28701,-26696,
  -28978,-28200,-25420,-22408,-24143,-21939,-15687,-23621,-12416,-19064,-21613,-18996,-26088,-26205,-28601,-26494,
  -27615,-21874,-22544,-21485,-21114,-26036,-24974,-27979,-28349,-29617,-28637,-29525,-27555,-25698,-23529,-15301,
  -11812,-11110,-7759,-14524,-18699,-11445,-21432,-9744,-13637,-8334,-10320,-1896,-3667,-4599,14935,-1536,
  21416,15085,5414,6123,2666,-5627,194,14428,-1889,16994,10556,11623,1039,8783,-2106,4920,
  14457,3752,18271,13458,18481,11128,29543,27843,31866,32199,32305,32341,32334,32383,32289,32424,
  32302,32300,32213,31963,31350,31997,31659,30472,32175,29150,30512,29341,21833,13076,12350,-550,
  -4444,21646,1172,16509,24832,20276,28271,27425,29558,26855,29072,20690,15605,16321,763,5673,
  -2434,-10602,-9085,-11952,-18214,-19367,-20737,-24031,-22889,-25781,-26479,-29023,-28611,-29834,-29451,-28764,
  -27616,-27104,-24109,-21090,-21481,-16276,-13938,-10300,-4991,-5128,-5364,-8863,-13822,-20272,-23080,-26639,
  -26684,-28404,-27608,-27296,-27964,-25459,-24528,-22846,-23443,-23290,-24630,-25349,-24616,-25437,-27255,-26747,
  -27472,-23980,-22930,-22931,-20538,-24980,-26301,-28531,-30638,-31584,-31707,-31733,-31684,-31385,-31226,-30148,
  -29424,-26808,-26874,-25000,-20808,-22392,-13903,-17909,-11991,-10420,-9878,-2037,-1041,908,6465,12293,
  8222,16379,8086,10102,11033,1121,2584,-7723,-2290,-18377,-1357,-10023,-9114,12198,-15661,-4692,
  -19691,-14444,-13832,6350,8541,24777,30801,28507,32153,31683,32407,32404,32433,32432,32400,32433,
  32373,32380,32258,32269,31815,32288,31609,31591,32090,31380,31913,31217,30271,24862,23216,7030,
  -12441,-4988,-13271,5159,18514,21133,28859,30278,31187,30729,31505,29915,26899,27114,6174,1089,
  -7833,-16593,-14996,-10002,-15763,-10603,-8394,-18748,-17179,-23338,-21284,-26730,-23262,-28848,-30812,-29968,
  -31103,-29236,-26308,-20009,-12790,2964,-2342,2424,2374,-3189,1230,-3529,-3781,-17386,-15191,-26375,
  -28835,-27314,-30040,-25052,-24847,-23438,-25925,-23273,-27895,-26555,-26623,-30157,-28878,-30832,-30201,-31298,
  -30151,-30175,-29401,-27398,-28086,-28300,-30628,-31112,-31844,-31450,-31745,-31033,-30977,-30909,-31076,-30592,
  -29436,-29311,-20439,-18543,-11286,-15143,-10709,-20510,-12440,-6238,-13173,-798,-8666,-11080,-4321,-3233,
  -8442,4961,2021,-5899,7910,4064,9425,10106,7126,-4125,-8713,-18985,-22991,-26069,-28023,-28704,
  -27049,-17230,-5838,11764,21555,30302,30262,32197,32409,32426,32439,32438,32438,32438,32430,32424,
  32430,32406,32382,32433,32038,32038,30932,22977,30343,31417,29100,22608,29262,-9071,-2536,-11871,
  -28524,-13083,6819,9367,20457,30412,24235,31297,31599,30385,31928,31987,31199,30287,20465,-4200,
  -5676,-12893,-19278,-18687,-23122,-24261,-25186,-25434,-28283,-28940,-26698,-28850,-27492,-28183,-28450,-27746,
  -26090,-24978,-25105,-15681,-10708,-718,9106,10665,13434,18145,9570,-571,-4380,-19856,-23560,-25635,
  -29697,-28989,-28584,-28894,-26423,-27246,-28647,-28575,-29561,-30883,-30668,-30646,-31351,-30382,-31353,-31630,
  -31169,-31738,-31176,-30554,-29307,-28824,-26148,-27686,-30267,-29227,-31672,-31097,-30505,-29750,-28269,-25962,
  -27714,-28566,-24215,-25966,-19730,-12505,-2792,-5099,4609,-5986,-9923,-7285,-14678,-14524,-13543,-11672,
  -22367,-6811,-15972,-3489,-2091,4130,1361,-4153,-8910,-24591,-7001,-9599,2163,10028,20478,17144,
  28788,30809,31170,32385,32400,32431,32434,32432,32404,32405,32343,32112,32386,32207,32101,31805,
  29926,27634,25215,27625,25600,29250,23717,12590,6811,-6663,-356,8108,13482,22682,27597,27850,
  28410,29255,29733,31065,31413,31502,29739,26428,12903,1405,-4249,-1229,-552,3650,4786,-3531,
  -8563,-14055,-15546,-10825,-8616,-8108,-13226,-19603,-25303,-24979,-22708,-8068,2119,14673,18399,12324,
  7128,3482,6435,11326,17035,16478,7238,-2878,-14039,-22617,-23391,-24792,-19151,-16843,-20306,-22310,
  -28122,-29397,-28795,-26824,-26364,-25854,-28013,-30279,-31345,-31875,-31697,-31297,-28288,-26675,-26117,-26566,
  -30203,-29340,-30439,-28337,-26575,-27137,-27687,-29919,-31641,-31941,-31655,-31601,-28376,-28812,-28280,-28860,
  -30987,-31032,-31518,-27499,-30323,-15804,-20871,-23680,-1079,-12586,6947,2052,8139,-8110,-3010,-25846,
  -27861,-24928,-30094,-17037,-28316,-9483,-22587,-1568,178,-17104,7270,2959,16548,18186,26513,16458,
  30434,29474,31116,32263,32345,32421,32428,32431,32411,32421,32412,32330,32361,31948,31812,31685,
  30445,29749,28732,29030,24245,27205,20733,8769,15358,473,1385,2422,-194,439,12672,11180,
  22007,29808,31235,32095,32112,32208,31261,31250,27860,17022,13683,1288,-362,-532,-290,-4290,
  9794,6484,13132,14237,6669,942,-10561,-14430,-26750,-21398,-23815,-21267,-8341,-11105,2917,10778,
  21100,21193,27893,22933,22980,20102,4390,-229,-13602,-11410,-20864,-16070,-19667,-21456,-22174,-22913,
  -20380,-20946,-19389,-26563,-27723,-31504,-31969,-32268,-32296,-32344,-32264,-32072,-32098,-31510,-31224,-29520,
  -28958,-20089,-24369,-18799,-13354,-24264,-23461,-29463,-31740,-31925,-31699,-32045,-30677,-29575,-31364,-31181,
  -31896,-31875,-31377,-28590,-25352,-16179,-15390,-13500,-14367,-13581,-17545,-21629,-22037,-24681,-25020,-28438,
  -22014,-29821,-28475,-27970,-31637,-10640,-21498,-11322,6195,625,-7509,16237,15147,11113,32186,31975,
  32403,32429,32409,32421,32437,32436,32425,32437,32389,32407,32416,32199,31965,32227,31543,28984,
  30589,7962,10175,11880,-7594,-8756,-9641,-21102,-18288,-19116,-26721,-17342,2645,22950,31391,32183,
  32320,32345,32383,32349,32273,32277,31812,30847,25103,8082,-8252,-10905,-9710,-9616,-1066,-774,
  -553,1794,-3518,-10882,-3337,-6654,-12940,-11909,-22816,-24410,-17268,-13825,3512,21124,25559,30164,
  30098,28559,27398,27878,24468,24966,22884,5525,-2603,-22476,-29713,-29813,-30173,-28914,-26660,-27835,
  -30658,-31729,-32164,-32335,-32245,-32222,-32171,-32213,-32306,-32359,-32376,-32285,-31971,-28908,-10961,629,
  8710,840,-14160,-22172,-24904,-28345,-27437,-26660,-30574,-31681,-32323,-32424,-32427,-32427,-32357,-31989,
  -30189,-22773,-13810,-10181,-10135,-11125,-9533,-6297,-13332,-19661,-25163,-27689,-29055,-28652,-31674,-31748,
  -30220,-28156,-1615,1067,-1620,-11317,-312,-16143,12753,25397,29291,32327,32294,32409,32406,32437,
  32438,32439,32439,32438,32438,32433,32428,32394,32262,31023,29451,17116,377,-14544,-25240,-27306,
  -29680,-30879,-30772,-30117,-28322,-22053,-19196,-7921,7770,27876,31696,32280,32340,32400,32419,32416,
  32427,32388,32338,31816,29981,21856,11415,6612,-1120,39,-8583,-14513,-17928,-17395,-12820,-9563,
  -6842,-9264,-18688,-22603,-21034,-19683,-3327,15680,19778,26767,28192,25881,30375,31268,30920,31707,
  30514,26661,10921,-11778,-25605,-29318,-26510,-27368,-25641,-29000,-31774,-32155,-32367,-32359,-32335,-32233,
  -32211,-32250,-32328,-32374,-32357,-32221,-31648,-27742,-12228,-771,6927,7833,-50,-1965,166,-7491,
  -10061,-24330,-31694,-32363,-32431,-32437,-32437,-32432,-32417,-32291,-31230,-26692,-13341,882,13143,11006,
  8819,-991,-16431,-18070,-29468,-29894,-31953,-32336,-32362,-32254,-30836,-24383,12875,-3907,12156,9547,
  7276,27890,31764,32234,32343,32418,31930,32401,32397,32398,32436,32435,32436,32437,32438,32428,
  32431,32391,31806,31542,23720,4082,-17908,-29297,-32287,-32290,-32387,-32380,-31877,-31490,-30050,-25029,
  -15830,-1409,28996,31974,32382,32433,32434,32436,32436,32431,32413,32385,32030,30916,27202,13613,
  2511,188,-3876,-3655,5959,856,8182,5429,-1251,-4457,-11729,-18153,-21072,-22543,-25857,-22111,
  -21011,-12447,1048,21556,30029,31757,32146,31896,31512,29741,27486,22505,17118,-1210,-16116,-27720,
  -31244,-31329,-31284,-29953,-29866,-28260,-30661,-31552,-31990,-32085,-32086,-31883,-31650,-32116,-32035,-32227,
  -32140,-31168,-28340,-20004,-4217,-2449,-15218,-17597,-29781,-31560,-31961,-32104,-32103,-32080,-32232,-32347,
  -32384,-32396,-32316,-31799,-27570,-21750,-19193,-25730,-29347,-31293,-30008,-21750,-22207,3043,-26338,-28760,
  -29398,-32129,-30702,-25144,-14288,1226,28933,8692,23385,27822,21033,31440,31214,30873,31446,32355,
  31598,32232,32285,31446,32382,32389,32348,32361,32402,31852,32006,29949,7854,9002,-10761,-26781,
  -28124,-30050,-30102,-19995,-15124,-11176,4028,11785,23174,28970,30702,31088,31508,31867,31091,31208,
  30979,30944,31735,31988,32123,32161,32285,32140,31910,31286,28847,25997,23809,10826,3020,3186,
  -7598,-5025,-2031,-6606,2996,6274,958,4172,-5126,-9554,-4636,-2861,4149,18918,27574,29534,
  31897,32010,32230,32359,32316,32304,32164,30541,20037,-10468,-30520,-32334,-32417,-32435,-32435,-32432,
  -32427,-32404,-32335,-31905,-29685,-17274,1416,5157,9057,-2267,-15645,-22397,-26826,-27028,-21522,-20074,
  -25940,-27973,-31109,-31943,-31688,-31909,-31475,-31493,-31969,-32273,-32423,-32436,-32437,-32435,-32420,-32286,
  -31761,-30194,-30139,-31268,-31580,-30767,-24776,3527,20386,896,-10146,-30780,-31652,-30945,-28709,-24183,
  -66,13312,7022,28083,12744,28374,29563,31189,30951,31446,32020,31826,32381,32143,32268,32312,
  32380,32412,32417,32361,32109,31281,23357,11506,-8488,-18149,-24660,-29387,-31278,-31417,-31375,-28557,
  -22463,-14469,-6422,6159,23071,29865,31439,31386,32000,31698,32091,32170,32235,32343,32355,32387,
  32348,32372,32331,32352,32360,32312,32178,31527,28801,17771,-2052,-16773,-27339,-30989,-31502,-31827,
  -32013,-31060,-29979,-27270,-10250,2966,21622,31858,32266,32404,32428,32430,32433,32431,32426,32362,
  32065,28934,1312,-23060,-32039,-32366,-32417,-32423,-32414,-32397,-32361,-32333,-32198,-31833,-30024,-22498,
  -13151,-16070,-21806,-28786,-31119,-31048,-30159,-28333,-19117,-14962,-17021,-15775,-23415,-24754,-22961,-19491,
  -20824,-25027,-31061,-32377,-32434,-32438,-32438,-32438,-32433,-32408,-32389,-32324,-32376,-32153,-30566,-16207,
  22286,23041,17056,-16388,-27151,-31956,-29538,-23679,-21776,10189,-3277,4830,11488,26330,24901,32188,
  32089,31878,32409,32156,32340,32315,32135,31671,32205,31995,31035,31942,24562,20076,14611,6995,
  4350,14125,1510,-13891,-15214,-31119,-31104,-31112,-31565,-31355,-30541,-30961,-28165,-5984,7055,29566,
  31988,32284,32409,32428,32430,32434,32436,32431,32431,32414,32356,32269,32216,31962,32026,31703,
  30227,28108,14470,-2238,-18893,-29017,-31210,-31888,-32100,-32140,-31967,-31687,-30447,-22844,4071,28263,
  32230,32410,32430,32435,32436,32436,32437,32435,32412,32146,22036,-11269,-28894,-31723,-32062,-32281,
  -32346,-32410,-32416,-32415,-32371,-32036,-30816,-26097,-25787,-27797,-29770,-30052,-29666,-25448,-24163,-24143,
  -23944,-28590,-29050,-29915,-27115,-20310,-3710,3808,-5652,-24031,-31533,-32315,-32412,-32419,-32429,-32426,
  -32433,-32435,-32438,-32438,-32435,-32389,-27306,790,17062,12488,-3967,-25333,-17459,-20078,-3490,7401,
  -14577,-15084,-24590,-16966,4380,28478,30096,32165,32340,32347,32431,32431,32431,32423,32408,32212,
  31873,31078,18708,8302,-12632,-25157,-27133,-27616,-29321,-29118,-29452,-30022,-28808,-29936,-29450,-30248,
  -29226,-26148,-23271,-12356,-2575,8367,18146,29702,31019,32249,32376,32429,32436,32438,32438,32437,
  32436,32434,32433,32430,32408,32349,31195,23420,6528,-13734,-23500,-27553,-31087,-31883,-32061,-32191,
  -32040,-31228,-30458,-26204,-13128,3465,24068,30839,32076,32330,32416,32433,32437,32438,32437,32431,
  32380,31673,27882,10789,-8623,-26778,-31810,-32350,-32416,-32428,-32424,-32376,-32281,-31785,-30935,-30602,
  -29837,-29364,-27819,-25042,-21445,-20243,-25649,-29200,-31166,-31625,-31038,-28674,-24763,-17870,-21072,-25031,
  -28864,-30844,-31393,-31685,-31912,-32036,-32318,-32392,-32427,-32434,-32435,-32416,-32257,-31835,-23404,-31216,
  -30395,-29721,-29292,-10808,-1804,2863,-15729,-3237,-24162,-11416,7791,2413,26688,27682,31816,32009,
  32426,32430,32435,32438,32432,32436,32418,32332,31504,26601,6426,-19129,-24641,-31691,-31762,-32223,
  -32250,-32288,-32183,-32109,-31989,-31657,-31633,-29555,-26933,-11852,-277,14780,25011,29626,31438,31780,
  32265,32319,32404,32422,32430,32433,32436,32437,32436,32436,32431,32424,32393,32247,31268,19955,
  -6734,-27883,-31589,-32155,-32230,-32154,-32006,-31497,-30177,-27837,-16020,6400,22440,31273,32203,32329,
  32409,32408,32380,32393,32373,32388,32389,32329,31889,25976,2901,-26038,-31077,-32000,-32229,-32214,
  -32341,-32367,-32395,-32376,-32207,-30530,-17757,3454,14350,11011,-3412,-18451,-26209,-29735,-30745,-31545,
  -32162,-32282,-32313,-32333,-32111,-31768,-31381,-30228,-29887,-30168,-30684,-31477,-32246,-32387,-32421,-32429,
  -32421,-32372,-31996,-31177,-29314,-28683,-28240,-18054,-11646,18225,21828,20861,13976,1342,-9618,-21972,
  -12031,-29456,-17830,-14885,-6489,20837,29498,30985,31879,32358,31790,32422,32406,32328,32325,29472,
  15291,3249,4295,-16641,2121,-6615,-20524,-12358,-23997,-25278,-23234,-18413,-25858,-11855,-21164,-25442,
  -19191,-28041,-28705,-25774,-18132,-3935,26071,29819,31406,32267,32348,32432,32438,32439,32439,32439,
  32439,32438,32431,32335,31966,30378,16821,-14520,-29951,-32276,-32341,-32301,-32042,-30381,-28837,-27891,
  -27659,-25879,-15903,9319,28463,31793,32277,32358,32371,32389,32411,32423,32434,32435,32433,32411,
  32095,24374,2344,-17042,-25771,-26805,-30840,-32095,-32398,-32430,-32432,-32418,-32183,-30769,-23777,-23676,
  -25516,-28462,-29486,-27417,-23191,-22079,-26759,-31075,-32290,-32353,-32374,-32283,-31927,-31215,-29462,-28258,
  -25200,-26978,-27180,-29055,-30336,-31815,-32214,-32372,-32400,-32387,-32396,-32384,-32415,-32373,-32272,-30475,
  -14986,3253,19954,25510,23571,24877,24206,5513,12239,-15731,-14072,-7692,-1297,14433,23845,25259,
  28478,32195,32286,32427,32431,32383,32205,30961,26432,13711,13066,-15577,-27902,-31221,-32251,-32279,
  -32213,-32125,-31832,-30628,-29551,-25085,-21475,-18590,-10397,-5574,10623,13866,21183,23126,25235,26961,
  31282,32191,32410,32437,32439,32439,32439,32439,32439,32439,32438,32436,32410,30664,-554,-31118,
  -32394,-32419,-32423,-32413,-32384,-32390,-32396,-32290,-31408,-17030,24303,31768,32286,32384,32368,32378,
  32405,32425,32433,32436,32435,32421,32303,31105,23172,18353,13549,11728,1400,-19876,-30216,-32125,
  -32256,-32115,-31426,-30251,-28618,-30555,-31758,-31907,-32042,-31683,-31071,-31065,-31586,-32129,-32303,-32366,
  -32352,-32235,-31954,-31195,-30197,-30287,-29832,-28920,-27779,-24301,-25702,-28060,-30503,-31568,-31741,-31780,
  -31859,-31913,-32263,-32332,-32351,-31936,-31715,-22802,-18426,-22163,5874,-7648,8464,5953,4517,-1412,
  13997,24120,16628,30799,18656,27140,29410,31617,32222,32362,32410,31653,32204,27478,26597,28665,
  13376,5617,-23129,-29752,-32266,-32218,-32352,-32330,-32141,-32191,-31869,-31726,-30228,-29469,-19521,-15114,
  -631,7438,10283,18037,17989,27990,30840,32288,32413,32437,32439,32439,32439,32439,32439,32439,
  32439,32438,32429,32049,15232,-15631,-31212,-32183,-32391,-32428,-32434,-32437,-32436,-32429,-32282,-28226,
  5422,29357,32097,32361,32418,32430,32436,32438,32438,32437,32430,32314,31030,22980,12412,15525,
  18173,17467,7971,-11370,-22015,-26122,-21238,-7531,1621,-2612,-21921,-30816,-32279,-32352,-32322,-32297,
  -32215,-32326,-32413,-32430,-32431,-32425,-32325,-31691,-29601,-27933,-25816,-26753,-27069,-20710,-19640,-20183,
  -19698,-24677,-30595,-31261,-31974,-32328,-32260,-32350,-32287,-31880,-30799,-29590,-24735,-20390,-20805,5941,
  8418,1041,16566,-9575,-20543,-92,-8706,2451,27274,21639,26494,31328,31237,32211,32412,32391,
  32389,32378,31058,30250,29273,21877,11649,-5160,-30831,-32314,-32356,-32416,-32379,-32360,-32371,-32396,
  -32395,-32326,-32063,-26530,-11923,8973,12469,19203,23692,26938,31206,31981,32278,32414,32432,32436,
  32438,32438,32438,32439,32439,32439,32439,32438,32416,31720,14532,-18022,-30476,-32167,-32397,-32434,
  -32438,-32439,-32438,-32437,-32387,-30031,-7510,24448,30742,32186,32408,32434,32438,32439,32438,32438,
  32431,32379,32059,31264,29517,25180,13471,2415,-10234,-13948,-10942,-6671,-661,921,-708,-13557,
  -24238,-28982,-31221,-31761,-32164,-32377,-32429,-32437,-32438,-32438,-32438,-32430,-32387,-32247,-31835,-31419,
  -27792,-12560,6576,21451,22349,13005,-3584,-18132,-28226,-30257,-31059,-31929,-32094,-32265,-32323,-32174,
  -31482,-31157,-26521,-16809,-26074,9862,9754,5996,14932,3793,1194,15533,28231,24978,30773,27298,
  26156,29025,29662,31031,32017,32064,31207,31917,30941,31400,31546,28571,13809,-12035,-26611,-31277,
  -31904,-32354,-32414,-32433,-32436,-32436,-32431,-32398,-32126,-29249,-20762,-3039,15275,25785,31095,32186,
  32392,32427,32435,32437,32437,32438,32437,32438,32438,32438,32438,32437,32419,32218,29734,9773,
  -3712,-19063,-26600,-31087,-32301,-32425,-32435,-32432,-32410,-32054,-29417,-24477,-15057,-714,19524,31557,
  32405,32435,32438,32438,32435,32426,32391,32292,32186,31776,29983,19427,-5341,-24482,-28716,-25280,
  -12363,6994,16641,9610,-367,-14778,-17400,-13807,-11873,-15443,-28793,-32157,-32418,-32435,-32437,-32436,
  -32433,-32431,-32427,-32428,-32424,-32391,-32173,-30058,-19896,-3226,2901,801,-4028,-10214,-14554,-15057,
  -21379,-27517,-30924,-32031,-32163,-32117,-31714,-30643,-29182,-25822,-22906,-16199,-2900,4664,10651,6038,
  17269,788,19153,18832,5226,24238,18491,29480,30915,31796,28730,28881,29593,24077,32059,30769,
  30907,21436,4853,-23532,-29072,-26077,-32107,-30986,-32369,-32417,-32413,-32421,-32371,-32315,-31514,-31693,
  -24812,-16262,5066,27394,31562,32328,32414,32435,32437,32439,32438,32439,32439,32438,32438,32436,
  32433,32397,32283,30330,25667,14304,-5094,-11171,-28491,-31725,-32347,-32385,-32396,-32308,-31989,-31700,
  -29980,-28934,-18040,5141,28971,32321,32430,32438,32438,32438,32437,32436,32435,32434,32427,32387,
  31626,20031,-8134,-27279,-28892,-25978,-20609,-12447,-13232,-22325,-25862,-26860,-22175,-10676,-6777,-11114,
  -28251,-32198,-32426,-32437,-32438,-32438,-32437,-32438,-32438,-32437,-32437,-32425,-32181,-27634,-674,24052,
  26985,27451,23837,17204,3587,-1829,-12571,-26000,-29487,-31619,-32244,-32305,-32197,-32201,-31372,-28517,
  -28183,-18867,-19643,-18968,-12366,304,3393,14843,19216,2575,17822,22875,16693,30721,29539,21394,
  29738,28243,28106,32223,32187,31988,31982,26898,5774,3364,-19545,-27706,-27533,-32229,-32415,-32432,
  -32437,-32436,-32401,-32329,-32207,-30555,-29231,-12900,13111,30327,32115,32389,32428,32433,32437,32438,
  32438,32438,32438,32437,32436,32437,32433,32383,32051,29918,20103,16639,5223,-12695,-28134,-31955,
  -32358,-32403,-32378,-32322,-32141,-32083,-31990,-31620,-28235,-1868,29134,32337,32428,32436,32436,32437,
  32438,32438,32439,32438,32430,32267,28443,10205,-7511,-12650,-15760,-17510,-20520,-24528,-25220,-21728,
  -13126,-6396,-156,-7420,-21108,-30186,-32203,-32413,-32435,-32437,-32438,-32438,-32439,-32439,-32439,-32438,
  -32434,-32307,-27675,-458,23055,27202,29991,30739,31328,31785,30811,26015,4264,-25138,-31555,-32264,
  -32370,-32389,-32355,-32348,-32279,-31957,-31303,-25427,-6885,8457,22901,30858,29799,31010,31779,15497,
  26053,21263,14247,18248,14968,-3290,-3603,17452,16147,30997,31338,31183,30945,30067,21749,22218,
  16010,-17454,-25839,-32180,-32411,-32425,-32425,-32431,-32431,-32430,-32427,-32318,-31382,-14988,17178,31371,
  32316,32427,32437,32438,32439,32439,32439,32439,32438,32437,32430,32377,31851,29222,15769,7949,
  -295,-11147,-16981,-26367,-30550,-31313,-30885,-30285,-27507,-25335,-29642,-31082,-31417,-30896,-19298,12436,
  26751,30325,30261,30513,31811,32368,32433,32437,32438,32436,32418,32349,32135,31864,31556,31061,
  27734,12973,-8951,-27278,-30776,-30714,-29511,-28687,-29594,-31847,-32384,-32426,-32429,-32425,-32415,-32413,
  -32432,-32437,-32438,-32438,-32433,-32375,-31672,-28216,-21834,-8562,2484,20645,28003,30608,31614,30747,
  29305,12812,-8166,-25027,-30808,-30635,-31327,-32127,-32207,-32390,-32411,-32164,-31280,-21158,-1866,5610,
  20831,30994,31631,31985,32374,31828,32260,32195,29622,21978,15187,-4393,-5690,17157,-17017,-4891,
  -12590,-29466,-23807,-12847,-15643,-5469,-4757,-31390,-30791,-31088,-31753,-29894,-30267,-32091,-32283,-31885,
  -32180,-27101,-3772,2139,24503,28421,31477,32358,32435,32437,32438,32439,32438,32439,32438,32438,
  32431,32393,31924,28401,20342,366,-17038,-28798,-31996,-32205,-32171,-31975,-29794,-28993,-29795,-29398,
  -29998,-26897,-9141,13946,24682,27323,23250,11052,9900,22067,30035,31956,32252,32088,31708,30972,
  31299,32182,32375,32424,32427,32397,32285,31559,30244,30308,28679,26158,12054,-21068,-31732,-32400,
  -32433,-32437,-32436,-32437,-32438,-32439,-32439,-32439,-32439,-32437,-32423,-32339,-32045,-31578,-29227,-20852,
  1853,24663,30271,31495,31196,29906,27513,26255,24629,22452,11800,-7690,-25446,-30438,-31898,-31346,
  -30602,-30570,-29109,-28491,-28481,-17806,11970,3395,27540,31368,26533,31695,31156,23467,20643,28704,
  6730,22669,21231,-13801,-6811,-23393,-28628,-21649,-8935,-26570,-12701,-27213,-31833,-29429,-30233,-26052,
  -13007,-10805,-27935,-23638,-29780,-28648,-2105,2932,13322,16869,11893,9631,27595,30657,32087,32380,
  32346,32373,32360,32340,32375,32400,32353,32294,32214,31567,31646,30281,26264,21799,12584,10665,
  9570,1315,-11577,-23918,-30329,-31363,-31538,-31284,-30955,-30906,-31299,-31382,-30089,-23902,3050,25015,
  31527,32235,32345,32400,32426,32435,32437,32438,32437,32435,32419,32265,31853,29982,25803,18267,
  6207,-9324,-22544,-27541,-30202,-30051,-30278,-31261,-31866,-32306,-32416,-32435,-32438,-32439,-32439,-32439,
  -32439,-32439,-32439,-32439,-32436,-32370,-30830,-4899,26110,31543,32335,32418,32429,32435,32435,32404,
  32204,25285,-17327,-30753,-32325,-32421,-32426,-32432,-32436,-32434,-32431,-32420,-31861,-25235,-2107,26517,
  29363,30158,32017,32167,32061,32394,32221,30696,29467,-1857,-5759,-9001,9424,6240,2501,-11731,
  -23333,-13738,-4943,19029,16167,11640,-15161,-26681,-31086,-31367,-30813,-31178,-31619,-32325,-32266,-32219,
  -30672,-12901,11125,26158,31664,32339,32409,32435,32436,32438,32438,32438,32438,32435,32418,32171,
  30480,21559,12761,15688,13767,3859,-11046,-25292,-30340,-28231,-21612,-7828,-1883,-14742,-26657,-31076,
  -31326,-28183,-12883,4675,12882,8889,2296,14065,29465,32214,32427,32435,32432,32433,32430,32427,
  32434,32428,32393,32293,31591,27827,19240,367,-24193,-30181,-31856,-32202,-32230,-32361,-32423,-32435,
  -32438,-32438,-32438,-32438,-32437,-32437,-32438,-32438,-32436,-32431,-32369,-31587,-29319,-16317,8100,17791,
  30038,32017,32174,32360,32329,31846,29201,17955,-7633,-17558,-18035,-30917,-31510,-32113,-32402,-32289,
  -31810,-31599,-23544,-19193,-19945,10888,21150,28016,31667,31657,30181,31939,30695,12387,14837,-15341,
  -15996,-10200,-14631,-29531,-30137,-31550,-31765,-15072,-10907,14110,16469,4493,-8953,-6175,6290,16215,
  24925,5554,-10616,-28829,-28798,-28753,-26280,-8759,-4264,8260,13551,27441,29564,32145,32411,32420,
  32437,32438,32437,32436,32424,32306,32292,32282,31419,29786,8452,-26739,-31217,-31813,-31831,-30430,
  -28057,-30905,-31952,-32124,-32145,-30056,-7041,7486,21905,20932,7346,17831,27404,31568,32395,32425,
  32407,32399,32342,32275,32412,32429,32421,32412,32331,30890,29915,28170,14740,12378,-8148,-29973,
  -31181,-32187,-32392,-32394,-32431,-32438,-32438,-32438,-32438,-32437,-32437,-32438,-32435,-32432,-32419,-32025,
  -29209,-20395,2864,4444,6450,24275,29266,30927,32184,31358,24813,19441,-940,-7379,4458,-9525,
  -25559,-27226,-31770,-32047,-28659,-27711,-26079,-8032,-25826,-26912,-1266,2463,12779,31238,29125,20874,
  31110,10520,3676,25324,12996,12553,10704,-14177,-30881,-28096,-31786,-27407,-18405,-21855,-8074,-13515,
  -18446,-19029,6437,-802,26292,26655,22451,20034,-1114,-6085,-10500,2367,-6678,8656,-8783,-18048,
  -19637,-23382,-6291,10563,28128,31347,32100,32010,32267,32378,32418,32436,32437,32436,32432,32381,
  31939,31469,28611,21037,16330,-20717,-31500,-32180,-32400,-32376,-32177,-32165,-32249,-32148,-32253,-31879,
  -22606,4697,27347,31529,31611,31974,32268,32376,32432,32434,32432,32429,32393,32249,32242,32051,
  31537,30682,26949,17152,9528,-945,-15398,-24427,-29440,-31182,-30600,-31856,-32266,-32386,-32432,-32434,
  -32432,-32428,-32422,-32431,-32433,-32434,-32430,-32355,-31504,-28947,-21537,-17921,-16853,-822,19641,29274,
  31525,31682,28118,21564,14688,11290,15937,14488,-3413,-23301,-29991,-31375,-31041,-29720,-27085,-26564,
  -27564,-28449,-27468,-19459,-5592,11904,24213,26339,26947,27528,27752,27694,29092,30256,27318,18091,
  4803,-3734,-23927,-26386,-27590,-30199,-30151,-28118,-30225,-31428,-28588,-28519,-15030,-895,9334,16503,
  22536,19306,22564,27932,22050,28733,28646,18244,7302,3569,-15726,-8854,142,36,11872,6698,
  2679,12545,23583,30146,32292,32387,32347,32389,32375,32365,32416,32422,32384,32176,30907,15861,
  1912,-11197,-19782,-26032,-31432,-32145,-32372,-32376,-32348,-32145,-31730,-30648,-25563,-20793,882,17811,
  29796,31738,32258,32364,32392,32412,32409,32407,32372,32320,32232,31962,31506,29405,20396,6559,
  -4533,-12481,-14984,-19741,-25567,-29505,-31535,-32001,-32077,-32074,-32010,-32133,-32334,-32394,-32404,-32403,
  -32348,-32196,-32215,-32238,-32242,-32173,-31727,-27669,-21954,-17847,-15908,-19243,-9865,2558,16352,22894,
  19185,9827,3170,8531,14523,23092,23893,12257,88,-7875,-10526,-1494,5612,-2189,-10949,-23413,
  -28109,-25107,-19407,-16184,-12015,-15567,-18731,-8904,1383,3959,14298,21942,13826,26303,27442,23479,
  25276,17350,4484,-2417,545,-9884,-8940,-19197,-27715,-28830,-29632,-28618,-25568,-14279,-19177,-9193,
  -5738,-16735,-1802,8173,12250,20407,23713,11685,5468,5572,-5729,8677,21743,21951,26924,27646,
  24001,29786,32004,32242,32418,32431,32419,32423,32409,32357,32400,32371,32190,31680,23060,-3497,
  -19201,-28929,-31420,-31452,-32000,-32302,-32269,-32342,-32352,-31860,-30608,-26992,-6200,4348,13816,28277,
  30635,31996,32371,32411,32426,32429,32418,32398,32386,32351,32276,32189,30736,18179,-3121,-26847,
  -30285,-30459,-31851,-32167,-32403,-32436,-32437,-32437,-32434,-32404,-32360,-32406,-32418,-32420,-32412,-32104,
  -29123,-21237,-15965,-23490,-29001,-28425,-16790,7349,28105,29829,27177,18454,12056,18837,28146,30776,
  31283,24183,3797,-11591,-23039,-21009,-13674,-27433,-31518,-30448,-32206,-31754,-27119,-31193,-29023,-26180,
  -24594,-25116,7487,8089,23806,29139,26748,30341,28497,30782,29075,30526,19315,15825,2597,-10814,
  -15387,-28316,-28414,-31833,-31125,-31364,-29156,-28449,-27504,-26856,-25633,-1449,11053,30526,31830,31760,
  31713,31667,31445,32229,32407,32383,32362,31969,25645,24916,27917,26979,30552,30487,16800,18647,
  16709,5502,28458,30811,28857,29866,24216,645,5848,7309,-3341,4783,-9545,-28608,-30525,-31948,
  -32163,-30228,-30434,-29500,-24323,-29563,-27873,-3608,8661,28941,32282,32337,32387,32424,32419,32431,
  32437,32436,32434,32433,32326,31976,30773,5579,-6221,-17521,-30219,-31323,-32241,-32428,-32437,-32438,
  -32438,-32434,-32424,-32427,-32431,-32435,-32433,-32397,-31870,-28943,-20179,-25770,-29239,-28821,-25298,-5575,
  20416,22984,12895,3144,-9404,-3360,20347,27886,26875,23412,6253,-8786,-1093,2809,8449,10790,
  -9763,-23487,-24264,-27229,-25807,-18194,-22227,-28442,-27243,-29312,-28681,-23545,-11141,-7454,-7811,-366,
  10332,22302,26101,30333,26771,27762,28712,29573,28807,25118,16098,-1874,-11416,-25798,-22286,-26638,
  -29751,-30285,-31053,-31851,-30221,-23537,-15107,8540,15219,23131,28096,30234,31849,32343,32380,32374,
  32375,32056,31353,31673,31125,29991,27915,20061,264,-1300,-3375,-1658,9082,9458,13810,8163,
  12275,17516,23874,27305,26589,26175,15834,13220,1308,-4307,-11654,-18983,-25333,-29821,-30608,-31393,
  -31047,-30259,-27353,-20367,-9124,8759,23018,29939,31957,32326,32412,32432,32435,32436,32434,32428,
  32411,32340,32003,30478,20393,-6339,-27187,-31941,-32375,-32415,-32427,-32433,-32434,-32436,-32437,-32437,
  -32433,-32415,-32274,-31648,-31361,-30437,-29882,-25537,-10147,1825,11202,7941,-2688,-11312,-11561,-9025,
  -5674,-4014,-11167,-18215,-21705,-21167,-16900,-8028,-5418,-5157,-3644,-4680,1688,7999,5559,3466,
  -3896,-5569,-5055,326,118,-18136,-15630,-26063,-25759,-14316,-8993,-6088,-5339,887,-7641,10738,
  21274,28718,30337,30527,30464,27381,29307,26163,28435,25347,16318,6660,-9667,-21673,-26470,-24808,
  -28955,-28295,-28913,-29974,-29455,-27030,-20964,-13581,4263,12566,21301,26349,28221,30582,31625,31944,
  32049,32096,31305,31255,30873,29996,29855,28329,23995,15791,14886,9504,13355,16981,13780,11849,
  15675,11694,13006,20382,12223,13632,15328,5754,161,-874,-12767,-18656,-15370,-24883,-25040,-24584,
  -27562,-28212,-24376,-24221,-15271,2377,5027,17053,25359,28031,31282,32192,32277,32362,32380,32324,
  32339,32324,32190,32028,31302,24922,11395,-6559,-25594,-29686,-31627,-32290,-32386,-32422,-32435,-32435,
  -32435,-32436,-32430,-32424,-32421,-32374,-32283,-32076,-30163,-24721,-17562,-2988,5067,6859,15944,19385,
  19189,23210,21586,15132,12956,3737,-5057,-3790,-14475,-17140,-15585,-21984,-19788,-18693,-18617,-21254,
  -9749,-9428,-370,12198,6351,15406,9345,13162,14287,22569,18948,20445,19952,4632,11257,5131,
  8947,10607,14044,7976,7967,7306,2633,16316,13505,18766,17263,15095,7005,7630,4203,-664,
  1803,-6218,-9333,-16268,-19482,-23571,-22184,-22403,-21849,-18593,-18391,-12390,-8051,-1872,5231,10166,
  18478,22087,25210,27682,28558,28617,29189,28419,26585,28415,27544,27064,27390,23249,17492,16283,
  15716,14525,22968,19659,16736,16141,6016,8069,14777,13850,16978,17028,2098,-1521,-5213,-10456,
  -5811,-2736,-11318,-14476,-18102,-24697,-18478,-10904,-8130,3085,7673,5458,17179,23894,26041,30718,
  31233,31261,31740,31587,31208,31210,30409,27281,25449,15286,1134,-6948,-21623,-28929,-30716,-31851,
  -32189,-32236,-32324,-32363,-32353,-32369,-32354,-32274,-32146,-31903,-31223,-30444,-29758,-26034,-20801,-16264,
  -7204,723,4116,9913,17432,16615,20690,22083,23054,24183,24962,25158,26267,22975,13690,14466,
  6755,9958,11594,6225,-10087,-19782,-26144,-27811,-23764,-24471,-22970,-27990,-31235,-31621,-30723,-29685,
  -19140,-9614,-17915,-18159,-20589,-15263,4389,19978,25579,27301,19409,6731,12071,10445,17560,25923,
  16030,-3271,-13337,-21912,-25475,-12534,-12593,-15141,-11197,-20451,-16962,-7905,6243,17346,26716,27107,
  28425,30840,30551,31753,31830,31714,31620,31713,31146,30787,30466,26279,24084,21382,17357,20076,
  19763,15852,12760,7551,5643,13257,18568,21426,21385,14480,7443,6266,4975,4249,4330,-2885,
  -14876,-21748,-26252,-27634,-26532,-24215,-23412,-22585,-18443,-15021,-3865,10969,26650,30518,31783,32170,
  32188,32313,32360,32392,32401,32349,32115,30494,22545,6659,-6453,-22571,-30641,-32208,-32415,-32434,
  -32437,-32437,-32437,-32436,-32436,-32435,-32430,-32412,-32230,-30715,-27084,-13466,-5577,5822,14892,22698,
  25390,21944,29405,24605,22252,20100,2746,-13342,-13312,-11786,-20207,-5764,-19095,-23742,-25876,-25813,
  -16462,-2071,11253,5823,11996,-3347,-5049,7575,11369,14942,18021,7564,-13456,-11449,-17374,-13071,
  -754,-3727,-7337,-10273,-13212,-10087,5182,8183,15872,22218,17442,16924,20442,18616,15484,23816,
  14400,8690,5818,-10775,-15534,-15056,-21113,-21387,-18411,-26399,-25533,-21189,-17639,-5839,7249,11817,
  16516,26245,27786,30657,31715,31921,32018,32050,31922,31723,31805,31196,30739,28450,24520,19068,
  15121,9793,4140,370,-5528,-6223,-5987,-5806,-4847,-3496,-4500,-3019,-765,-2802,-1288,-3162,
  -5661,-5877,-6413,-8748,-8586,-10249,-12470,-9819,-7040,-2140,6153,13509,19227,24681,28310,30367,
  31571,32114,32261,32325,32330,32280,32169,31920,31463,29934,24312,9669,-12688,-28700,-31703,-32302,
  -32401,-32422,-32433,-32436,-32438,-32438,-32438,-32438,-32433,-32423,-32370,-32325,-31807,-30963,-24399,-7121,
  6156,23893,24553,29047,28700,30256,29134,30452,30311,27830,28580,19925,14968,6097,3845,-2786,
  2358,-2607,-8831,-5068,-18609,-15766,-12209,-7463,-5568,3222,-6999,-11351,-9209,-15471,-8167,-2247,
  -4490,-7379,-7274,-18205,-16777,-8760,-11109,-1156,693,-7619,-4304,-2105,-2538,6697,12302,8347,
  13696,11946,7227,13462,11898,11966,14801,12015,7391,12348,9391,8125,15767,7715,8974,11251,
  8168,11147,16079,13205,13837,13976,10461,14790,18215,20068,21290,21779,17610,19195,20513,21805,
  24850,24332,22304,19407,15189,13518,16663,15141,15313,12013,2014,24,-2043,-806,2245,1897,
  -3148,-8482,-11030,-12094,-6849,-4147,-3630,-5443,-10434,-11143,-9119,-5853,-287,3198,3730,5088,
  6761,7648,14979,19578,23851,27322,27727,28146,28840,28553,28942,29717,29055,28435,26857,20595,
  14758,6219,-1459,-5485,-13052,-21094,-26229,-30145,-31371,-31605,-31857,-31868,-31860,-32048,-32150,-32084,
  -32087,-31832,-31156,-31067,-30201,-29212,-28887,-25994,-21098,-17818,-11527,-5765,-4791,254,2916,5344,
  8884,11908,12715,13855,13885,10198,10577,8464,7199,8327,7329,4235,1914,-1967,-5236,-4144,
  -3610,-2311,-1798,-3578,-6353,-6984,-5774,-3429,1533,3900,3888,3373,2353,1873,5371,8920,
  11378,12966,11882,9382,8584,9589,10862,13995,14465,13045,10337,7503,6084,7050,9616,9929,
  9407,6070,2344,611,1366,2960,4559,4627,1343,-1145,-2991,-1877,322,3242,3910,2215,
  859,-734,929,3683,6875,8191,7922,5863,5354,6468,8490,12033,12636,12320,10379,8888,
  8817,10662,12421,12855,12532,9137,7414,6472,6601,8000,8266,6261,3378,810,-2181,-1755,
  -1739,-2583,-3698,-7391,-10734,-12810,-13724,-13548,-12909,-13523,-15134,-15731,-17061,-16457,-14706,-12974,
  -11309,-10158,-9647,-9364,-7771,-6053,-3949,-2159,-1376,-873,-638,-46,653,1758,2576,3628,
  5049,6434,8630,10902,13202,15627,18179,20644,22854,24893,26262,27229,27863,27921,27831,27622,
  27053,26249,24973,22496,18522,13316,7979,2875,-1158,-4916,-9969,-14593,-19210,-22444,-23853,-24338,
  -24556,-24649,-25424,-26313,-26549,-26364,-25277,-23895,-22728,-22469,-22406,-21974,-20907,-17993,-15019,-11897,
  -10048,-9056,-8021,-5674,-2481,1082,4418,5774,6497,6187,6274,6197,6724,6540,5153,2877,
  -680,-4589,-7886,-10649,-12917,-14249,-16606,-19169,-20927,-22734,-23097,-22262,-21140,-19879,-18089,-17314,
  -15204,-11688,-7921,-3465,418,2690,4580,6870,9251,11544,13758,14276,13165,12060,10576,10189,
  10292,10371,9565,6818,4931,4490,4718,7508,10931,11331,12750,12556,12781,14617,15990,20720,
  20109,20675,17392,12642,8952,5593,8513,1999,3311,-7329,-10386,-14045,-15001,-8534,-6886,-2369,
  -5850,2193,-449,10016,19541,22648,27174,27121,27468,26611,29076,27130,29058,27238,20085,17507,
  8941,2657,106,-1539,-15320,-14878,-21869,-25219,-22275,-21901,-22048,-17992,-17533,-20656,-10922,-7904,
  -3841,9205,7550,9061,15883,14659,16499,22858,22049,22439,25522,20575,19569,19613,13690,14519,
  13214,6506,2576,131,-13063,-13852,-18209,-25156,-23127,-26112,-28341,-28658,-29933,-31073,-30833,-31055,
  -30723,-29556,-29152,-29004,-28374,-27957,-26374,-18251,-10923,-849,5765,7205,9675,13379,18105,24898,
  27971,27896,27892,23409,18307,18205,16087,16984,13938,5646,-6031,-13959,-19440,-20742,-19772,-22047,
  -23922,-26628,-28072,-27429,-26410,-23805,-19847,-17235,-15207,-11601,-10045,-5936,1452,5222,12359,15744,
  15445,17115,17435,17021,20618,22265,21594,22452,18950,14344,13351,9989,11289,12002,8463,5153,
  417,-6358,-6161,-5875,-6964,-5844,-9153,-15290,-16498,-16684,-18343,-13633,-14363,-16585,-12939,-14251,
  -13165,-7833,-6532,-5275,807,3925,8305,15417,17881,21298,23971,26247,27974,29880,30419,30735,
  31002,30615,30652,30756,30648,30558,30356,29189,27811,26108,23403,21903,19917,16866,12823,8846,
  3458,-75,-1762,-4416,-5959,-7801,-11628,-15059,-16687,-18889,-19117,-18935,-19770,-21093,-21907,-23237,
  -23387,-22046,-21227,-19805,-19546,-19847,-20269,-19161,-17728,-16080,-13920,-13932,-13826,-13831,-13377,-12933,
  -11162,-10710,-10771,-10418,-10808,-10239,-9904,-8364,-8249,-7024,-6133,-5460,-3877,-3037,-1858,-1180,
  -164,374,2294,2634,3448,3537,2405,2324,1608,1676,1346,977,-1117,-2757,-4889,-7141,
  -7106,-8290,-8860,-9963,-11882,-13916,-14010,-13888,-12801,-10212,-10044,-9167,-8603,-8151,-5474,-2273,
  1014,3791,5689,5970,7142,8715,9993,12833,14162,14530,13873,12662,11076,10562,10879,10827,
  10638,9078,6928,4883,3499,3094,3285,3552,3041,2341,866,-216,-404,-200,602,1413,
  1480,849,119,-281,-45,1175,2057,2095,1917,929,87,104,217,239,-356,-1570,
  -3048,-4594,-5443,-6250,-7210,-8166,-9619,-10895,-11812,-12274,-12533,-12675,-12945,-12982,-13046,-12428,
  -11557,-10867,-9725,-8869,-7749,-6224,-4553,-2959,-1439,354,1752,3762,5957,7857,9617,11152,
  12276,13637,15179,16713,18110,18980,19502,19728,19945,20409,20824,20968,20763,20143,19562,19049,
  18418,17861,16994,15622,14485,13533,12398,11553,10574,9166,8219,7221,6419,5694,4969,4211,
  3503,3060,2547,2049,1550,1096,810,619,858,967,765,696,343,82,534,861,
  1065,1184,459,-504,-1180,-1690,-1972,-2525,-3582,-5238,-7265,-9149,-10889,-12360,-13804,-15343,
  -16982,-18666,-20057,-21182,-21917,-22267,-22361,-22260,-22004,-21705,-21245,-20544,-19487,-18083,-16507,-14911,
  -13564,-12569,-11725,-11014,-10266,-9487,-8941,-8763,-8996,-9551,-10074,-10399,-10394,-10148,-9855,-9682,
  -9507,-9200,-8606,-7491,-6079,-4440,-2815,-1346,72,1435,3001,4648,6414,8085,9482,10544,
  11277,11848,12409,13016,13546,13815,13731,13289,12618,11940,11410,11023,10672,10144,9460,8735,
  8101,7811,7812,8045,8366,8547,8713,8926,9328,9956,10720,11417,11937,12209,12243,12243,
  12273,12314,12177,11743,11038,10020,8912,7764,6671,5574,4329,2891,1339,-147,-1464,-2468,
  -3305,-4032,-4763,-5537,-6227,-6715,-6902,-6860,-6778,-6799,-7040,-7477,-7923,-8251,-8477,-8650,
  -9031,-9722,-10584,-11509,-12263,-12690,-12825,-12817,-12834,-12883,-12874,-12576,-11796,-10528,-8940,-7365,
  -5877,-4619,-3448,-2095,-517,1139,2612,3556,3972,3905,3644,3466,3462,3423,3132,2460,
  1398,322,-395,-706,-539,-182,-30,10,-95,-124,294,983,1734,2370,2554,2198,
  1627,983,486,323,152,-195,-839,-1693,-2599,-2960,-2844,-2219,-1224,-370,260,873,
  1554,2588,4261,6035,7720,9036,9812,10329,10861,11605,12506,13556,14206,14358,14157,13612,
  13090,13017,13080,13148,13073,12363,11215,9965,8866,8003,7749,7315,6494,5258,3552,1922,
  674,11,-677,-1182,-2290,-3834,-5299,-6677,-7657,-8190,-8411,-9123,-9708,-10759,-11733,-12510,
  -12859,-12812,-12778,-12270,-12436,-12377,-12573,-12593,-12244,-11431,-10356,-9145,-8150,-7981,-7321,-7271,
  -6304,-4895,-3383,-1923,-1124,-940,-1229,-693,-470,986,2279,2551,2686,1736,688,383,
  1089,1398,2668,2703,1804,1725,1152,1938,3690,5220,6654,7613,8007,8390,10027,11087,
  12984,14753,15280,15664,15536,15278,15013,15394,15181,14657,13674,11993,10536,9109,7954,6756,
  5515,3898,2278,741,-994,-2092,-3347,-4655,-5836,-7272,-8897,-10287,-11278,-12017,-12387,-12727,
  -13693,-14241,-14361,-14281,-13234,-12041,-11184,-10475,-9897,-8907,-7578,-5888,-4169,-3309,-2670,-2410,
  -2203,-1655,-1132,-958,-1319,-2148,-3114,-3956,-4723,-5145,-6306,-7528,-8792,-10150,-10784,-11226,
  -11624,-12248,-12636,-13033,-13150,-12353,-11649,-10836,-9986,-9305,-8615,-7441,-6299,-5026,-4009,-3188,
  -2427,-1669,-722,220,712,948,954,1129,1663,2094,2387,2575,2246,2095,2424,2660,
  2914,3433,3483,3793,4351,4687,5163,5526,6018,6616,7511,8393,8980,9446,9754,10213,
  10836,11752,12764,13207,13476,13552,13310,13592,14052,14118,14212,13772,12776,12083,11512,11041,
  10587,9886,9089,8218,7607,7214,6883,6671,6409,6291,6220,6313,6456,6471,6478,6406,
  6271,6167,5981,5675,5327,4898,4463,3961,3436,2909,2289,1706,1153,567,61,-491,
  -1138,-1798,-2490,-3127,-3689,-4275,-4869,-5534,-6237,-6889,-7364,-7787,-8109,-8428,-8836,-9139,
  -9414,-9478,-9433,-9306,-9153,-9072,-8900,-8717,-8407,-8031,-7610,-7185,-6787,-6461,-6231,-6063,
  -5916,-5824,-5792,-5851,-6050,-6399,-6877,-7430,-7891,-8308,-8652,-8949,-9293,-9559,-9783,-9857,
  -9677,-9341,-8867,-8358,-7841,-7308,-6664,-5958,-5142,-4239,-3365,-2575,-1906,-1196,-434,387,
  1303,2191,3103,3929,4722,5515,6401,7313,8251,9149,9940,10699,11370,11995,12578,13094,
  13525,13808,13958,13990,13879,13659,13351,12902,12318,11602,10689,9712,8664,7507,6302,5055,
  3788,2507,1254,67,-1081,-2099,-3005,-3765,-4395,-4846,-5118,-5302,-5303,-5133,-4822,-4400,
  -3915,-3381,-2836,-2392,-1984,-1689,-1469,-1418,-1518,-1802,-2285,-2905,-3663,-4540,-5456,-6430,
  -7395,-8354,-9247,-10030,-10682,-11190,-11481,-11621,-11579,-11436,-11203,-10879,-10428,-9855,-9233,-8561,
  -7918,-7295,-6701,-6089,-5463,-4849,-4247,-3711,-3254,-2830,-2460,-2072,-1691,-1396,-1170,-979,
  -774,-574,-356,-70,233,596,1027,1505,2058,2673,3371,4079,4839,5598,6300,7001,
  7637,8163,8609,8977,9252,9402,9436,9399,9305,9123,8906,8638,8369,8068,7700,7411,
  7094,6789,6497,6225,5946,5671,5385,5155,5003,4841,4748,4671,4607,4598,4680,4829,
  4995,5176,5329,5504,5654,5757,5819,5865,5796,5589,5292,4882,4370,3756,3062,2315,
  1535,712,-154,-1017,-1868,-2699,-3460,-4199,-4868,-5488,-6071,-6632,-7171,-7625,-8025,-8381,
  -8664,-8929,-9145,-9267,-9318,-9320,-9255,-9126,-8953,-8705,-8444,-8197,-7919,-7658,-7429,-7280,
  -7163,-7066,-7060,-7085,-7123,-7215,-7248,-7279,-7262,-7151,-6962,-6619,-6118,-5476,-4716,-3821,
  -2828,-1747,-607,620,1865,3070,4249,5352,6335,7210,7951,8621,9168,9673,10073,10403,
  10677,10914,11215,11458,11733,12060,12326,12630,12921,13138,13378,13551,13621,13646,13561,13389,
  13088,12673,12213,11623,10949,10190,9361,8500,7608,6689,5739,4842,3926,3075,2251,1492,
  808,170,-405,-933,-1438,-1882,-2340,-2784,-3259,-3782,-4361,-4991,-5687,-6451,-7251,-8072,
  -8891,-9782,-10646,-11440,-12111,-12701,-13182,-13490,-13675,-13708,-13620,-13398,-13103,-12717,-12298,-11854,
  -11374,-10970,-10587,-10281,-10023,-9838,-9678,-9526,-9395,-9227,-9023,-8829,-8504,-8086,-7648,-7131,
  -6558,-5895,-5202,-4534,-3853,-3164,-2568,-2039,-1558,-1122,-762,-482,-215,-24,172,425,
  688,969,1295,1638,2062,2530,3014,3548,4084,4616,5123,5637,6051,6411,6728,6905,
  6976,6988,6881,6687,6453,6149,5777,5416,5063,4731,4448,4226,4090,4014,4036,4121,
  4316,4534,4764,5013,5267,5491,5679,5805,5843,5795,5653,5481,5278,5046,4787,4481,
  4135,3789,3449,3107,2743,2424,2115,1828,1575,1300,1060,798,499,236,-20,-325,
  -628,-965,-1296,-1599,-1852,-2056,-2265,-2419,-2537,-2565,-2483,-2279,-1955,-1546,-1061,-547,
  -36,438,849,1190,1489,1641,1540,1244,746,45,-761,-1702,-2727,-3806,-4916,-6041,
  -7068,-7929,-8635,-9140,-9474,-9615,-9591,-9408,-9056,-8559,-7907,-7174,-6405,-5602,-4831,-4099,
  -3383,-2700,-2088,-1517,-1069,-711,-375,-107,108,286,429,537,641,762,875,1002,
  1171,1386,1645,1924,2297,2666,3046,3454,3910,4397,4906,5404,5937,6405,6832,7197,
  7523,7803,8010,8173,8229,8208,8141,7992,7827,7646,7456,7281,7099,6952,6851,6776,
  6785,6873,7024,7236,7412,7550,7611,7674,7671,7627,7487,7225,6822,6303,5719,5082,
  4416,3731,2976,2190,1363,530,-228,-977,-1761,-2586,-3424,-4265,-5140,-5988,-6820,-7652,
  -8431,-9180,-9868,-10491,-10996,-11395,-11694,-11831,-11896,-11851,-11679,-11447,-11172,-10839,-10452,-10044,
  -9661,-9296,-8917,-8557,-8215,-7870,-7535,-7137,-6813,-6440,-6017,-5584,-5109,-4598,-4053,-3505,
  -2970,-2474,-1919,-1387,-870,-350,100,500,878,1290,1693,2105,2480,2847,3233,3605,
  3966,4366,4807,5191,5550,5869,6140,6350,6487,6558,6583,6562,6464,6295,6086,5811,
  5532,5234,4927,4648,4378,4124,3837,3565,3337,3114,2933,2768,2572,2393,2243,2094,
  1934,1785,1614,1453,1309,1114,906,693,467,196,-138,-456,-809,-1212,-1595,-2019,
  -2435,-2806,-3201,-3532,-3854,-4124,-4314,-4408,-4453,-4431,-4368,-4274,-4190,-4087,-3954,-3852,
  -3784,-3726,-3740,-3804,-3958,-4142,-4365,-4587,-4770,-4964,-5104,-5257,-5291,-5250,-5190,-4989,
  -4763,-4522,-4213,-3964,-3735,-3499,-3372,-3299,-3295,-3362,-3481,-3697,-3896,-4077,-4245,-4339,
  -4381,-4306,-4119,-3787,-3387,-2848,-2233,-1557,-828,-106,629,1324,1957,2525,2978,3351,
  3634,3817,3947,3993,3996,3960,3935,3899,3906,3959,4138,4364,4621,4941,5353,5852,
  6354,6919,7504,8093,8665,9210,9704,10115,10465,10677,10851,10905,10862,10727,10507,10214,
  9851,9487,9108,8744,8452,8153,7883,7745,7625,7531,7443,7375,7333,7231,7053,6850,
  6569,6162,5666,5099,4485,3776,3056,2313,1539,841,224,-335,-813,-1238,-1610,-1890,
  -2175,-2436,-2712,-3024,-3419,-3849,-4359,-5001,-5667,-6409,-7255,-8117,-8980,-9865,-10685,-11410,
  -12071,-12632,-13041,-13339,-13499,-13548,-13458,-13280,-13011,-12702,-12334,-11926,-11563,-11225,-10920,-10663,
  -10461,-10306,-10214,-10149,-10138,-10106,-10015,-9828,-9530,-9104,-8567,-7905,-7091,-6143,-5135,-4069,
  -2941,-1830,-685,411,1474,2499,3383,4162,4897,5522,6069,6576,7039,7491,7950,8463,
  8938,9420,9869,10319,10800,11259,11721,12122,12482,12817,13126,13354,13516,13535,13478,13413,
  13200,12914,12570,12101,11569,10964,10281,9519,8767,7984,7207,6519,5915,5344,4830,4411,
  4039,3694,3370,3010,2633,2229,1726,1185,538,-227,-1072,-1974,-2928,-3881,-4847,-5795,
  -6644,-7384,-7966,-8413,-8697,-8943,-9057,-9044,-8991,-8888,-8830,-8750,-8678,-8649,-8673,-8788,
  -8921,-9158,-9466,-9744,-10025,-10241,-10416,-10519,-10479,-10327,-10044,-9659,-9205,-8629,-8002,-7375,
  -6725,-6081,-5509,-4931,-4504,-4162,-3907,-3786,-3728,-3824,-3943,-4065,-4147,-4176,-4139,-3988,
  -3750,-3421,-2993,-2483,-1864,-1151,-380,418,1188,1962,2663,3248,3708,4078,4334,4464,
  4528,4513,4431,4340,4231,4095,3975,3912,3868,3903,4059,4296,4632,4998,5370,5780,
  6251,6594,6908,7168,7299,7427,7474,7377,7252,7109,6843,6564,6283,5940,5572,5267,
  4951,4660,4432,4234,4102,3998,3841,3683,3531,3313,3046,2760,2493,2202,1872,1557,
  1167,800,393,62,-239,-519,-655,-762,-756,-710,-642,-547,-442,-374,-338,-314,
  -407,-491,-614,-820,-1009,-1319,-1662,-1972,-2285,-2590,-2772,-2903,-2926,-2815,-2672,-2439,
  -2142,-1854,-1528,-1241,-996,-725,-538,-398,-285,-261,-325,-403,-537,-666,-744,-851,
  -876,-875,-861,-832,-784,-700,-586,-472,-372,-240,-37,66,121,224,184,78,
  -53,-265,-473,-808,-1196,-1521,-1911,-2387,-2772,-3131,-3422,-3638,-3850,-3903,-3820,-3702,
  -3430,-3065,-2725,-2283,-1863,-1444,-987,-693,-467,-233,-161,-168,-272,-447,-650,-892,
  -1148,-1359,-1513,-1619,-1597,-1434,-1167,-794,-289,339,1077,1857,2697,3535,4389,5155,
  5884,6582,7145,7636,8015,8276,8383,8402,8359,8225,8019,7800,7525,7295,7068,6827,
  6655,6531,6424,6372,6276,6162,6067,5922,5731,5441,5091,4649,4060,3396,2645,1766,
  865,-81,-1091,-1990,-2924,-3796,-4536,-5208,-5769,-6211,-6553,-6833,-7043,-7225,-7434,-7631,
  -7850,-8197,-8593,-9070,-9611,-10210,-10890,-11569,-12204,-12826,-13374,-13779,-14042,-14153,-14122,-13892,
  -13508,-12982,-12277,-11497,-10692,-9849,-9016,-8211,-7442,-6789,-6192,-5679,-5247,-4882,-4536,-4239,
  -3962,-3611,-3263,-2872,-2369,-1793,-1156,-409,394,1223,2108,3037,3934,4826,5673,6477,
  7188,7827,8374,8852,9242,9521,9772,9979,10145,10285,10420,10547,10704,10866,11085,11316,
  11524,11687,11788,11810,11768,11654,11426,11083,10679,10226,9692,9156,8556,7955,7350,6718,
  6164,5683,5200,4778,4409,4052,3716,3373,3011,2566,2124,1656,1187,706,155,-410,
  -1028,-1639,-2255,-2896,-3577,-4243,-4908,-5490,-6020,-6600,-7085,-7514,-7924,-8230,-8480,-8663,
  -8766,-8767,-8747,-8676,-8564,-8502,-8504,-8526,-8575,-8707,-8883,-9081,-9299,-9482,-9626,-9740,
  -9733,-9655,-9448,-9068,-8545,-7896,-7119,-6263,-5323,-4314,-3326,-2381,-1547,-815,-240,293,
  715,982,1191,1321,1480,1619,1757,1945,2195,2572,3013,3596,4336,5122,5984,6853,
  7733,8603,9362,10012,10520,10876,11111,11148,11026,10794,10430,9941,9412,8766,8153,7567,
  6993,6527,6107,5857,5690,5585,5520,5475,5450,5389,5304,5189,5018,4794,4477,4047,
  3525,2914,2268,1542,794,77,-585,-1219,-1798,-2284,-2718,-3082,-3359,-3596,-3779,-3880,
  -3928,-3964,-3953,-3937,-3986,-4069,-4225,-4404,-4586,-4799,-5114,-5350,-5574,-5804,-5935,-6095,
  -6231,-6253,-6248,-6257,-6153,-6016,-5876,-5663,-5382,-5135,-4856,-4563,-4311,-4071,-3890,-3755,
  -3584,-3417,-3286,-3123,-2932,-2740,-2590,-2457,-2298,-2177,-1987,-1807,-1571,-1361,-1165,-922,
  -779,-619,-521,-434,-328,-217,-96,74,294,518,849,1177,1498,1882,2203,2594,
  3000,3340,3642,3920,4059,4115,4064,3853,3596,3259,2851,2467,2069,1725,1474,1229,
  1096,1059,1074,1196,1442,1724,2067,2426,2707,2999,3185,3287,3330,3307,3226,3063,
  2824,2544,2253,1919,1476,1091,781,396,141,-12,-143,-177,-216,-128,60,189,
  380,712,987,1253,1501,1682,1926,2069,2097,2142,2080,1921,1824,1645,1475,1339,
  1106,997,987,864,852,894,963,1084,1202,1314,1457,1573,1643,1738,1761,1726,
  1673,1608,1521,1387,1217,1084,931,796,652,589,535,400,323,219,83,-70,
  -138,-227,-365,-487,-584,-720,-815,-985,-1188,-1274,-1476,-1724,-1967,-2315,-2684,-3043,
  -3477,-3886,-4360,-4870,-5365,-5929,-6355,-6787,-7250,-7476,-7775,-7975,-7920,-8020,-7955,-7729,
  -7664,-7482,-7251,-7088,-6843,-6583,-6369,-6124,-5896,-5731,-5492,-5242,-5097,-4877,-4570,-4282,
  -3949,-3587,-3162,-2626,-2075,-1431,-712,29,736,1466,2127,2806,3451,4005,4640,5200,
  5641,6056,6462,6774,7106,7336,7552,7841,8117,8441,8784,9133,9402,9622,9926,10143,
  10243,10337,10342,10193,10001,9589,9037,8454,7695,6875,6087,5209,4434,3721,3029,2501,
  1958,1518,1207,836,526,280,-156,-525,-926,-1575,-2186,-2870,-3737,-4561,-5413,-6360,
  -7237,-8026,-8860,-9503,-9946,-10406,-10678,-10851,-10950,-10848,-10685,-10455,-9967,-9486,-9032,-8502,
  -7934,-7425,-6925,-6428,-5984,-5491,-5048,-4635,-4101,-3636,-3266,-2841,-2311,-1763,-1140,-474,
  293,1152,2019,2848,3723,4594,5370,6159,6917,7589,8194,8741,9166,9528,9784,9916,
  10070,10213,10144,10076,10046,9914,9688,9405,9146,8862,8502,8133,7837,7628,7304,7057,
  6893,6740,6539,6317,6110,5888,5526,5058,4596,4027,3333,2545,1699,857,-165,-1246,
  -2187,-3174,-4146,-5097,-5957,-6634,-7362,-8099,-8695,-9112,-9499,-9852,-10082,-10124,-10168,-10207,
  -10068,-9868,-9705,-9546,-9363,-9142,-8962,-8887,-8859,-8822,-8889,-9102,-9285,-9484,-9676,-9866,
  -9973,-9941,-9788,-9519,-9097,-8472,-7677,-6803,-5822,-4738,-3621,-2497,-1476,-557,262,896,
  1352,1664,1770,1689,1470,1153,760,325,-101,-450,-709,-864,-904,-820,-536,-79,
  510,1208,2030,2909,3831,4719,5543,6325,6924,7402,7790,8033,8113,8107,7977,7759,
  7525,7241,6930,6699,6535,6424,6437,6570,6834,7252,7735,8273,8887,9484,10015,10464,
  10838,11112,11197,11156,10911,10488,9877,9086,8198,7141,6073,4970,3904,2912,1997,1191,
  505,-57,-522,-840,-1100,-1293,-1358,-1420,-1395,-1398,-1488,-1613,-1791,-2089,-2433,-2833,
  -3306,-3740,-4202,-4672,-5089,-5506,-5879,-6193,-6513,-6713,-6835,-6900,-6841,-6693,-6509,-6249,
  -5924,-5581,-5114,-4636,-4113,-3533,-2969,-2436,-1978,-1589,-1264,-1031,-926,-935,-937,-992,
  -1199,-1340,-1506,-1751,-1928,-2098,-2144,-2121,-2112,-1936,-1633,-1383,-1071,-683,-302,147,
  485,767,1081,1275,1390,1524,1491,1397,1252,977,761,505,98,-165,-399,-627,
  -768,-863,-862,-750,-574,-336,7,342,701,1091,1444,1716,1887,1961,1955,1788,
  1496,1078,568,-68,-834,-1528,-2248,-2922,-3488,-3901,-4257,-4507,-4566,-4484,-4315,-4011,
  -3661,-3241,-2702,-2307,-1916,-1518,-1242,-997,-808,-769,-774,-889,-1062,-1212,-1413,-1504,
  -1622,-1729,-1617,-1577,-1400,-1025,-798,-336,244,688,1357,2077,2736,3493,4203,4826,
  5440,5968,6395,6810,7102,7240,7407,7512,7464,7390,7287,7161,7041,6844,6670,6484,
  6256,6016,5837,5668,5560,5481,5373,5370,5263,5109,5005,4891,4684,4490,4207,3913,
  3629,3212,2741,2179,1526,797,62,-612,-1401,-2212,-2933,-3665,-4405,-5030,-5660,-6174,
  -6516,-6859,-7072,-7164,-7290,-7321,-7369,-7510,-7619,-7878,-8146,-8439,-8882,-9291,-9679,-10176,
  -10486,-10737,-11022,-11011,-10899,-10725,-10276,-9725,-9112,-8302,-7410,-6544,-5550,-4555,-3748,-2874,
  -2068,-1343,-592,41,621,1258,1701,2095,2581,3051,3490,3985,4538,5091,5716,6309,
  6897,7547,8054,8512,9051,9565,9944,10255,10477,10616,10654,10537,10342,10145,9904,9586,
  9336,9064,8760,8470,8201,7892,7612,7305,6971,6663,6263,5668,5122,4530,3750,2912,
  2079,1262,407,-472,-1255,-1955,-2611,-3327,-3870,-4324,-4798,-5243,-5612,-5907,-6208,-6551,
  -6850,-7063,-7357,-7691,-8011,-8335,-8673,-9130,-9531,-9810,-10226,-10629,-10959,-11225,-11390,-11624,
  -11717,-11552,-11249,-10927,-10475,-9836,-9093,-8407,-7688,-6829,-6096,-5504,-4941,-4432,-4041,-3814,
  -3732,-3664,-3607,-3655,-3696,-3537,-3307,-2975,-2518,-1871,-1058,-158,826,1914,3075,4182,
  5173,6107,6938,7571,8032,8283,8403,8425,8308,8132,7943,7676,7461,7344,7325,7417,
  7620,7969,8479,9058,9660,10312,10984,11653,12221,12621,12906,13101,13083,12823,12431,11916,
  11257,10442,9601,8781,7959,7109,6312,5650,5104,4681,4348,4188,4168,4169,4192,4244,
  4275,4201,4026,3690,3227,2597,1728,717,-409,-1640,-2974,-4346,-5621,-6771,-7783,-8613,
  -9298,-9779,-10009,-10064,-9931,-9633,-9270,-8790,-8361,-8054,-7812,-7689,-7771,-7982,-8326,-8770,
  -9254,-9849,-10519,-11133,-11683,-12055,-12238,-12272,-12123,-11679,-10953,-10073,-9040,-7934,-6754,-5548,
  -4418,-3394,-2438,-1707,-1173,-912,-898,-950,-1224,-1557,-1937,-2285,-2595,-2878,-2934,-2813,
  -2505,-2004,-1300,-348,606,1618,2589,3503,4377,5066,5668,6131,6348,6372,6190,5885,
  5469,4943,4442,3968,3663,3390,3222,3224,3297,3452,3702,4179,4773,5435,6102,6645,
  7197,7600,7787,7865,7846,7645,7162,6693,6049,5356,4560,3642,3001,2364,1848,1399,
  1196,1117,1118,1097,1174,1285,1332,1406,1356,1270,1027,537,-100,-760,-1473,-2302,
  -3096,-3865,-4673,-5364,-6100,-6634,-7029,-7229,-7343,-7326,-7169,-7036,-6875,-6695,-6471,-6298,
  -6119,-5926,-5736,-5548,-5420,-5333,-5212,-5071,-4956,-4776,-4475,-4110,-3623,-3113,-2608,-2019,
  -1387,-659,71,883,1719,2533,3284,4009,4658,5208,5688,6110,6471,6760,6967,7134,
  7346,7508,7667,7811,8012,8243,8461,8636,8734,8783,8673,8411,8035,7531,6891,6067,
  5138,4143,3101,1956,868,-86,-998,-1830,-2576,-3190,-3720,-4254,-4738,-5166,-5616,-6070,
  -6582,-7072,-7664,-8299,-8892,-9402,-9852,-10213,-10442,-10564,-10543,-10378,-10058,-9602,-9000,-8280,
  -7462,-6591,-5644,-4717,-3871,-3016,-2264,-1599,-962,-412,95,634,1068,1532,2047,2541,
  3108,3770,4430,5134,5933,6709,7456,8232,8821,9298,9697,9920,10068,10086,9955,9819,
  9601,9248,8913,8621,8340,8090,7955,7880,7925,8048,8184,8410,8619,8704,8769,8836,
  8788,8601,8302,7872,7340,6635,5792,4872,3956,2972,2046,1209,434,-245,-786,-1246,
  -1592,-1833,-2040,-2169,-2228,-2448,-2748,-3041,-3535,-4238,-5083,-6025,-7063,-8255,-9472,-10647,
  -11715,-12792,-13745,-14429,-14974,-15369,-15590,-15579,-15385,-15085,-14698,-14113,-13451,-12811,-12154,-11514,
  -10887,-10406,-10088,-9695,-9416,-9305,-9212,-9160,-9015,-8924,-8874,-8611,-8101,-7470,-6727,-5737,
  -4488,-3117,-1736,-136,1534,3077,4531,5917,7164,8197,8919,9402,9723,9806,9591,9328,
  9038,8702,8377,8130,8058,8117,8299,8629,9153,9802,10452,11092,11746,12281,12665,12828,
  12753,12500,12019,11309,10471,9445,8274,7081,5897,4776,3737,2829,2135,1660,1324,1155,
  1149,1314,1601,1888,2144,2429,2671,2720,2614,2391,2038,1489,791,54,-706,-1519,
  -2384,-3177,-3873,-4430,-4882,-5171,-5208,-5081,-4837,-4458,-3948,-3392,-2823,-2294,-1843,-1447,
  -1250,-1244,-1400,-1715,-2217,-2922,-3735,-4559,-5387,-6139,-6828,-7434,-7857,-8097,-8175,-8018,
  -7729,-7248,-6622,-6014,-5414,-4819,-4356,-4040,-3857,-3838,-3903,-4084,-4458,-4925,-5468,-6013,
  -6455,-6822,-7117,-7255,-7098,-6730,-6152,-5409,-4524,-3483,-2362,-1252,-91,1031,2039,2922,
  3511,4016,4329,4466,4503,4452,4399,4238,4125,4128,4221,4457,4803,5419,6157,6952,
  7807,8592,9401,10082,10648,11158,11488,11624,11558,11295,10913,10333,9674,8935,8265,7654,
  7025,6527,6081,5659,5202,4830,4581,4374,4241,4003,3738,3459,2986,2394,1743,1075,
  170,-761,-1693,-2701,-3628,-4786,-5752,-6600,-7351,-8032,-8557,-8859,-9041,-9173,-9299,-9288,
  -9351,-9344,-9389,-9427,-9458,-9621,-9949,-10296,-10596,-10915,-11216,-11343,-11465,-11404,-11324,-11137,
  -10772,-10239,-9540,-8782,-7831,-6871,-5928,-5034,-4141,-3321,-2592,-1893,-1233,-573,54,613,
  1168,1766,2341,2899,3539,4232,5004,5841,6596,7330,7989,8640,9193,9676,10136,10504,
  10754,10895,10946,10845,10628,10301,9906,9423,8847,8150,7475,6758,6003,5215,4429,3721,
  3046,2417,1783,1197,614,-38,-700,-1382,-2044,-2785,-3573,-4361,-5122,-5904,-6698,-7301,
  -7770,-8090,-8284,-8262,-8032,-7705,-7312,-6775,-6196,-5555,-4937,-4302,-3758,-3361,-3036,-2761,
  -2457,-2173,-1828,-1382,-875,-303,426,1216,2081,3075,4067,5093,6145,7190,8098,8877,
  9507,9952,10183,10252,10201,10009,9720,9374,8954,8522,8131,7781,7555,7384,7341,7483,
  7741,8075,8441,8764,9059,9249,9366,9297,9059,8651,8048,7337,6464,5464,4447,3366,
  2299,1257,343,-452,-1088,-1580,-1962,-2155,-2305,-2414,-2501,-2635,-2873,-3175,-3597,-4197,
  -4886,-5727,-6731,-7765,-8853,-9984,-11117,-12116,-12985,-13756,-14381,-14797,-15068,-15292,-15396,-15369,
  -15224,-15035,-14836,-14581,-14359,-14180,-14013,-13934,-13862,-13809,-13813,-13830,-13830,-13785,-13687,-13514,
  -13258,-12955,-12566,-12075,-11470,-10747,-9903,-8975,-7934,-6748,-5497,-4169,-2780,-1446,-70,1213,
  2467,3627,4637,5575,6398,7118,7841,8495,9058,9538,10015,10592,11176,11791,12523,13373,
  14272,15123,15950,16742,17415,17973,18404,18736,18946,18974,18851,18617,18274,17755,17085,16366,
  15631,14823,14054,13374,12736,12139,11543,10966,10466,9962,9379,8810,8225,7614,6960,6254,
  5487,4577,3563,2501,1452,360,-768,-1819,-2791,-3688,-4504,-5198,-5726,-6155,-6498,-6746,
  -6797,-6750,-6729,-6719,-6621,-6553,-6668,-6902,-7148,-7457,-7823,-8230,-8562,-8769,-8926,-9045,
  -9052,-8852,-8543,-8098,-7503,-6746,-5943,-5170,-4508,-3915,-3432,-3086,-2907,-2854,-2868,-2976,
  -3205,-3480,-3761,-4011,-4328,-4548,-4619,-4644,-4492,-4335,-4022,-3601,-3277,-2980,-2706,-2476,
  -2391,-2439,-2585,-2810,-3247,-3816,-4487,-5231,-6107,-7065,-7879,-8597,-9189,-9646,-9899,-9862,
  -9619,-9176,-8521,-7655,-6687,-5686,-4694,-3728,-2861,-2151,-1597,-1183,-887,-762,-755,-784,
  -758,-710,-555,-156,466,1334,2464,3859,5439,7081,8782,10435,12014,13439,14654,15674,
  16463,16955,17162,17074,16737,16193,15472,14649,13776,12972,12171,11460,10865,10359,9881,9425,
  9059,8692,8335,7897,7281,6566,5633,4466,3098,1639,48,-1706,-3420,-5180,-6776,-8390,
  -9933,-11221,-12330,-13228,-13970,-14459,-14762,-14898,-15039,-15052,-15078,-15093,-15097,-15122,-15071,-14982,
  -14963,-14966,-14879,-14683,-14453,-14002,-13415,-12663,-11751,-10829,-9785,-8706,-7519,-6395,-5235,-4083,
  -3033,-2123,-1313,-584,7,551,1081,1671,2364,3128,3978,4990,6130,7313,8575,9908,
  11249,12640,13904,14991,15850,16495,16933,17118,17167,17087,16909,16648,16399,16155,15960,15832,
  15826,15940,16167,16404,16686,17000,17241,17379,17323,17123,16733,16148,15318,14253,13014,11532,
  9874,8102,6323,4559,2778,1073,-518,-1969,-3420,-4714,-5837,-6813,-7708,-8516,-9183,-9786,
  -10454,-11126,-11837,-12588,-13391,-14229,-15053,-15984,-16943,-17915,-18787,-19560,-20211,-20672,-20946,-21081,
  -21016,-20762,-20392,-19824,-19130,-18348,-17467,-16475,-15455,-14481,-13544,-12692,-11961,-11370,-10833,-10361,
  -9923,-9471,-8992,-8505,-7920,-7283,-6509,-5646,-4723,-3656,-2445,-1150,223,1573,2906,4155,
  5343,6425,7338,8127,8731,9217,9602,9826,10011,10140,10235,10307,10402,10573,10809,11174,
  11568,12098,12702,13308,13928,14518,15002,15380,15671,15782,15753,15610,15255,14779,14222,13570,
  12818,12058,11389,10771,10219,9807,9589,9424,9300,9247,9274,9341,9351,9335,9264,9045,
  8739,8270,7658,6969,6163,5258,4303,3339,2412,1545,792,117,-474,-973,-1378,-1704,
  -1950,-2169,-2395,-2590,-2786,-3043,-3287,-3661,-4087,-4601,-5213,-5846,-6597,-7385,-8178,-8999,
  -9724,-10301,-10786,-11185,-11526,-11673,-11667,-11586,-11392,-11042,-10556,-10048,-9585,-9137,-8790,-8587,
  -8546,-8643,-8822,-9129,-9556,-10025,-10445,-10827,-11207,-11494,-11579,-11513,-11292,-10810,-10113,-9236,
  -8258,-7261,-6233,-5196,-4318,-3593,-3005,-2577,-2283,-2126,-2036,-2051,-2172,-2335,-2432,-2424,
  -2368,-2180,-1808,-1275,-608,157,1058,2029,2988,3854,4686,5511,6188,6637,6958,7219,
  7264,7046,6691,6257,5736,5152,4557,4120,3806,3583,3406,3410,3532,3734,4004,4390,
  4841,5279,5584,5739,5750,5591,5241,4699,4063,3393,2661,1918,1223,666,165,-295,
  -514,-650,-587,-435,-242,176,554,852,1086,1296,1400,1373,1247,1144,990,751,
  509,302,116,-198,-454,-620,-742,-819,-910,-911,-853,-810,-766,-657,-508,-383,
  -278,-208,-133,-144,-217,-301,-368,-433,-556,-702,-797,-896,-1025,-1081,-1037,-930,
  -712,-319,179,677,1137,1537,1871,2116,2305,2492,2713,2955,3165,3377,3500,3598,
  3673,3767,3916,4132,4394,4649,4892,5077,5164,5139,5075,4961,4778,4565,4298,3963,
  3560,3092,2610,2063,1565,1132,711,348,24,-289,-565,-854,-1124,-1437,-1667,-1887,
  -2142,-2385,-2684,-3020,-3384,-3798,-4235,-4653,-5068,-5399,-5647,-5848,-5973,-5999,-5969,-5898,
  -5656,-5367,-5071,-4775,-4499,-4262,-4128,-4034,-4036,-4105,-4134,-4289,-4446,-4576,-4782,-4973,
  -5103,-5084,-4958,-4805,-4578,-4242,-3920,-3701,-3477,-3204,-2951,-2761,-2560,-2280,-2072,-1939,
  -1947,-2001,-2109,-2329,-2577,-2689,-2621,-2536,-2347,-1962,-1481,-1003,-618,-253,85,407,
  673,1027,1405,1791,2174,2585,2959,3232,3358,3479,3644,3850,4148,4765,5625,6561,
  7423,8215,8875,9245,9532,9815,10181,10561,11062,11674,12264,12619,12725,12740,12696,12716,
  12844,13163,13671,14119,14342,14305,14047,13541,12825,12147,11566,11057,10459,9841,9112,8097,
  6859,5451,4118,2972,1964,1091,395,-310,-1145,-2098,-3120,-4145,-5150,-6082,-6924,-7680,
  -8604,-9702,-10844,-12056,-13260,-14273,-15039,-15626,-15999,-16317,-16467,-16514,-16506,-16298,-15850,-15185,
  -14323,-13324,-12242,-11172,-10284,-9551,-8858,-8224,-7637,-6976,-6250,-5577,-4950,-4453,-4034,-3613,
  -3147,-2629,-1965,-1135,-305,485,1200,1797,2238,2626,2962,3314,3676,3989,4139,4105,
  3879,3407,2791,2068,1334,650,21,-552,-1127,-1726,-2301,-2862,-3350,-3742,-3964,-4023,
  -3963,-3826,-3627,-3460,-3378,-3328,-3340,-3402,-3500,-3631,-3813,-4038,-4371,-4817,-5283,-5809,
  -6254,-6616,-6880,-6957,-6906,-6700,-6364,-5908,-5304,-4589,-3796,-2929,-2026,-1139,-334,379,
  994,1495,1822,1983,2083,2147,2160,2134,2197,2358,2602,2971,3519,4251,5154,6187,
  7328,8581,9874,11089,12253,13368,14289,15038,15672,16168,16504,16672,16698,16658,16561,16379,
  16164,15943,15747,15559,15447,15431,15440,15466,15497,15596,15667,15645,15551,15352,15015,14479,
  13764,12887,11839,10580,9098,7569,6029,4425,2764,1253,-87,-1360,-2565,-3624,-4571,-5430,
  -6309,-7141,-7899,-8617,-9428,-10310,-11213,-12194,-13263,-14362,-15396,-16338,-17183,-17975,-18658,-19229,
  -19678,-20050,-20336,-20482,-20500,-20427,-20268,-19998,-19593,-19232,-18812,-18364,-17933,-17431,-17059,-16619,
  -16102,-15633,-15208,-14768,-14276,-13780,-13294,-12735,-12003,-11216,-10337,-9364,-8217,-7088,-6049,-4984,
  -3964,-2985,-2145,-1444,-799,-268,122,426,745,1060,1404,1772,2237,2792,3371,4005,
  4711,5515,6344,7118,7863,8581,9150,9564,9892,10118,10236,10364,10595,10910,11281,11699,
  12160,12650,13130,13636,14191,14842,15516,16219,16874,17411,17835,18103,18257,18307,18304,18222,
  18085,17897,17655,17315,16920,16527,16132,15761,15453,15167,14908,14604,14283,13863,13316,12712,
  11995,11148,10211,9134,7969,6698,5370,3961,2537,1238,-7,-1107,-2066,-2897,-3586,-4152,
  -4655,-5076,-5478,-5875,-6236,-6629,-7085,-7598,-8159,-8864,-9597,-10280,-10978,-11633,-12245,-12748,
  -13190,-13534,-13756,-13935,-13936,-13820,-13689,-13414,-13140,-12916,-12768,-12648,-12511,-12431,-12455,-12486,
  -12514,-12658,-12936,-13205,-13435,-13635,-13816,-13782,-13545,-13120,-12571,-11929,-11140,-10325,-9581,-8875,
  -8057,-7211,-6464,-5667,-4809,-3909,-3115,-2432,-1849,-1324,-911,-519,-43,506,1150,1929,
  2871,3908,4906,5805,6665,7438,8042,8596,9306,10104,10901,11558,12147,12398,12294,11910,
  11377,10733,10041,9492,9147,8907,8536,8062,7481,6825,6170,5581,5257,5185,5166,5041,
  4734,4201,3287,2106,854,-319,-1429,-2483,-3327,-4148,-5015,-6018,-7089,-8016,-8717,-9205,
  -9362,-9184,-8860,-8509,-8206,-7950,-7751,-7580,-7391,-7063,-6662,-6428,-6286,-6262,-6397,-6622,
  -6716,-6686,-6411,-5979,-5427,-4678,-3928,-3160,-2290,-1297,-183,1039,2334,3686,4934,5902,
  6637,7177,7479,7628,7799,7968,8145,8294,8336,8322,8289,8256,8243,8425,8754,9139,
  9513,9829,9940,9831,9524,9054,8546,8033,7516,6922,6303,5539,4654,3686,2692,1782,
  1020,468,120,-139,-311,-479,-664,-890,-1150,-1363,-1529,-1665,-1757,-1803,-1938,-2149,
  -2410,-2717,-3012,-3238,-3355,-3340,-3168,-2980,-2728,-2505,-2314,-2109,-1965,-1826,-1691,-1617,
  -1648,-1819,-2113,-2510,-2948,-3428,-3932,-4435,-4937,-5351,-5708,-5980,-6092,-6192,-6242,-6251,
  -6192,-6212,-6357,-6482,-6701,-7022,-7383,-7820,-8264,-8615,-8903,-9186,-9360,-9439,-9490,-9350,
  -9006,-8576,-7992,-7149,-6211,-5295,-4348,-3415,-2555,-1660,-787,91,1072,2023,2882,3763,
  4475,5085,5594,6086,6653,7227,7904,8647,9450,10184,10957,11712,12385,13091,13724,14317,
  14851,15315,15602,15753,15765,15524,15168,14743,14266,13793,13376,12998,12543,12137,11631,11112,
  10628,10230,9847,9459,9192,8753,8198,7525,6703,5831,4872,3908,2893,1889,791,-279,
  -1359,-2441,-3381,-4332,-5108,-5826,-6520,-7079,-7521,-7971,-8284,-8573,-8886,-9220,-9488,-9920,
  -10344,-10825,-11332,-11826,-12182,-12416,-12606,-12505,-12408,-12107,-11681,-11060,-10340,-9522,-8583,-7748,
  -6769,-5867,-5117,-4333,-3784,-3205,-2641,-2157,-1582,-888,-170,576,1340,2126,3055,3888,
  4838,5889,6852,7826,8719,9462,10044,10560,10918,11089,11309,11139,10872,10569,10040,9298,
  8587,7810,7049,6238,5455,4692,3920,3211,2438,1730,916,82,-697,-1615,-2583,-3661,
  -4989,-6358,-7973,-9636,-11251,-12668,-14115,-15313,-16217,-17308,-18144,-18798,-19358,-19843,-20075,-20319,
  -20440,-20543,-20761,-20985,-21225,-21420,-21618,-21673,-21544,-21309,-20952,-20477,-19917,-19334,-18455,-17416,
  -16237,-14667,-12901,-11017,-8944,-6925,-4925,-2935,-754,1278,3252,5335,7300,9137,10827,12425,
  13779,15113,16205,17284,18321,19170,19951,20575,21157,21472,21878,22250,22379,22635,22713,22732,
  22580,22292,21871,21358,20861,20258,19799,19214,18729,18075,17610,17052,16455,16080,15459,15186,
  14826,14654,14306,14019,13760,13174,12850,12309,11900,11366,10843,10258,9753,9157,8353,7720,
  6778,5778,4578,3390,2278,1115,61,-946,-1930,-3170,-4435,-5829,-7488,-9263,-11087,-12777,
  -14373,-15798,-17260,-18567,-19857,-21154,-22291,-23244,-23894,-24367,-24574,-24684,-24648,-24625,-24641,-24636,
  -24591,-24499,-24346,-24015,-23583,-23061,-22582,-22161,-21737,-21307,-20847,-20210,-19327,-18196,-16848,-15380,
  -13764,-12125,-10437,-8756,-6798,-4726,-2613,-456,1612,3488,5103,6619,7946,9323,10605,11870,
  13166,14293,15302,16162,16994,17763,18537,19376,20307,21241,22064,22766,23330,23697,23893,23999,
  24034,24014,23926,23723,23402,22962,22361,21617,20856,20122,19433,18817,18279,17691,17035,16186,
  15186,14045,12864,11621,10356,9077,7694,6177,4483,2621,659,-1332,-3192,-4890,-6416,-7729,
  -8888,-9894,-10821,-11662,-12369,-12940,-13380,-13633,-13701,-13719,-13684,-13671,-13697,-13788,-13884,-13992,
  -13983,-13860,-13647,-13290,-12888,-12383,-11787,-11138,-10362,-9452,-8419,-7329,-6228,-5174,-4178,-3236,
  -2381,-1620,-987,-494,-74,188,426,654,814,938,1075,1301,1437,1528,1652,1696,
  1689,1616,1413,1136,882,593,238,-81,-464,-953,-1392,-1803,-2285,-2714,-2961,-3148,
  -3327,-3453,-3629,-3871,-4117,-4456,-4780,-4979,-5183,-5321,-5354,-5450,-5558,-5810,-6058,-6342,
  -6625,-6867,-7006,-7092,-7200,-7213,-7267,-7321,-7338,-7370,-7368,-7312,-7188,-7112,-6970,-6884,
  -6943,-7071,-7270,-7510,-7738,-7819,-7815,-7717,-7466,-7228,-6904,-6519,-5930,-5312,-4472,-3406,
  -2302,-1115,34,1146,2216,3227,4218,5171,6124,6944,7802,8488,9195,9844,10456,11139,
  11794,12384,13069,13725,14372,15073,15775,16380,16987,17546,17925,18229,18328,18259,17955,17616,
  17051,16433,15793,15014,14259,13467,12810,12135,11665,11240,10844,10687,10466,10297,10122,9732,
  9376,8840,8164,7427,6721,5938,5177,4285,3460,2647,1732,966,289,-359,-858,-1324,
  -1777,-2298,-2712,-3320,-3839,-4337,-5109,-5884,-6677,-7707,-8923,-10217,-11622,-13039,-14536,-15945,
  -17342,-18596,-19746,-20764,-21604,-22397,-23009,-23466,-23835,-24026,-24167,-24250,-24267,-24354,-24440,-24486,
  -24412,-24422,-24131,-23742,-23341,-22747,-21934,-21007,-19814,-18264,-16487,-14235,-11774,-9215,-6668,-4155,
  -1735,457,2656,4831,6984,9087,11200,13051,14654,16227,17498,18599,19724,20670,21565,22387,
  23047,23498,23840,24186,24290,24345,24363,24312,24147,23934,23585,23132,22626,21882,21218,20473,
  19764,19004,18314,17601,16622,16029,15212,14399,13844,13215,12761,12136,11562,10641,9777,8630,
  7559,6507,5406,4347,3125,2424,1213,491,-309,-1111,-1602,-2155,-2276,-2874,-2887,-3417,
  -3959,-4442,-5135,-5582,-6183,-6639,-7352,-7638,-8396,-8985,-9454,-10154,-10482,-11087,-11258,-11532,
  -11551,-11629,-11420,-11158,-11089,-10497,-10003,-9438,-8889,-8262,-7956,-7607,-7252,-7368,-6828,-6860,
  -6557,-6431,-6100,-6074,-6019,-5569,-5621,-5062,-4825,-4260,-3816,-3257,-2675,-2207,-1535,-1102,
  -564,-314,49,239,516,768,1210,1492,2263,2861,3591,4209,4735,5105,5051,5241,
  4605,4468,3647,3016,2079,880,140,-1731,-2435,-3842,-4608,-5764,-6238,-6936,-7839,-7814,
  -9045,-9485,-10209,-11484,-12332,-13059,-14210,-15147,-15244,-16410,-16552,-16338,-16471,-15975,-15603,-15010,
  -14959,-14042,-13765,-13649,-12975,-12861,-12271,-12238,-11000,-10296,-9672,-7881,-6466,-5237,-3007,-1799,
  -813,692,769,1479,2063,2641,2700,3891,4307,4455,5726,5898,6896,7721,9582,9912,
  12048,12669,13662,14093,14132,14833,14602,15008,14860,15870,14905,15612,15423,15248,14547,14944,
  14139,13967,15011,13790,15283,14824,14665,14215,14499,13804,14011,14922,14460,15920,15306,15242,
  14563,14012,12853,12494,12186,10864,11594,10168,10628,9555,9024,8649,7969,8307,7544,8529,
  6854,6565,4703,3024,1608,-632,-1246,-4087,-4864,-7551,-8582,-10648,-12617,-13664,-16089,-16917,
  -18879,-18388,-20418,-20382,-21020,-22388,-22950,-24016,-24336,-25574,-25103,-25894,-26073,-26109,-26672,-26770,
  -26983,-26897,-26999,-26326,-26288,-25699,-24766,-24240,-22948,-21609,-19879,-18175,-16094,-13341,-11665,-8983,
  -6449,-4803,-2229,-565,1807,3491,5594,7551,9486,11403,13051,15442,16745,18371,19728,20826,
  21337,22433,23169,23561,24403,24593,24963,25289,25242,25677,25847,25785,26050,26010,25861,25937,
  25895,25735,25683,25607,25278,25309,24953,24585,24273,23287,22628,21291,20323,18852,17841,16451,
  15183,13900,12328,11610,9460,9183,7727,7084,6295,5564,4730,3442,2667,860,111,-1436,
  -2383,-3574,-4593,-5834,-7005,-8023,-9269,-9972,-10714,-11238,-11642,-11894,-12060,-12173,-12200,-12046,
  -12190,-12244,-12368,-12557,-13026,-13538,-14063,-14758,-15486,-16312,-16946,-17708,-18283,-18801,-19181,-19573,
  -19759,-19816,-19784,-19467,-19234,-18818,-18473,-18223,-18122,-17953,-17653,-17687,-17193,-16847,-16563,-16180,
  -15600,-15065,-14309,-13258,-12223,-10670,-9171,-7650,-6087,-4560,-3221,-1976,-530,748,2313,3732,
  5215,6455,7505,8593,9442,10267,11118,11925,12704,13385,13911,14132,14251,14317,14019,13596,
  13099,12397,11433,10325,8902,7275,5491,3373,1387,-725,-2738,-4821,-6716,-8652,-10679,-12142,
  -13724,-15005,-15867,-16592,-16993,-17373,-17536,-17835,-17875,-18023,-17873,-17630,-17240,-16761,-16213,-15156,
  -14469,-13147,-11917,-10497,-8774,-7000,-4849,-3114,-764,957,2822,4627,6290,8086,9676,11245,
  12467,13896,14627,15439,16059,16352,16756,16752,16992,16944,17023,16891,16978,16926,16742,16956,
  17004,17099,17152,17240,17011,16892,16668,16127,16131,15536,15302,14783,14474,13724,13140,12737,
  11910,11626,10965,10640,10106,9719,9256,8715,8297,7617,6991,6049,5205,4141,3157,2114,
  1217,145,-446,-1332,-2026,-2926,-3808,-4904,-6196,-7240,-8895,-9874,-11456,-12533,-13904,-15121,
  -15964,-17511,-17878,-18843,-19105,-19741,-19679,-20023,-20276,-20028,-20701,-20654,-20951,-21490,-21612,-21644,
  -21913,-21806,-21117,-21173,-20106,-18874,-17721,-15961,-14262,-12426,-11090,-8925,-7728,-6537,-5048,-4164,
  -2934,-2274,-444,511,1655,3761,5312,6797,9164,10257,11466,12897,13068,13988,14690,15333,
  15536,16732,16837,16976,17731,17482,17852,17996,18716,18084,18970,18189,18047,17045,16145,15588,
  14464,13897,13136,13341,11769,12186,11464,11022,10116,10501,9368,9542,10241,9014,10489,9532,
  9252,8536,8703,7644,8029,8496,7951,9113,7933,7588,6441,5590,4053,3608,2711,1237,
  1469,-504,-429,-2306,-3090,-4136,-4975,-5134,-5974,-5289,-7137,-7123,-8828,-9534,-10159,-10900,
  -10164,-11325,-10152,-11014,-9673,-9934,-9373,-8525,-8736,-7584,-7551,-4984,-5865,-3657,-3361,-3557,
  -3051,-3166,-2469,-3271,-899,-1720,-751,-340,-919,-793,-1053,-1030,-1560,-690,-1932,-1868,
  -2013,-3210,-3362,-4048,-4477,-5407,-5872,-6005,-7463,-7473,-7973,-9104,-9014,-9854,-9506,-10001,
  -9549,-9363,-8874,-8537,-8054,-6653,-6519,-5549,-4812,-4312,-4465,-3083,-2481,-1984,-314,-50,
  1193,2245,2657,4641,5604,6151,7671,7889,7924,8528,8462,7964,7785,7259,6065,6237,
  4845,4097,3360,736,-163,-3024,-3984,-6204,-6438,-8065,-8729,-9979,-11476,-11390,-14837,-13342,
  -15649,-14997,-15406,-14675,-15085,-15601,-14775,-16722,-14884,-15792,-13780,-12629,-10574,-9658,-7672,-6310,
  -5946,-3527,-2447,-720,1050,3097,4458,6372,7320,9041,9377,9890,9717,10663,9876,9859,
  10012,9296,8855,7448,8324,6527,6913,6344,6145,5196,4739,3794,3162,3829,2777,4296,
  3751,4680,3051,3826,5201,3752,6481,6688,7436,7136,8882,9163,10147,12686,11138,16006,
  15828,16798,18987,20124,16154,16351,18525,13256,20273,18955,20407,20654,17800,14913,12792,12486,
  5996,11332,8863,7195,7835,7017,3998,1378,1692,-4820,-3908,-5767,-7461,-5790,-5783,-7796,
  -9741,-10732,-14673,-14771,-13754,-15671,-13698,-14749,-16266,-15764,-15668,-16396,-16326,-14065,-16602,-13701,
  -13226,-12078,-12126,-11601,-12106,-12799,-9638,-10685,-6766,-6529,-6768,-8888,-8528,-9724,-11366,-6655,
  -6800,-5719,-4913,-7418,-8158,-9014,-11283,-8588,-7092,-9343,-7261,-6972,-9201,-7702,-8267,-8520,
  -7259,-7877,-7445,-4514,-4341,-5161,-2581,-2134,-2997,-431,2294,1843,3250,2939,2419,4442,
  4236,6466,9539,7674,7461,9161,6085,7826,9906,8823,11389,11254,10868,13724,13171,13184,
  15277,14348,14721,17300,18378,19582,20165,19526,18873,18160,18446,19065,20586,19707,19555,18264,
  16620,15613,14743,14678,13712,13620,12282,12563,11912,10565,9105,8156,5503,5188,5622,4886,
  6122,4079,3603,2712,373,374,1282,-256,932,1585,43,1500,-799,-1358,-1610,-2793,
  -2560,-1417,-757,-478,-92,-1347,-848,-2346,-2893,-1952,-3149,-3489,-4280,-5081,-6993,-7640,
  -9751,-11008,-11298,-12975,-13357,-13849,-14500,-17164,-16753,-18590,-19699,-18715,-20420,-19836,-20437,-21427,
  -21645,-20968,-22227,-21367,-20725,-21693,-19217,-19269,-16765,-15317,-14902,-14107,-12369,-12222,-10038,-5694,
  -5039,-1969,-643,500,891,2726,3091,4888,6896,6579,9076,9200,8863,8068,8404,6155,
  5699,6257,5023,6129,5017,3483,1512,-431,-3827,-4878,-6754,-9101,-9192,-11773,-12559,-14608,
  -15949,-17888,-18476,-19130,-19514,-18098,-18346,-16687,-16615,-15196,-14454,-13226,-11301,-10258,-7301,-6440,
  -2713,-1020,1887,3679,6086,7999,8865,12756,13353,16301,17766,19588,19773,20419,20992,19848,
  20970,20203,20305,19914,19400,18063,17109,15760,13376,12796,10530,9154,8317,7261,6579,5670,
  5587,4600,3639,4072,3086,3502,3960,4371,5304,5525,6705,6882,7772,7839,9076,9654,
  10329,11969,13143,13724,14145,14771,13642,13844,13744,13292,13970,13259,12944,12619,10556,9445,
  8068,5518,3818,2087,27,-1458,-2580,-4598,-6334,-8000,-11093,-12011,-14430,-15438,-16142,-17456,
  -17883,-19318,-19224,-20671,-19957,-21091,-19751,-20346,-19707,-18070,-19158,-17283,-17905,-16102,-16921,-14465,
  -14604,-13400,-11817,-11996,-9679,-9265,-7214,-6462,-3887,-4165,-2831,-2093,-2067,-1377,-362,297,
  1047,1497,1752,2152,1690,1745,1493,1627,222,1124,387,594,-190,296,274,-683,
  664,602,2014,2447,4074,3869,5237,4700,5070,6564,7593,10017,10424,13817,12560,12655,
  13959,13074,13927,14234,16204,15502,18238,17886,18694,20269,16674,17691,17866,17727,15909,20975,
  16876,15309,17345,11400,15309,12992,13506,11524,12044,5929,3496,5572,-811,1460,1384,1281,
  -1493,209,-2523,-5477,-4013,-8948,-9039,-8920,-8950,-8254,-5395,-5584,-7842,-7534,-10723,-11713,
  -9126,-9867,-7129,-5626,-5076,-5909,-3663,-4901,-6467,-4556,-6494,-4525,-3738,-312,-1011,851,
  -869,-2863,-1560,-2976,-1164,-43,2860,-128,776,733,-2254,-213,139,599,2010,-376,
  -2024,-1142,-4344,-4796,-2175,-4760,-5743,-5903,-8802,-9257,-10706,-13066,-12914,-12985,-15355,-14391,
  -12913,-15216,-16180,-15268,-16441,-16341,-13488,-13194,-11429,-11675,-13184,-10947,-10356,-10213,-5240,-4475,
  -5711,-2646,-4380,-3843,-1247,-2216,-13,1410,208,3085,4221,2648,3339,2558,875,1834,
  2900,4545,5157,4458,2587,1203,104,-808,1323,911,1419,297,-164,-1235,-1598,-1966,
  -2579,-2108,-2950,-2559,-1133,-1010,-2602,-1987,-4505,-4619,-3894,-3882,-844,-1385,-2045,-957,
  -2275,-4134,-1168,-2623,-645,1514,1126,4300,3361,2823,2574,2858,2578,5164,6749,9098,
  11315,8281,9996,8252,6789,7348,8616,9725,10029,12350,10526,11514,9217,6826,5711,6892,
  4907,5556,10070,4240,6702,4119,1455,3208,1284,369,2281,468,-1512,5632,1216,3662,
  3617,-3085,-617,-2863,-206,6493,7650,3692,7525,2229,-1343,6593,4851,10113,10778,10248,
  11159,12263,8863,10358,16133,8274,11760,15006,14875,10818,15085,10973,3975,8246,1299,8336,
  10132,4651,4025,2461,-8092,-8279,-1646,-8752,-1829,-3259,-9075,-9110,-12469,-15852,-14371,-14196,
  -17921,-13222,-15445,-16165,-13719,-17390,-19491,-19572,-20024,-19499,-17007,-15194,-14836,-15885,-16322,-15584,
  -16053,-13647,-12907,-13360,-11407,-10358,-9377,-8010,-6611,-9301,-8349,-10041,-8503,-5562,-6013,-5318,
  -4703,-6273,-8219,-5767,-5923,-4649,-4473,-5458,-4001,-4549,-4465,-1316,1084,228,717,1298,
  1330,2393,3402,7653,10113,9948,11639,13653,13391,12480,13995,15702,17827,20091,22587,23460,
  23123,20671,19268,22451,22193,23712,26220,25677,23664,22999,22393,22231,22313,21408,22428,21557,
  19697,18745,18806,17030,13419,13738,13706,12349,10938,11406,9248,7083,5229,3818,5262,3355,
  1832,1896,85,-2777,-2324,-2044,-3950,-3085,-4144,-6457,-6149,-6653,-8941,-7869,-7551,-10210,
  -7267,-8904,-11071,-9221,-11947,-14069,-11620,-12451,-12730,-10526,-11634,-12300,-13293,-15265,-15351,-14330,
  -14181,-13629,-11769,-12810,-14427,-14894,-15352,-16371,-15882,-15368,-14899,-15243,-16154,-16733,-17389,-17684,
  -18524,-18229,-17806,-18380,-18099,-16650,-17123,-17757,-16938,-17663,-16907,-15351,-13871,-12445,-11853,-12323,
  -11745,-10103,-10532,-6958,-5088,-4417,-3690,-2001,-2009,-1795,-1096,-1938,907,299,3277,4876,
  6304,4979,2006,3783,1750,2302,5070,8255,6447,7680,6905,4054,6748,5585,6373,9265,
  9457,7342,10556,11037,8564,11766,10880,9759,12032,12076,12949,14186,13455,9901,11820,9910,
  8617,12076,10530,9282,8264,7487,3477,5534,2597,946,2639,-617,-572,454,122,-3271,
  -855,-4231,-5938,-3735,-5139,-2257,-363,-1735,-43,139,-3750,-1795,-340,-1896,774,1717,
  1156,2858,2546,2201,3368,2047,-344,1481,2316,1807,4786,6601,4887,4237,3409,2205,
  3950,3396,5324,7939,6163,6782,8316,5457,5379,6354,4708,7498,8601,9508,11466,8944,
  7130,6909,5727,7382,10169,11649,11922,10193,8627,7453,5756,6759,7490,7462,7601,6775,
  6562,4874,3912,1471,1454,35,408,1597,1413,967,-1562,-3613,-4932,-5094,-4746,-2796,
  -3448,-4211,-6731,-7627,-7999,-9526,-7042,-7005,-7766,-7717,-8614,-10490,-9536,-11935,-10226,-8392,
  -10937,-7974,-9842,-11828,-11934,-13317,-14331,-11388,-12477,-13895,-10529,-14950,-15668,-15063,-16147,-16394,
  -16114,-16405,-17652,-15341,-17798,-16702,-15324,-16417,-17115,-14830,-14842,-16040,-11479,-15538,-11253,-10392,
  -11494,-4639,-4302,-5975,-2677,-2354,-5457,4225,2794,5778,11283,4195,8469,10809,8850,12771,
  17723,11821,14044,17503,14674,20483,19079,19321,18704,17125,14883,19041,21933,16811,20887,19407,
  15319,12268,17688,14321,13443,15121,7908,12744,7501,8605,12384,10511,5627,6459,6750,2899,
  8678,6533,9362,7605,6739,9068,7838,9457,8570,7401,4806,7452,7200,10852,13255,9903,
  10415,5676,1664,5335,5500,5441,10667,8593,4431,6119,1068,-2131,16,-2085,-1162,2599,
  1722,-1425,-2293,-9936,-11394,-10957,-11647,-7654,-5748,-8934,-12073,-13160,-17419,-16876,-15897,-14451,
  -12132,-13120,-13932,-13322,-13721,-15558,-14039,-12428,-12458,-11348,-9374,-7120,-7387,-8028,-8248,-7415,
  -7427,-6944,-2662,-1700,-3476,-3135,-2777,-3586,-2148,-2873,-2464,-309,-3781,-2550,84,-1823,
  -5035,-4996,-5494,-7216,-6153,-4877,-5194,-7647,-9744,-11543,-9547,-10147,-11858,-8536,-9741,-12533,
  -11093,-8966,-9694,-7638,-7521,-7427,-5083,-6537,-4577,-707,-453,-439,3243,3622,3301,6631,
  6519,6927,9993,10360,11097,14176,13116,11823,13698,10729,11777,13417,11624,12142,11857,9030,
  7301,5761,4667,4285,2962,3295,2275,276,-944,-2832,-3416,-4685,-5841,-5534,-4557,-6106,
  -6255,-5575,-7088,-8428,-8182,-8380,-8381,-6713,-6905,-5235,-4752,-6591,-6483,-5362,-5456,-4345,
  -1537,-1838,-1373,-1126,-719,355,674,1801,1631,2098,1277,3185,4083,4547,4155,4048,
  4239,1830,3969,4918,5922,5040,5192,5701,5901,5946,4062,8754,5224,4033,7696,8114,
  7181,7687,8383,5630,7005,4860,7567,10370,7428,7359,8601,7218,5222,8932,9813,9453,
  8097,7494,7619,6667,8315,8723,9732,7448,6052,5709,5594,5691,4450,5826,4905,3697,
  3230,3929,2164,-106,710,-420,1457,1619,869,1092,-1158,-5315,-3505,-2706,-3253,-1337,
  -1822,-3643,-5810,-5350,-6948,-5951,-6165,-7033,-5037,-5610,-6844,-7311,-7188,-10145,-9234,-8812,
  -8342,-7532,-10132,-9297,-11364,-13729,-13094,-12687,-13339,-11933,-11617,-14500,-14218,-16091,-16396,-13994,
  -13624,-13212,-11021,-12270,-13206,-11683,-12496,-11569,-9121,-8970,-7753,-4586,-5743,-5707,-4036,-4668,
  -3529,-138,-252,2693,5351,2170,4056,6826,6349,6421,10938,10240,10415,12173,12468,14785,
  14035,13423,13702,17147,13623,15423,18477,16082,16512,15877,16692,16306,16029,14415,16304,16443,
  12255,13386,13187,11452,9110,12066,10802,8216,8182,4034,5450,4591,4445,5990,8005,4369,
  1963,4128,1128,2549,4533,5785,5797,6371,4355,3950,5183,2706,4240,5891,5255,5447,
  7661,5112,3881,4390,1706,2577,5165,4240,4676,5247,727,221,1474,-1174,-70,1401,
  -2174,-3411,-2222,-5279,-5178,-5514,-9471,-9615,-9646,-11441,-10156,-10245,-14012,-15116,-15300,-16437,
  -15691,-14884,-16185,-16822,-16815,-17423,-16439,-14843,-16192,-16592,-15977,-16244,-14766,-12153,-11318,-11747,
  -11492,-12243,-11175,-8141,-7386,-5836,-5131,-5113,-4918,-2835,-2325,-2207,-2148,-3485,-2456,-1431,
  -147,942,202,-2896,-4519,-5655,-6290,-3184,-2636,-3377,-4589,-6854,-8817,-8957,-8476,-8569,
  -8429,-8508,-8691,-8186,-6577,-6366,-7309,-6859,-7360,-6254,-3891,-1257,811,2405,3036,3121,
  5217,5399,6261,8930,10912,11511,14601,15719,14914,14635,12701,12582,13309,13189,14873,16061,
  13203,10193,8947,6224,5006,4813,4790,4113,399,-2091,-2694,-4254,-6177,-5980,-6541,-8923,
  -10318,-10473,-10125,-9929,-10575,-11784,-8783,-9505,-10787,-6730,-6669,-8421,-6666,-3842,-2124,316,
  325,1714,2421,1423,3381,6511,8478,7226,8457,9797,8903,8489,9924,10593,9248,9766,
  9159,10735,10355,8820,9526,8797,6741,7268,9212,8239,8642,9063,6574,6578,6993,5669,
  6130,8108,5495,6760,7754,4734,7242,7095,4761,7469,8114,6325,8682,8928,8368,9389,
  8651,9062,10129,10136,9439,10599,10258,8584,9087,9554,8903,8321,8520,7218,6266,4743,
  4239,3635,3415,2483,1298,716,-2069,-3434,-3204,-3899,-5668,-5746,-7110,-9697,-9631,-10864,
  -10409,-11508,-12911,-13448,-13241,-14150,-13927,-12077,-14120,-14251,-15446,-14323,-13420,-12870,-11751,-11520,
  -12103,-14980,-12003,-11987,-10889,-11089,-10137,-8332,-12430,-10770,-9326,-9333,-11020,-8153,-7898,-7695,
  -6175,-8266,-5596,-7031,-9825,-7339,-3813,-5776,-4446,-1804,-5522,-6226,-6393,-4871,-3325,-1768,
  -2567,-2066,-933,-3175,-625,1401,1300,796,1732,2758,3983,6186,6057,8251,6534,5690,
  7506,8451,9291,10278,10901,11341,10859,10366,12809,11355,10907,11385,13018,13378,14540,15516,
  13164,13284,11655,11703,13228,13853,12608,14068,13505,9628,11334,9629,8338,8547,8678,9071,
  8058,7346,6533,6651,4750,4842,4765,4484,5132,4355,4265,3715,2598,2467,3515,3195,
  3899,2907,1296,1175,1228,1099,3211,3845,2197,1352,-411,-2043,-1388,-1266,-1999,1245,
  -1601,-4596,-3481,-5715,-9483,-8809,-6930,-8488,-6072,-8368,-8748,-10435,-13664,-14411,-11211,-10229,
  -13494,-8896,-11397,-13860,-13734,-15071,-13899,-12976,-14110,-13703,-9861,-15033,-16020,-13076,-14301,-13487,
  -11765,-9439,-11172,-9760,-12177,-10843,-6958,-8962,-6384,-3761,-4046,-6219,-2854,-3672,-4152,-2070,
  -3120,-1192,160,50,-19,1646,-1850,-2694,-1044,-1491,297,2642,1881,68,-101,-2507,
  -2482,-264,-39,346,1855,228,-815,1451,-62,-761,1752,1950,1720,5317,5613,3840,
  5383,3572,4443,8949,9026,9041,11098,7896,6903,10003,9804,10757,12076,9804,8652,9160,
  7859,7508,8373,6192,5265,5824,5085,4525,4430,1154,-1073,-1120,-1521,-512,781,-788,
  -3026,-4893,-6937,-6107,-5505,-5375,-4406,-5509,-6382,-5406,-5617,-6079,-5006,-5779,-6326,-4348,
  -2753,-1702,58,-801,-2706,-1940,-1779,-300,2599,3278,2465,2793,2422,2851,4358,5340,
  5271,4564,4588,5212,6206,7880,7823,7287,7094,5249,5526,6586,6971,7356,6499,6758,
  5626,4298,4468,4438,3137,3200,3280,2774,3026,1347,853,1037,-1141,-1420,452,-1268,
  -2010,-952,-2647,-2925,-2735,-3964,-3800,-3720,-4664,-3552,-2112,-3400,-2077,-1532,-2808,-1834,
  -3248,-2128,968,546,1341,3563,1710,65,2069,380,1425,2904,2502,4516,5843,3885,
  1518,2799,694,952,4740,5527,5305,4689,3549,1974,2037,944,1540,3661,2032,1846,
  3088,1943,-268,-1292,-1892,-3174,-2342,-1864,-603,-267,-1855,-3551,-3347,-3176,-5166,-3422,
  -2321,-2439,-3052,-1277,-982,-1532,-1105,-3326,-2190,-2753,-3867,-2254,1322,-241,-75,1156,
  -2198,-3015,-4178,-4005,-1551,-13,-570,1969,489,-3875,-4200,-5501,-6534,-5058,-2906,-2433,
  -1014,-3496,-7004,-8252,-11265,-12126,-9875,-7586,-6742,-5458,-6914,-9546,-11318,-12610,-12458,-10342,
  -7290,-5717,-4815,-5037,-5949,-6904,-7582,-6736,-5192,-3646,-3010,-983,81,56,-197,-440,
  -32,63,841,3354,6023,5953,6430,7260,6989,6687,7129,8535,9329,9524,9413,10858,
  10661,9479,10243,10920,9870,9582,9763,9254,9983,9011,10311,11807,10696,9958,10223,8502,
  7743,8456,8412,10657,10210,9053,9415,8237,6270,6937,7270,6621,7946,7467,8403,9320,
  7867,7636,7387,5632,5576,6975,7845,9027,9191,7721,6826,4650,3479,4159,4192,4471,
  4612,4249,2859,1982,82,-1401,-1671,-2165,-3197,-2963,-3121,-4922,-5527,-6767,-9033,-9817,
  -10839,-12876,-11814,-12128,-14386,-13442,-15049,-17094,-16571,-17427,-18447,-17234,-18154,-19538,-17996,-18645,
  -18961,-17198,-17511,-18343,-17263,-18713,-18924,-16177,-16632,-15353,-12456,-12114,-13395,-12325,-12519,-12645,
  -10250,-8883,-5153,-3786,-3464,-3985,-2132,-3240,-3780,-321,545,2821,3712,5465,5364,4160,
  1968,1675,4331,3517,4765,6140,5736,2073,1607,1966,-397,853,-988,-97,-112,-1074,
  -1377,-75,-147,-3034,-136,-121,128,1235,2849,3298,4303,5927,6331,9504,9093,8942,
  10031,10613,10393,13689,15609,15054,16464,15228,13567,14458,14465,13906,15974,15193,14186,15907,
  14565,12594,12363,10029,7103,8509,9013,9369,9803,7056,4327,1953,601,432,1266,856,
  -366,-1110,-984,-2376,-3394,-3410,-5853,-6625,-5373,-5189,-4033,-3402,-5328,-6758,-6628,-7605,
  -6542,-5167,-5993,-6903,-6193,-6438,-5332,-3315,-4235,-5687,-5389,-5852,-5319,-1773,-832,-970,
  -493,-1534,-1205,292,893,1749,2215,1297,2229,3750,4921,6594,6534,4154,3346,3503,
  3598,6718,8025,7115,7211,5413,2791,4284,4149,2747,4119,3692,2550,3715,2948,1364,
  886,-611,-1968,-831,876,-232,503,747,-2548,-2398,-2246,-2912,-1784,-1606,-2680,-1184,
  -2054,-3923,-2067,-3313,-5333,-3675,-3228,-3635,-2083,-2667,-3106,-3119,-4994,-3971,-2531,-3366,
  -2561,-1291,-2615,-3124,-2971,-4712,-2936,-2489,-4287,-2481,-3287,-5131,-4475,-3794,-4482,-4170,
  -3370,-3646,-3542,-5151,-4987,-5360,-4041,-2652,-2573,-1262,-3452,-5657,-5535,-3398,-3687,-2766,
  -325,-1511,-2030,-2518,-2794,-2339,-1802,-1609,614,3362,1781,2098,2865,-203,-723,1026,
  2651,4746,6542,4474,4328,3234,-476,629,2784,2704,2908,5413,3535,2919,1614,-447,
  970,345,301,2005,4021,1642,1691,1095,141,-706,-1468,593,851,555,283,1152,
  -1,-865,-1275,-252,-122,-1338,153,723,1019,1660,2828,2215,2259,1366,421,2667,
  3296,4483,6942,7034,5140,4973,3045,1871,4177,5365,6522,8504,8416,6396,5556,4475,
  4028,5243,5604,6878,8225,8144,6716,6751,5431,3020,2633,3049,3772,4378,4433,3942,
  3423,444,-1127,-351,-1119,-1431,190,1545,856,517,-727,-1431,-2100,-3406,-2421,1,
  -611,-1317,273,-2175,-3450,-3751,-4570,-3631,-2761,-3782,-2049,-1434,-4545,-3904,-4436,-5714,
  -4704,-3732,-3150,-1917,-3680,-5871,-5053,-7148,-7235,-5141,-5069,-5508,-6387,-8113,-8913,-9124,
  -9948,-8693,-7590,-8750,-8584,-9000,-9718,-10464,-10526,-10262,-9697,-8098,-7835,-7669,-8091,-8820,
  -10247,-9151,-8431,-7430,-4666,-4293,-4543,-4397,-5475,-6346,-3937,-3084,-804,2050,1609,1829,
  1050,669,1298,3366,4934,6730,7059,6179,5877,5450,6633,7945,8956,9296,9139,7619,
  7529,7744,7884,9504,9084,8352,8146,6934,5632,6428,5726,4591,5029,3433,3332,4002,
  3430,2920,1905,-173,-861,-851,814,3103,2999,2350,692,-1003,-1237,-218,1363,2555,
  2997,2330,1961,1267,512,-168,164,575,667,2000,1866,1113,397,-126,-617,-419,
  286,601,904,369,54,89,188,151,-192,-1219,-1792,-1869,-2155,-1547,-1340,-2311,
  -3071,-3785,-4675,-4197,-4376,-4715,-3828,-5419,-5882,-4419,-5038,-4876,-4248,-5463,-6076,-5942,
  -6293,-4401,-3511,-4318,-3582,-3534,-4961,-4279,-2584,-3119,-2406,-1604,-1020,123,557,967,
  2111,1144,-79,3014,3299,3839,6368,6335,5635,5553,4909,4875,6324,5462,6951,8667,
  6713,6780,7678,5570,4380,5523,4456,5118,6011,5658,6534,5429,2522,2590,2592,928,
  2950,4140,2643,2527,1071,-261,-480,-688,-831,317,-473,-1397,-746,-1522,-1887,-1690,
  -1754,-1791,-1222,-1517,-1042,-422,-1542,-913,18,-552,-71,348,-298,-164,-640,-861,
  303,385,210,1342,253,-996,-824,-1206,-838,100,679,512,633,-913,-1003,-906,
  -1844,-895,-388,-1116,-487,-332,-1455,-830,-1620,-1861,-775,-860,170,1215,98,431,
  1476,58,1843,3431,2260,2916,2626,1391,2440,2830,3038,4654,3090,1465,1952,710,
  229,1936,1834,1052,1571,672,121,-282,-1558,-1167,-1265,-1865,-557,-435,-1661,-2544,
  -3555,-4317,-5087,-4887,-3571,-3922,-5384,-5064,-5753,-7194,-6399,-6264,-6267,-5897,-6070,-5752,
  -4554,-5518,-5592,-4064,-4542,-4321,-2441,-2020,-2824,-1913,-2550,-2345,-675,-348,398,1690,
  1516,79,1010,706,1301,2924,3852,5174,5645,4417,3848,4779,3387,4353,6483,6760,
  7248,7705,6718,5953,5619,3556,4703,5460,4958,6447,7248,6062,5286,4459,2425,2247,
  2648,3571,5181,6658,6607,4949,3128,1305,627,815,2501,4368,4947,3767,1978,784,
  -1139,-1673,-1110,290,978,893,833,762,-828,-2520,-1750,-1142,-654,-72,539,58,
  -1339,-2628,-2727,-1940,-3056,-2948,-2375,-3808,-5976,-6172,-7027,-7082,-7040,-7675,-6469,-8186,
  -10716,-11267,-11693,-12953,-11517,-10863,-10371,-10458,-13708,-14577,-14862,-15778,-14698,-11850,-11565,-11254,
  -11548,-12897,-11871,-12373,-11677,-8879,-7543,-6640,-4695,-3889,-4048,-3719,-4066,-2926,-1103,-48,
  2959,3951,3705,3281,2995,3065,4483,5919,7018,8602,8080,7747,7082,7439,7770,8585,
  9496,9164,8450,7611,6596,5900,7739,6975,7169,7499,4681,3953,3668,3014,3911,5604,
  4256,4440,4191,2640,3475,4289,3865,4467,4702,3314,4619,5087,5047,6039,5365,4001,
  3526,3598,3902,5663,6038,6209,5230,3479,3505,3292,4345,5992,5680,4951,4702,3269,
  3560,4126,3869,3497,2276,1876,1801,1642,1256,451,-734,-1850,-2393,-2631,-2358,-3429,
  -4271,-4850,-5175,-5742,-6328,-6157,-7171,-7678,-7584,-7624,-7873,-7689,-8185,-9119,-8794,-8470,
  -7745,-6561,-6404,-7152,-6900,-6778,-6015,-3977,-3015,-2318,-1266,-1917,-2035,-171,-82,725,
  2557,2163,2908,3388,3188,4308,4147,3309,4559,5015,4677,6254,6510,5714,5174,4796,
  5132,6170,6005,6161,6946,4760,4125,5562,5377,4598,5854,4936,3625,3966,3145,4256,
  3867,2811,3496,3544,1917,2188,3091,1430,1530,1499,1539,1907,1416,1236,1520,-336,
  -1724,-84,-605,-499,1002,257,-1381,-2405,-3839,-3410,-2201,-3003,-1367,-1080,-3912,-3931,
  -3999,-5138,-4489,-3466,-4357,-3298,-3748,-5164,-4362,-5107,-6531,-5473,-4753,-5597,-4452,-4629,
  -5879,-5226,-5891,-5878,-4011,-4256,-4052,-2315,-3188,-3514,-1993,-1825,-1115,428,46,718,
  647,-179,685,1546,1010,1765,2600,1036,1560,1245,307,891,890,839,2303,2196,
  2004,2607,764,645,1493,1384,2516,3912,3046,2418,1945,1065,1575,1408,2295,2817,
  1406,1439,2001,1188,1739,2044,1160,1361,710,1149,2807,2110,1257,2320,788,-374,
  1526,681,203,1100,-288,-187,100,-1970,-1045,-938,-3303,-1601,-459,-2073,-1218,-890,
  -2817,-2547,-2011,-1536,94,-53,-465,-106,-1151,-1762,-357,-30,-251,581,925,429,
  330,-114,-276,-1061,-593,1104,1394,1774,2084,1069,-457,-606,-472,201,1432,2393,
  2814,1708,597,-588,-1312,-676,18,1222,2025,1439,1055,699,-772,-909,-77,-14,
  1160,2054,2306,1803,711,538,407,398,1512,1708,1140,1801,1250,794,1585,1402,
  841,869,511,515,1135,1087,1901,2022,486,324,497,-587,-252,389,7,-232,
  -690,-797,-1085,-2477,-2625,-1842,-2919,-2821,-1608,-2076,-2433,-2562,-2946,-2951,-3385,-3217,
  -2108,-2228,-2372,-1892,-2229,-2699,-2797,-2779,-2482,-2319,-2295,-1772,-1558,-1940,-1631,-1258,
  -1045,-690,-556,-199,138,43,685,2021,2223,2009,2268,1999,1628,1927,2746,3419,
  3363,2996,2970,2566,1847,1954,2234,1865,2019,2585,2257,1670,1235,363,-132,179,
  531,1498,1836,720,-246,-1500,-3024,-2218,-796,-249,798,307,-1884,-3156,-4095,-4316,
  -2553,-1188,-356,622,-958,-2605,-2684,-3921,-3784,-1617,-801,50,1149,142,-1177,-2448,
  -4266,-3920,-2724,-1978,276,1142,-627,-1968,-3717,-6199,-6239,-4708,-3199,-1016,-149,-1330,
  -2910,-5607,-7847,-7254,-5907,-4386,-1845,-668,-1898,-3680,-5329,-7019,-7190,-5658,-3373,-1133,
  -163,-165,-847,-2768,-4204,-3704,-2594,-1292,1280,3120,2843,1953,439,-1245,-1965,-1380,
  639,2656,3782,4255,3328,1085,-663,-1097,-348,1158,3615,5671,5537,4373,2911,1002,
  364,1800,3989,6213,7748,7573,6096,4214,3011,2963,4134,5866,7756,8804,8440,7634,
  6199,4393,4115,5035,6601,8721,9934,9823,8108,5696,3870,3533,4360,6097,8322,8514,
  7107,5367,3264,1256,1685,3206,4194,5406,5187,4425,2983,1253,700,1390,1690,2280,
  3513,2723,1744,625,-495,-871,-1134,-966,-153,-687,-2017,-1623,-2644,-3625,-2720,-2304,
  -2363,-2200,-2857,-2960,-2376,-3246,-2188,-951,-2445,-2376,-2119,-3098,-3026,-2150,-2868,-2320,
  -2424,-3648,-2855,-2784,-3727,-2991,-2233,-2983,-1925,-1301,-2075,-1388,-1710,-2089,-638,-675,
  -865,609,-89,-1196,-630,-998,-1058,258,-9,317,121,-1371,-1402,-703,-907,-115,
  1291,-139,-241,-639,-1785,-1167,-709,-835,153,-309,-1306,-813,-2434,-2968,-2296,-2824,
  -2458,-1240,-1917,-2704,-3170,-4377,-4099,-4057,-2840,-1396,-2428,-3052,-3104,-4419,-3934,-2353,
  -1895,-1014,-1974,-3082,-2433,-3028,-3582,-1585,-1847,-3114,-1256,-1781,-2820,-2152,-3672,-3938,
  -2698,-3492,-1505,188,-2367,-2448,-2400,-4937,-4078,-1640,-1447,-364,-105,-1411,-1609,-2617,
  -3150,-1776,-1254,-1068,723,1167,119,-339,-960,-1938,-1465,-281,1470,1904,1887,2365,
  1182,363,762,1097,1218,2493,3489,3859,4033,3714,3501,2708,2626,2963,3349,4565,
  5218,5678,5594,4044,2928,2869,2386,3167,4872,4714,4375,3476,2277,1371,565,1004,
  1534,1582,2267,1901,130,-347,-1416,-2278,-1162,-365,-163,161,-551,-1759,-2372,-3288,
  -2647,-1409,-1619,-973,-199,-1514,-2132,-2051,-2700,-2772,-2388,-1133,311,61,-195,153,
  -1599,-2393,-791,212,1484,2794,2932,2519,1172,225,1031,1546,2236,3686,3981,3320,
  2534,1711,1318,1179,1184,1942,2614,2315,2195,1917,1235,795,484,752,1245,977,
  821,1382,1144,564,744,550,-100,-429,-243,183,314,261,558,505,-78,40,
  421,-93,-414,31,122,283,908,975,581,159,-856,-1193,-1010,-1202,-577,-49,
  -993,-1185,-1351,-2632,-2626,-2480,-3233,-2890,-2453,-2579,-1873,-2032,-3002,-2894,-4077,-4980,
  -3544,-3218,-2839,-1253,-1782,-3055,-3273,-4186,-4280,-3199,-2879,-1639,-532,-1204,-799,-660,
  -2239,-2358,-1548,-1583,-294,1498,1812,1917,1214,-560,-1166,-1431,-1323,884,2693,2727,
  2673,1630,-761,-2029,-1327,-47,1846,3718,4365,3653,1618,-183,-398,61,1502,4311,
  6098,5488,4313,2644,291,-298,924,2872,4985,6093,6170,4625,1943,339,252,1062,
  3164,5806,7208,6434,4665,2673,284,-411,1140,3076,4936,6198,5595,3439,891,-1133,
  -1726,-1083,1133,3652,4828,4566,2856,304,-1933,-2373,-894,1175,3232,4268,3853,2167,
  -100,-1550,-2463,-2413,-1345,85,1202,1333,509,-1100,-3297,-4993,-4940,-4126,-2583,-246,
  591,-121,-1657,-4168,-5807,-5730,-4973,-2789,-669,-631,-1516,-3185,-5404,-6617,-6509,-5353,
  -3618,-2298,-1678,-2213,-3914,-5292,-6035,-6007,-4714,-2878,-1171,-263,-464,-1509,-3002,-4213,
  -4090,-2562,-671,1272,2539,2216,652,-1145,-2237,-2286,-1125,1095,3069,3750,3192,1817,
  -187,-1502,-1238,57,1916,3398,4131,3600,1637,-77,-927,-1275,-223,1548,2490,2598,
  1819,469,-616,-1394,-1508,-685,-27,729,1577,1340,935,708,-134,-705,-583,-201,
  625,1680,2241,2034,1109,0,-799,-1086,-685,145,453,255,-58,-470,-670,-660,
  -830,-1264,-1682,-1721,-1227,-404,536,905,301,-661,-1634,-2231,-1940,-1149,-344,319,
  147,-673,-1610,-2928,-3958,-3980,-3416,-2357,-1182,-926,-1786,-3120,-4441,-4826,-4105,-2787,
  -1241,-366,-610,-1134,-1681,-2391,-2313,-1555,-957,-272,526,886,870,747,406,-157,
  -465,-35,990,2053,3018,3571,3049,2116,1570,1238,1351,2232,3253,3934,4182,3826,
  2776,1299,180,31,777,1991,3159,3532,2761,1398,10,-839,-934,-225,1192,2569,
  3197,3009,1818,-50,-1579,-2144,-1501,175,1909,2894,2692,974,-1148,-2472,-2784,-1741,
  408,2368,3400,3241,2198,846,-234,-202,876,2408,4013,5190,5353,4389,2848,1370,
  507,881,2629,4514,5619,5517,3972,2019,965,969,2147,3930,5214,5601,5230,4328,
  3221,2321,1973,2335,2962,3811,4517,4428,3505,2097,700,-90,217,1492,3127,4290,
  4308,3277,1691,280,-42,882,2566,4090,4449,3518,1748,-526,-2259,-2450,-1516,-243,
  738,736,-829,-3447,-5702,-6555,-5984,-4431,-2449,-1490,-2253,-3889,-5510,-6990,-7445,-6533,
  -5272,-4148,-3424,-3833,-4884,-6328,-8071,-8809,-8604,-8043,-6295,-4614,-4562,-4964,-6435,-8854,
  -9836,-9420,-8105,-5463,-3518,-3229,-3695,-6102,-8567,-8721,-8604,-7084,-3886,-2559,-2451,-2507,
  -4317,-5981,-6243,-6126,-4218,-1521,-47,1751,2146,133,-1066,-1711,-2612,-1218,1476,3267,
  4853,5034,3046,998,-1105,-2315,-599,1831,3642,5603,5553,2967,501,-861,-1457,-100,
  2855,5408,6610,5811,3746,1613,-411,-715,1498,3948,5399,6548,6104,3465,1324,259,
  37,1486,3727,5959,6829,5903,4489,2680,814,646,2213,4156,5782,6975,6883,4633,
  2270,905,26,815,3180,5179,5991,5450,3380,854,-1104,-1169,379,2149,3852,4397,
  3415,1583,15,-897,-1401,-961,102,1024,1563,1293,629,-932,-2589,-3399,-3480,-2782,
  -1735,-692,-286,-952,-2168,-3102,-4075,-4267,-2873,-1740,-850,-14,-393,-1071,-1494,-2273,
  -1977,-1113,-957,-180,487,186,-82,-386,-786,-835,-649,-109,500,802,1377,1657,
  1326,1173,1032,1068,1494,2145,2870,3203,3032,2634,2042,1154,878,1339,1843,2384,
  2784,2627,1814,886,559,639,1043,1879,2624,2520,2007,1597,975,683,788,1125,
  1245,718,470,379,-96,21,302,-245,-791,-1133,-1261,-812,-186,439,1044,730,
  73,-379,-1157,-1059,4,669,1310,1664,919,-360,-1682,-2913,-3472,-3119,-2037,-873,
  -432,-1022,-2578,-4831,-6490,-6530,-5238,-3112,-1147,-442,-1201,-2891,-4723,-5898,-5926,-4657,
  -2724,-1008,98,-125,-1777,-3912,-5702,-6254,-4906,-2485,10,1606,1079,-916,-2928,-4289,
  -4038,-2121,185,2006,2922,2433,1013,-642,-1985,-2165,-1312,121,1909,2971,2425,1147,
  -442,-2105,-2560,-1579,-67,1502,2632,2628,1500,12,-1114,-1638,-1481,-459,1000,1889,
  2148,1690,38,-1984,-3138,-3201,-2133,-221,1414,1786,712,-1060,-2623,-3386,-2970,-1455,
  381,1671,2114,1425,-184,-1946,-2987,-2647,-1267,405,1784,2068,1033,-479,-1818,-2443,
  -1988,-838,523,1693,1970,1733,1282,312,-452,-480,-196,632,1832,2752,2946,2107,
  753,-566,-1364,-876,760,2401,3247,3140,1974,527,60,891,2245,3600,4533,4464,
  3740,3106,2678,2555,2803,3287,3639,3693,3490,2812,2078,1634,1589,1905,2439,2814,
  2945,2873,2611,2448,2394,2574,2918,3228,3584,3824,3576,2967,2193,1437,1115,1272,
  1748,2123,1849,887,-497,-1853,-2431,-1860,-782,80,411,-357,-1773,-2708,-2903,-2356,
  -1420,-653,-494,-683,-1103,-1592,-1971,-2261,-2255,-2164,-1971,-1686,-1476,-1481,-1678,-1946,
  -2213,-2307,-2090,-1724,-1154,-624,-365,-259,-290,-616,-781,-768,-682,-256,146,342,
  318,-43,-568,-928,-1032,-773,-238,307,632,579,250,-83,-206,15,609,1257,
  1662,1856,1655,1034,538,280,367,697,1142,1304,957,271,-422,-924,-1156,-1045,
  -672,-275,-41,-29,-430,-1115,-1710,-2087,-2014,-1398,-605,-231,-563,-1490,-2626,-3554,
  -3841,-3397,-2554,-1916,-1714,-1979,-2676,-3381,-3700,-3507,-2955,-2201,-1493,-1047,-964,-1106,
  -1503,-2060,-2558,-2640,-2310,-1733,-1095,-871,-1329,-2252,-3181,-3662,-3466,-2733,-1879,-1347,
  -1292,-1545,-1898,-2029,-1859,-1419,-923,-540,-243,-82,-134,-237,-352,-458,-411,-261,
  10,201,212,223,237,340,700,1219,1624,1772,1637,1489,1485,1837,2367,2848,
  3190,3203,2890,2473,2050,1786,1845,2237,2902,3521,3705,3305,2547,1815,1565,1982,
  2907,3836,4279,4083,3350,2559,2021,1797,1955,2257,2649,2790,2628,2206,1570,962,
  590,569,847,1315,1710,1982,1960,1662,1197,783,591,748,1177,1600,1785,1568,
  996,232,-479,-828,-698,-356,-45,-21,-418,-911,-1211,-1139,-870,-675,-671,-794,
  -872,-671,-337,-230,-631,-1393,-2191,-2534,-2292,-1789,-1421,-1708,-2449,-3275,-3803,-3658,
  -3031,-2358,-1915,-1794,-1933,-2087,-2044,-1763,-1307,-758,-327,-110,-181,-308,-390,-504,
  -561,-631,-696,-624,-403,-144,17,-25,-246,-487,-503,4,808,1686,2435,2679,
  2505,2202,1923,2016,2524,3088,3681,3945,3465,2618,1759,1133,1205,1865,2449,2647,
  2281,1504,942,796,1209,2053,2601,2634,2532,2082,1502,1531,1794,1875,1965,1837,
  1303,687,268,-25,-329,-483,-352,-206,-305,-378,-668,-1352,-1672,-1421,-1050,-571,
  -150,-254,-788,-1382,-1758,-1997,-2170,-2108,-1830,-1592,-1541,-1713,-2397,-3339,-3964,-3957,
  -3296,-2527,-2010,-1945,-2600,-3572,-4122,-4208,-3803,-3067,-2577,-2543,-2950,-3749,-4204,-4306,
  -4311,-3739,-2966,-2603,-2202,-1905,-1924,-2027,-2128,-1913,-1450,-728,400,1328,1503,1136,
  459,-479,-978,-611,178,957,1748,2108,1496,340,-863,-1773,-1650,-284,1651,3139,
  3473,2525,654,-876,-1355,-673,804,2318,3072,2815,1639,-97,-1658,-2633,-2634,-1752,
  -406,906,1345,483,-1222,-3111,-4337,-4098,-2488,-179,1733,2296,1386,-543,-2516,-3406,
  -2890,-1481,292,1746,1976,1213,-67,-1746,-2975,-3112,-2039,-105,2048,3314,3177,1933,
  286,-661,-466,1047,3263,5135,5903,5362,3858,2142,1102,1204,2217,3676,4666,4684,
  3852,2475,1154,732,1127,2048,3244,3910,3961,3560,2872,2336,2199,2386,2876,3456,
  3853,3920,3567,2912,2165,1570,1390,1716,2278,2800,3022,2599,1766,1198,1011,1397,
  2162,2890,3085,2706,2089,1501,1108,985,1105,1195,1029,599,31,-619,-1096,-1323,
  -1514,-1621,-1669,-1792,-1925,-1869,-1653,-1512,-1640,-1965,-2344,-2594,-2540,-2084,-1567,-1466,
  -1804,-2525,-3369,-3964,-3984,-3540,-2943,-2542,-2504,-2934,-3494,-3784,-3591,-3104,-2502,-1928,
  -1642,-1558,-1467,-1368,-1333,-1385,-1473,-1458,-1211,-735,-258,-150,-469,-1102,-1657,-1792,
  -1363,-541,137,302,7,-580,-1073,-1083,-670,-16,468,606,468,46,-361,-496,
  -401,-168,188,520,735,633,296,-170,-421,-167,432,1145,1640,1586,1096,533,
  224,383,828,1297,1596,1639,1412,1061,699,441,313,361,606,890,1111,1050,
  675,263,-126,-283,-305,-130,162,359,418,209,-253,-833,-1246,-1365,-1091,-706,
  -442,-490,-819,-1262,-1589,-1687,-1594,-1370,-1197,-1123,-1113,-1090,-987,-919,-1100,-1490,
  -1893,-2056,-1675,-982,-397,-321,-863,-1720,-2317,-2338,-1761,-888,-194,40,-94,-533,
  -984,-1257,-1336,-941,-239,602,1264,1348,785,-37,-607,-579,160,1150,1824,1942,
  1525,879,364,78,146,439,862,1255,1402,1236,798,344,73,110,442,884,
  1219,1328,1255,1052,895,804,789,867,973,1153,1328,1463,1510,1475,1403,1307,
  1225,1213,1276,1502,1851,2183,2358,2224,1810,1335,1060,1146,1558,1987,2148,1899,
  1303,578,162,194,575,918,956,705,239,-49,-54,96,261,220,68,-54,
  -8,82,55,-95,-363,-579,-589,-451,-412,-543,-830,-1134,-1292,-1144,-874,-726,
  -803,-1083,-1309,-1361,-1136,-827,-560,-471,-687,-878,-1020,-991,-811,-673,-678,-828,
  -1010,-1096,-958,-769,-578,-531,-652,-814,-867,-784,-402,206,633,792,533,-47,
  -478,-535,-126,604,1156,1111,533,-290,-905,-1009,-735,-234,116,90,-156,-394,
  -496,-526,-524,-508,-454,-254,29,297,470,471,235,-72,-382,-590,-486,-184,
  276,655,608,130,-601,-1198,-1262,-719,151,886,1054,573,-225,-779,-790,-187,
  655,1185,1206,757,195,-154,-122,101,368,586,635,587,381,74,-200,-304,
  -148,305,731,865,585,83,-356,-460,-134,322,711,748,368,-139,-517,-669,
  -528,-196,219,519,545,161,-402,-731,-589,-3,700,1112,905,261,-396,-632,
  -331,297,868,1004,610,-37,-577,-718,-420,212,901,1275,1167,714,126,-214,
  -128,415,1182,1835,2031,1630,646,-348,-981,-890,-186,635,1147,917,-43,-1209,
  -2060,-2254,-1711,-881,-137,160,-69,-658,-1345,-1857,-1972,-1647,-1086,-528,-253,-458,
  -1095,-1805,-2254,-2254,-1896,-1468,-1234,-1303,-1566,-1770,-1731,-1444,-1101,-905,-924,-1006,
  -1045,-891,-537,-96,219,309,40,-435,-782,-822,-446,148,644,736,347,-232,
  -663,-658,-195,431,815,804,419,-78,-349,-272,77,353,352,108,-274,-582,
  -562,-314,2,224,200,96,-45,-75,165,572,977,1350,1622,1755,1729,1629,
  1618,1757,2108,2427,2577,2552,2356,2134,2102,2174,2281,2264,2119,2007,2056,2221,
  2382,2411,2246,1991,1787,1791,1916,2010,1954,1685,1471,1313,1169,953,589,279,
  9,-3,178,365,332,48,-434,-825,-917,-654,-119,364,539,283,-222,-707,
  -842,-609,-209,115,165,-37,-396,-822,-1177,-1343,-1397,-1289,-1135,-1070,-1057,-1103,
  -1199,-1329,-1527,-1756,-1792,-1521,-951,-264,109,-157,-876,-1768,-2132,-1755,-948,-171,
  -39,-632,-1516,-2113,-2193,-1777,-1267,-1060,-1111,-1224,-1259,-1150,-1104,-1179,-1314,-1418,
  -1306,-1073,-796,-618,-576,-676,-895,-1110,-1233,-1186,-917,-440,53,357,329,-65,
  -515,-761,-541,86,808,1274,1229,732,44,-468,-516,-107,545,1105,1215,836,
  130,-549,-838,-582,71,811,1230,1121,553,-202,-804,-866,-310,538,1232,1340,
  878,-13,-831,-1123,-848,-86,728,1195,1106,463,-413,-1112,-1124,-434,609,1460,
  1636,987,-30,-776,-845,-246,654,1288,1233,650,-102,-555,-543,-174,287,552,
  606,349,93,-40,-58,164,443,693,794,713,451,202,67,184,565,926,
  1047,757,120,-477,-572,-252,367,918,936,510,-144,-702,-778,-422,85,541,
  763,622,258,-241,-581,-584,-332,145,632,823,565,7,-474,-627,-334,197,
  649,844,747,420,95,-53,-37,257,665,1012,1197,969,459,-71,-350,-178,
  347,883,1108,838,195,-465,-753,-579,-87,455,664,548,229,-117,-341,-430,
  -427,-360,-106,155,319,177,-314,-924,-1360,-1429,-1084,-642,-447,-574,-922,-1234,
  -1387,-1283,-1123,-972,-857,-830,-728,-529,-392,-353,-389,-447,-478,-517,-574,-576,
  -304,128,518,590,281,-319,-788,-737,-124,753,1442,1612,1236,567,70,18,
  407,978,1477,1706,1565,1133,705,380,241,244,324,455,614,746,783,541,
  153,-193,-422,-279,56,564,917,893,591,179,-236,-335,-139,267,698,837,
  607,27,-571,-823,-544,88,719,920,496,-300,-895,-892,-287,613,1265,1312,
  755,-38,-657,-843,-493,124,666,877,752,223,-548,-1183,-1376,-1088,-381,382,
  731,585,-36,-706,-1171,-1200,-733,-137,346,502,245,-207,-678,-997,-1020,-848,
  -640,-406,-256,-207,-316,-492,-642,-794,-820,-636,-372,-112,146,250,214,119,
  -86,-318,-480,-509,-389,-75,283,451,315,-53,-477,-814,-898,-598,-98,423,
  666,617,251,-227,-557,-671,-488,-137,304,537,494,96,-468,-989,-1270,-1063,
  -555,-48,220,85,-314,-791,-1056,-936,-518,50,410,537,344,-86,-448,-604,
  -456,-91,381,632,530,110,-427,-770,-763,-374,208,583,619,369,-14,-325,
  -397,-179,181,500,678,710,532,237,4,-130,-137,-24,170,298,366,378,
  220,-17,-132,-207,-210,-138,27,298,521,573,462,150,-160,-315,-248,26,
  359,590,572,355,13,-283,-379,-230,87,439,645,661,491,307,233,271,
  466,719,855,817,632,458,383,446,560,617,549,326,131,17,43,235,
  511,704,696,453,104,-97,-47,349,846,1098,951,502,-74,-418,-368,43,
  576,880,692,64,-621,-970,-793,-140,645,1067,922,304,-312,-643,-481,153,
  843,1243,1151,661,-27,-551,-785,-734,-440,-50,227,319,156,-395,-1078,-1534,
  -1592,-1209,-466,347,843,862,398,-416,-1194,-1520,-1232,-358,697,1374,1346,522,
  -802,-1976,-2404,-1946,-831,334,956,814,22,-968,-1644,-1736,-1232,-367,465,954,
  1034,673,61,-558,-1041,-1230,-1071,-595,-5,492,590,221,-572,-1481,-2031,-2000,
  -1209,73,1229,1712,1282,174,-1031,-1689,-1395,-254,1213,2274,2395,1518,76,-1274,
  -1823,-1296,-13,1459,2305,2135,1027,-492,-1554,-1557,-479,1144,2442,2697,1806,357,
  -820,-1108,-381,809,1768,2019,1460,492,-397,-806,-667,-53,641,1076,1085,624,
  -23,-553,-724,-455,56,434,518,261,-159,-538,-680,-623,-525,-451,-531,-600,
  -555,-493,-473,-503,-611,-682,-677,-551,-361,-120,-9,-83,-218,-268,-218,-144,
  -99,-203,-385,-492,-419,-232,-113,-159,-358,-611,-768,-749,-584,-427,-334,-212,
  -96,-104,-267,-593,-847,-840,-504,-47,184,7,-370,-837,-937,-698,-268,34,
  -87,-404,-626,-617,-272,219,499,523,227,-121,-337,-272,94,600,1007,1146,
  944,430,-134,-413,-247,251,888,1333,1355,978,409,-56,-249,-43,404,857,
  1166,1292,1151,726,272,-73,-232,-125,278,700,1065,1110,764,113,-608,-927,
  -776,-219,488,893,857,418,-201,-636,-736,-568,-163,263,535,582,418,163,
  -187,-465,-502,-354,-93,251,466,447,305,49,-173,-229,-140,5,176,307,
  329,312,336,380,328,136,-60,-234,-281,-165,90,384,475,368,-63,-577,
  -948,-895,-456,181,687,746,347,-362,-867,-926,-562,87,627,783,478,-129,
  -648,-893,-735,-364,47,314,208,-72,-450,-735,-801,-570,-192,147,355,321,
  131,-116,-272,-234,-114,51,250,350,318,177,-2,-207,-388,-437,-283,-12,
  254,470,456,196,-154,-373,-343,-23,489,859,936,808,436,-38,-344,-375,
  -80,338,652,746,508,27,-437,-738,-682,-328,170,530,625,423,65,-216,
  -283,-145,113,341,487,538,526,480,320,113,-71,-224,-239,-85,194,441,
  486,279,-122,-498,-693,-544,-133,296,589,568,218,-315,-739,-843,-506,20,
  465,525,81,-577,-1030,-1087,-738,-199,186,269,17,-402,-762,-820,-581,-193,
  181,435,418,204,-91,-312,-422,-444,-245,5,234,368,355,130,-244,-665,
  -1016,-1032,-645,0,636,954,624,-174,-969,-1440,-1345,-639,365,1144,1348,894,
  -81,-1074,-1543,-1305,-470,530,1163,1210,679,-154,-848,-1053,-806,-262,331,735,
  907,845,593,261,-86,-344,-388,-161,295,841,1237,1230,797,35,-738,-1157,
  -937,-238,623,1237,1297,785,-109,-884,-1276,-1054,-300,559,1190,1340,935,172,
  -635,-1138,-1092,-547,235,911,1196,904,190,-602,-1087,-1102,-616,135,866,1224,
  1004,448,-196,-677,-736,-340,326,908,1212,1063,493,-182,-633,-680,-375,133,
  598,794,680,271,-223,-589,-689,-474,-75,343,619,610,310,-154,-594,-826,
  -718,-358,63,336,318,54,-347,-681,-804,-684,-410,-87,151,200,125,0,
  -188,-284,-289,-258,-173,4,243,433,474,331,31,-312,-480,-371,-20,418,
  749,755,491,79,-297,-433,-260,92,456,679,650,363,-68,-412,-603,-523,
  -231,69,210,148,-71,-334,-499,-472,-342,-155,14,37,-25,-113,-147,-88,
  39,156,171,71,-109,-263,-323,-237,0,210,337,260,-83,-455,-723,-746,
  -437,57,480,622,418,-64,-598,-891,-796,-354,203,643,655,309,-230,-680,
  -929,-854,-500,-136,161,348,309,11,-393,-711,-855,-733,-357,111,497,597,
  402,59,-316,-610,-652,-462,-87,315,541,583,363,2,-348,-560,-542,-255,
  75,404,635,641,395,90,-184,-303,-218,15,307,571,675,615,426,157,
  -139,-311,-236,6,340,575,611,433,61,-278,-411,-288,22,307,424,352,
  159,-37,-127,-74,19,85,61,23,27,50,129,188,230,188,76,-60,
  -119,-54,95,317,508,582,459,174,-130,-294,-273,-17,339,598,623,372,
  -30,-418,-576,-471,-123,256,448,414,173,-197,-436,-494,-372,-157,77,217,
  220,152,-5,-222,-361,-374,-309,-82,179,414,476,246,-127,-462,-595,-355,
  128,643,942,848,392,-216,-638,-652,-186,558,1201,1391,1002,192,-615,-1021,
  -781,-50,773,1302,1207,541,-301,-894,-950,-539,99,618,809,656,279,-91,
  -409,-572,-560,-423,-194,98,364,501,391,-18,-534,-985,-1061,-613,169,853,
  1138,843,160,-547,-931,-802,-211,546,1058,1099,716,96,-487,-731,-607,-220,
  110,317,350,161,-64,-262,-400,-528,-598,-641,-545,-259,72,259,182,-236,
  -844,-1183,-1105,-702,-113,387,499,157,-399,-921,-1141,-852,-220,399,722,553,
  51,-441,-679,-511,8,558,799,682,271,-165,-374,-293,20,388,576,499,
  177,-232,-530,-541,-300,81,396,444,219,-119,-399,-550,-445,-189,128,328,
  387,313,87,-111,-326,-487,-467,-265,58,388,544,458,125,-329,-688,-729,
  -447,30,525,827,785,417,-56,-431,-518,-381,-13,480,795,827,589,170,
  -291,-596,-589,-375,-5,390,639,604,316,-61,-389,-519,-403,-112,300,652,
  824,715,336,-147,-537,-666,-441,41,549,830,725,211,-451,-964,-1040,-643,
  27,653,926,717,155,-457,-840,-798,-298,357,883,1091,813,207,-391,-675,
  -545,-90,457,830,828,502,56,-296,-392,-200,127,410,574,523,355,183,
  64,-17,-28,-7,46,115,248,361,350,228,-45,-373,-566,-494,-202,150,
  388,360,62,-287,-576,-689,-564,-306,-9,208,289,191,-41,-328,-562,-641,
  -538,-241,111,354,451,260,-68,-363,-572,-563,-330,0,317,517,514,254,
  -135,-502,-667,-567,-202,209,455,480,247,-126,-511,-644,-579,-364,-24,251,
  296,147,-52,-247,-400,-431,-369,-238,-84,43,169,227,121,-92,-302,-469,
  -471,-386,-183,62,230,292,196,-57,-341,-581,-672,-437,-15,376,594,566,
  239,-180,-528,-627,-438,-56,314,567,559,293,-115,-403,-512,-414,-150,152,
  402,477,351,167,-28,-129,-134,-72,61,217,336,376,354,260,80,-93,
  -215,-173,-69,78,229,321,338,218,32,-129,-202,-193,-84,98,273,384,
  370,239,62,-152,-330,-321,-199,65,303,413,331,97,-207,-439,-428,-266,
  -12,264,359,302,151,-54,-170,-208,-119,-42,83,164,187,152,99,-4,
  -75,-148,-201,-116,-46,37,135,153,148,97,0,-72,-106,-76,-1,97,
  179,216,171,69,-73,-183,-204,-135,-9,111,184,145,27,-98,-202,-182,
  -79,90,205,231,205,80,-45,-124,-113,-6,110,193,180,83,-19,-116,
  -129,-60,24,140,132,83,32,-6,28,71,85,108,82,21,13,45,
  72,100,91,34,-53,-93,-81,-52,-8,25,-35,-122,-202,-238,-173,-97,
  14,59,25,-39,-165,-259,-277,-252,-145,0,73,48,-49,-201,-353,-427,
  -383,-228,-19,126,194,82,-89,-237,-287,-236,-76,111,244,263,169,75,
  -50,-121,-100,-39,31,130,170,153,122,73,10,-8,-13,11,82,163,
  232,285,251,176,67,17,11,25,88,192,221,191,135,58,0,-51,
  -40,-29,47,135,156,187,186,95,6,-52,-50,-5,124,245,295,264,
  151,13,-71,-113,-104,4,127,156,138,93,-5,-34,-59,-58,-32,-9,
  21,21,72,97,94,78,0,-128,-193,-180,-90,57,159,170,100,-34,
  -176,-239,-236,-127,20,140,214,196,89,-32,-134,-185,-122,-12,150,250,
  256,221,95,-45,-170,-176,-113,66,227,320,331,226,51,-118,-189,-139,
  -23,171,331,416,378,216,13,-163,-221,-163,-11,181,295,293,167,-32,
  -210,-302,-289,-214,-104,20,98,105,81,12,-90,-201,-285,-328,-247,-66,
  131,264,233,22,-271,-515,-562,-410,-122,152,285,198,-33,-278,-445,-401,
  -237,-33,171,250,199,76,-76,-209,-263,-196,-71,60,115,85,-46,-161,
  -205,-226,-219,-205,-161,-170,-111,-14,11,-24,-70,-153,-263,-297,-212,-73,
  65,122,76,-48,-235,-365,-336,-205,-65,46,39,9,-79,-171,-202,-193,
  -123,5,104,182,196,45,-130,-202,-160,-42,144,249,255,147,-11,-134,
  -150,-114,-9,133,271,282,241,158,45,-52,-124,-89,56,198,316,324,
  245,122,-24,-128,-136,-51,50,141,215,218,171,33,-55,-108,-124,-102,
  -50,79,224,306,285,184,9,-173,-259,-208,-20,206,336,355,243,-14,
  -228,-382,-348,-161,104,321,427,361,103,-151,-324,-382,-212,40,270,406,
  342,148,-139,-321,-426,-361,-180,35,168,216,108,-37,-178,-347,-363,-294,
  -187,-22,87,144,140,35,-128,-307,-424,-431,-312,-113,100,224,218,60,
  -191,-415,-510,-423,-201,93,319,377,278,27,-221,-386,-346,-148,85,319,
  418,368,187,-50,-215,-262,-160,30,205,340,352,261,128,-48,-98,-89,
  -15,116,221,306,330,226,83,-42,-147,-160,-61,61,161,196,158,37,
  -93,-165,-190,-178,-88,-8,59,97,68,37,-56,-129,-179,-211,-151,-69,
  5,77,63,-22,-97,-145,-164,-132,-56,22,76,78,33,-13,-81,-62,
  -31,13,55,100,99,71,33,21,36,24,63,89,80,73,67,30,
  36,65,77,86,97,76,76,86,87,94,91,64,75,85,117,110,
  104,116,97,42,47,72,96,114,113,111,74,74,40,29,84,93,
  92,123,113,82,41,27,-11,-15,14,46,74,69,19,-9,-14,-58,
  -84,-40,-11,2,40,7,-9,-43,-90,-127,-145,-100,-79,-29,0,-30,
  -63,-75,-120,-149,-154,-151,-109,-59,-41,-39,-57,-99,-107,-129,-127,-100,
  -88,-64,-35,-34,-41,-47,-91,-106,-146,-126,-77,-68,-43,-24,0,-38,
  -37,-88,-88,-74,-66,-33,7,33,17,-23,-27,-60,-52,-53,-28,16,
  24,36,5,-16,-26,-38,-27,-14,14,64,73,68,59,40,32,3,
  -1,22,32,62,81,91,91,69,23,-5,-6,6,40,92,107,124,
  73,44,3,-23,-24,0,47,97,104,94,79,31,-32,-33,-28,0,
  31,63,70,72,60,14,-31,-59,-41,-3,27,71,96,87,32,-7,
  -39,-38,-40,-6,14,71,80,36,13,-54,-85,-83,-58,16,83,76,
  61,45,-17,-61,-75,-59,-59,-12,30,57,53,-6,-42,-83,-94,-104,
  -64,9,49,48,37,13,-63,-93,-91,-84,-24,-3,37,51,31,10,
  -65,-94,-105,-73,-14,27,52,39,17,-32,-66,-83,-74,-26,21,42,
  59,67,41,-21,-43,-59,-24,21,57,97,98,53,9,-13,-37,-26,
  18,64,60,74,74,43,37,15,15,10,45,101,93,89,98,71,
  57,46,43,35,59,59,62,88,79,74,70,56,18,27,48,35,
  97,79,91,82,55,59,29,20,33,45,32,58,74,26,42,21,
  -1,-1,-20,11,25,25,27,27,22,21,3,-10,-25,-47,0,-6,
  7,29,15,-25,-16,-33,-65,-60,-25,5,29,50,44,25,-14,-47,
  -83,-69,-34,9,73,71,51,-26,-79,-122,-93,-53,-7,45,69,43,
  -18,-41,-68,-96,-73,-38,17,45,44,40,12,-30,-70,-78,-50,-17,
  42,83,83,63,22,-9,-15,-12,16,38,53,55,52,23,1,0,
  3,7,8,-5,0,-4,-4,0,-17,-13,-22,-54,-77,-65,-60,-52,
  -57,-69,-77,-96,-78,-58,-49,-64,-88,-144,-169,-143,-103,-54,-11,-16,
  -49,-96,-138,-148,-118,-84,-20,22,44,4,-58,-93,-113,-129,-83,-9,
  43,69,45,13,-49,-67,-85,-79,-1,47,61,97,91,54,0,-22,
  -53,-53,-5,55,118,146,108,56,28,-31,-73,-26,45,99,179,173,
  145,95,18,-35,-64,-8,43,114,171,148,97,64,8,-35,-38,-29,
  20,85,117,114,84,14,-23,-58,-62,-20,14,50,81,67,26,-7,
  -69,-87,-109,-82,-8,0,3,-21,-29,-91,-92,-117,-94,-46,-28,-11,
  -5,-15,-55,-111,-106,-108,-74,-52,-38,-9,-30,-42,-83,-107,-103,-94,
  -67,-46,-28,9,6,-19,-44,-70,-71,-79,-67,-22,-7,7,-2,-25,
  -46,-61,-80,-76,-49,-26,-14,4,-18,-19,-62,-67,-65,-59,-45,-31,
  -11,13,5,-9,-9,-22,-59,-42,-23,0,16,24,11,1,7,-2,
  -6,-3,23,53,53,55,52,42,10,6,16,47,51,60,41,53,
  58,20,31,8,3,11,13,46,87,66,46,55,31,17,22,44,
  32,43,62,67,70,22,9,-2,13,13,32,77,89,62,41,42,
  10,14,50,52,82,57,43,35,18,39,15,18,22,29,51,46,
  36,6,-5,-23,-20,-9,2,23,30,0,-25,-27,-19,-36,-17,-13,
  2,10,-7,-9,-15,-39,-51,-39,-41,-41,-24,-5,-33,-41,-31,-47,
  -31,-35,-29,-39,-28,15,3,-15,-4,-22,-26,-25,-16,-19,3,3,
  -9,2,-13,-23,-16,-5,-16,1,39,8,45,12,2,9,4,45,
  49,48,49,39,1,4,36,4,34,41,24,29,3,21,33,22,
  15,9,10,23,31,32,29,-12,13,-8,-17,4,5,-26,-7,-2,
  -33,-39,-18,-5,-9,-7,-16,-12,-8,6,-3,-8,-14,-42,-22,-29,
  -11,-20,-18,-43,-33,-39,-56,-40,-23,-15,-37,-24,-15,-42,-45,-48,
  -26,-20,-44,-40,-28,-30,-38,-27,-12,-31,-25,-29,-33,-36,-25,-14,
  -2,-1,-8,-29,-24,-21,11,34,24,2,-17,-21,-7,-9,26,29,
  26,5,-13,-1,18,15,2,12,-4,3,12,22,2,3,15,-4,
  15,17,13,14,9,20,16,12,-3,5,10,-3,7,7,1,-4,
  -10,-15,-17,-17,-2,-8,-22,-12,-2,-9,-18,-23,-25,-24,-9,-2,
  -16,-7,-10,-18,-25,-18,-2,-8,-13,-19,-6,17,7,-7,-21,-18,
  -4,-12,-6,4,8,22,18,7,-1,-9,-14,6,22,19,20,1,
  11,5,17,-10,11,18,29,22,-1,6,-9,13,18,-1,-17,-2,
  19,21,31,27,17,9,0,9,-2,2,33,8,2,3,-8,-25,
  -1,0,-5,-11,2,9,-17,-15,-19,-21,-4,3,9,11,23,6,
  -6,-15,-17,16,5,2,14,-8,17,17,22,6,-2,2,3,24,
  14,12,5,8,-1,-13,-5,-1,3,12,17,17,9,5,26,18,
  -7,6,2,17,50,37,27,18,21,6,-2,27,32,35,19,24,
  14,6,21,0,7,16,18,47,37,24,35,21,16,26,15,21,
  32,41,40,45,25,0,4,2,4,3,34,25,8,3,-19,-12,
  5,-13,1,2,-6,6,20,-2,-4,-24,-4,4,-4,-1,11,3,
  6,11,4,-8,-14,-13,0,19,7,5,-3,-12,-20,-21,-20,0,
  0,12,13,13,5,-16,-5,-18,-3,12,22,12,5,3,-8,-15,
  -17,-14,16,24,16,5,9,6,-1,-1,-1,17,12,6,5,10,
  -8,-16,-4,-19,-25,-14,-10,-36,-29,-43,-42,-37,-33,-37,-59,-42,
  -23,-41,-38,-45,-50,-57,-55,-62,-61,-42,-57,-61,-55,-75,-80,-76,
  -69,-96,-54,-61,-53,-29,-64,-53,-77,-67,-40,-35,-24,-11,-18,-60,
  -32,-35,-49,-12,-19,-7,-19,-38,-14,-10,-3,-7,-6,-7,14,14,
  45,17,10,25,-2,1,29,18,4,35,30,6,2,23,31,41,
  41,34,35,42,60,51,73,47,47,44,48,56,60,55,39,57,
  35,28,33,55,48,29,52,44,30,19,19,50,46,28,33,33,
  21,2,21,17,10,14,12,4,0,3,15,27,38,21,3,-13,
  -22,8,29,32,21,1,4,-4,0,30,34,42,10,-3,0,24,
  10,21,16,4,6,18,23,4,24,16,10,30,24,29,19,24,
  30,36,31,20,37,26,20,27,25,24,23,20,20,13,17,29,
  10,-2,4,11,9,8,5,0,-3,12,2,-5,1,-2,-5,-12,
  4,13,7,-8,-30,-20,-4,-6,-10,-19,-2,2,-6,-6,-13,-12,
  -3,-6,-5,-10,-18,-27,-2,-2,11,-3,-4,-7,7,2,-14,3,
  0,21,-6,-7,-21,-21,11,21,7,-9,1,3,6,16,14,15,
  9,13,20,-3,25,36,20,24,27,4,-3,12,7,0,-11,14,
  11,3,11,2,5,12,13,6,11,19,4,3,-17,1,28,12,
  29,9,-3,9,11,25,7,14,0,10,12,4,-3,-5,2,-6,
  -6,0,-2,-4,-7,-11,-18,-34,-26,7,-4,-6,-5,-28,-7,5,
  -2,-6,-6,5,-21,-13,-2,3,-4,-17,-12,-29,-9,-1,-13,-1,
  -18,-10,5,-17,-13,-1,-7,10,16,7,8,7,5,8,25,3,
  0,2,4,-8,-2,18,3,-1,-14,-37,-7,-2,-4,6,-11,-28,
  -11,-14,-17,-24,-42,-3,-3,-7,-6,-10,-26,-10,-1,3,-6,0,
  -24,-9,-10,-13,-24,-15,-12,-16,-24,-36,-30,-40,-25,-17,-9,-30,
  -31,-30,-44,-31,-21,-20,-38,-36,-29,-30,-30,-41,-40,-19,-24,-17,
  -27,-21,-15,-13,-18,4,16,24,9,2,22,-11,-5,8,0,2,
  0,2,7,8,-1,3,5,11,-7,11,12,0,24,4,-3,10,
  -3,-12,-25,-6,16,6,5,8,0,-11,-5,7,-6,3,-5,14,
  -3,-5,13,-9,0,-9,0,-16,0,13,-11,23,29,7,-6,0,
  11,1,5,1,4,3,6,5,9,13,18,6,23,19,4,8,
  9,-7,1,1,-2,9,-7,3,-13,-21,1,16,5,3,-2,-11,
  2,-1,10,4,4,-4,-11,0,-1,0,3,3,-10,-8,6,5,
  0,-4,8,21,-23,-1,7,-6,-6,-8,-8,-8,-8,-8,-4,-8,
  -19,-3,-10,3,-4,-4,-16,2,2,-7,3,-8,-1,0,9,-8,
  -9,1,-19,-3,21,2,-19,-13,-9,-18,0,-4,-9,-6,-7,-15,
  10,-16,-26,-4,-9,-13,5,-16,-9,-12,-9,-5,-3,14,-9,-9,
  -15,-4,-8,-13,-15,-13,-15,-11,-15,-4,-11,-3,2,-34,0,-7,
  -25,-17,-20,-18,-17,-16,-12,-8,-17,-28,-30,-16,-15,-21,-19,-29,
  -22,-13,-17,-11,-30,-34,-23,-9,-22,-23,-15,-21,-26,-21,-20,-30,
  -35,-34,-32,-27,-41,-39,-36,-30,-40,-30,-35,-37,-30,-25,-29,-49,
  -44,-44,-29,-20,-34,-45,-38,-33,-35,-41,-25,-37,-37,-31,-59,-41,
  -27,-28,-22,-8,-13,-16,-22,-14,-13,-27,-14,-10,-13,-11,-12,-11,
  -10,-1,-10,-1,8,6,17,-9,-12,-1,-5,25,14,11,5,10,
  21,19,27,15,27,33,40,31,27,37,29,30,35,36,42,44,
  47,50,23,13,35,29,37,42,14,21,29,33,24,29,46,24,
  21,22,39,38,35,39,12,24,25,21,34,12,16,33,13,11,
  11,-4,5,12,12,13,16,6,8,32,23,23,23,33,11,12,
  33,34,49,43,8,22,17,22,42,40,19,34,26,43,26,-2,
  13,18,17,28,27,8,5,15,20,25,37,16,28,29,36,20,
  29,31,44,39,35,33,16,16,21,42,29,37,35,18,15,26,
  36,24,20,22,22,30,11,2,8,6,12,0,-2,0,-6,-27,
  -21,-15,9,-2,1,29,1,4,10,9,9,8,4,12,15,10,
  8,12,22,-1,17,11,4,33,22,20,35,36,32,1,1,17,
  14,17,27,29,12,13,20,12,16,1,30,6,13,24,14,17,
  10,19,-11,1,5,-27,-1,15,16,-2,0,4,0,1,-2,-2,
  -5,-6,-10,-14,-9,-5,-19,0,3,-3,2,10,-8,1,-7,-5,
  2,-7,10,-6,-29,-25,-9,-12,-2,-10,-20,-17,-25,-12,-15,-3,
  -11,-18,-18,-19,-22,-13,-7,-20,-29,-18,-16,-15,-35,-14,9,-28,
  -13,-6,-8,-8,-10,-10,-11,-11,-15,-3,-8,-18,-13,-22,-8,-11,
  -5,-28,-7,-13,-12,-6,-12,-14,-12,6,-6,-4,6,-24,-18,11,
  17,0,5,0,-11,2,3,-1,6,0,-9,25,6,-7,5,-3,
  -6,15,-3,6,-7,0,-13,-6,14,8,7,-1,8,9,8,4,
  4,0,1,-7,5,-13,9,17,-19,14,11,3,2,0,-1,-3,
  -8,-3,7,10,-3,-13,-3,0,-4,-1,-18,-14,-13,-11,5,-3,
  -23,-23,-4,-18,-17,-5,-5,-12,-4,-2,-6,-6,-11,-1,3,-8,
  -17,-4,-9,-21,-8,-9,-9,-19,6,-5,-19,-11,-28,-26,0,0,
  -24,-18,-4,-7,-24,4,-3,4,6,-19,-24,-19,-19,-17,-25,-5,
  8,-14,-22,-14,-22,-26,-11,-11,-31,-17,-21,-26,-18,-31,-21,-18,
  -42,-19,-7,-10,-33,-38,-32,-30,-27,-26,-25,-24,-20,-28,-32,-29,
  -26,8,-4,-15,-1,-24,-16,-14,-26,2,2,-12,-15,-11,-13,0,
  6,-5,-1,12,-4,10,3,2,0,16,10,9,-1,4,12,13,
  2,6,14,10,11,16,29,10,23,16,10,21,29,14,20,26,
  23,28,17,10,22,27,24,28,16,13,11,21,26,26,18,9,
  21,-7,4,17,6,23,11,7,5,7,0,20,27,26,19,3,
  2,1,11,18,11,20,-8,-2,-3,18,17,9,3,-4,1,-1,
  2,-1,1,-2,0,-2,0,-1,0,0,-3,-25,-9,13,2,1,
  -13,4,9,0,4,-21,0,-18,10,-6,-2,-7,-2,3,-20,-3,
  -11,-1,-3,-9,-1,-11,-11,-6,-12,-16,-9,-11,-5,-6,6,-23,
  -25,1,-10,-18,-7,-14,-14,-38,-21,-3,-18,-33,-31,-28,-19,-30,
  -22,-11,-18,-17,-17,-41,-19,0,-11,-10,-8,-4,2,6,-3,-10,
  10,2,-3,10,0,3,-3,1,18,15,13,20,18,9,-10,16,
  25,9,6,0,-1,1,7,11,14,6,11,7,0,20,24,18,
  20,11,14,22,28,19,26,15,21,16,30,28,27,22,26,19,
  17,28,27,20,20,21,30,9,0,25,15,10,17,17,15,16,
  15,16,17,9,16,18,19,17,6,10,11,23,4,13,6,6,
  8,9,1,-8,6,-2,-3,21,0,-21,-16,0,-9,4,4,-9,
  -7,-1,-11,2,-3,-27,1,3,-8,2,-5,-16,1,-9,3,-6,
  7,-12,-22,-15,-11,-7,-17,-13,-12,-9,-8,-6,-5,-2,-13,3,
  -28,-14,7,-30,-14,-9,-8,-6,-5,-4,-1,-11,-19,-14,1,2,
  -9,-8,-4,-3,10,-1,0,-8,-17,0,13,1,-11,4,-4,-13,
  -9,-4,-14,-11,-8,-7,-4,-15,-13,1,2,-10,2,5,-6,-3,
  -1,2,-21,5,7,4,16,4,-18,-2,14,2,-9,3,7,-17,
  -1,-11,0,24,19,14,13,13,15,-6,-4,22,20,15,24,22,
  8,19,32,16,26,25,22,33,18,27,39,11,10,22,44,38,
  31,28,26,25,24,23,21,31,28,24,12,-13,14,15,9,31,
  13,20,20,-7,6,19,16,12,10,-2,-3,10,-2,-5,8,-7,
  3,1,0,-13,0,-1,8,-5,-7,-7,4,-8,-9,-8,-8,-19,
  -20,-5,-19,-8,-8,-21,-22,-7,-20,-20,-19,-20,-8,-9,-23,-22,
  -20,-20,-8,-10,-11,-24,-23,-21,-9,-10,-15,8,-18,-19,-15,-27,
  -12,-13,-14,-15,-14,-38,-35,-31,-19,-8,-13,-15,-28,-27,-24,-25,
  0,-15,-16,-40,-26,-23,-12,-13,-17,-18,-19,-18,-18,-18,-18,-18,
  -19,-19,-20,-20,-10,1,-25,-37,-21,-20,-8,-34,-23,-21,-13,0,
  -19,-6,-33,-6,-18,-8,-20,-12,1,-16,-4,-18,-7,-7,-10,0,
  -3,-6,3,1,-2,-3,-5,-5,-9,25,8,-11,11,9,4,13,
  19,39,7,2,25,34,26,21,16,26,11,8,19,15,20,42,
  0,-4,10,8,6,2,0,-3,17,14,-16,6,6,0,10,5,
  14,0,-14,-1,-1,-5,3,20,28,-15,-5,7,16,23,16,11,
  9,-4,7,7,3,13,9,-6,4,-6,-9,4,-10,-10,-12,0,
  -15,-3,-16,-16,-27,-14,-14,-4,-19,-9,-9,-12,-11,-12,-12,-13,
  -12,-14,10,-15,-29,-11,-34,-19,-17,-18,-18,-20,-19,-20,-6,-19,
  -20,-6,-6,-19,-18,-15,-26,-11,-23,-11,-10,-12,-12,-12,-11,-10,
  -9,-9,-8,-8,-7,-6,-15,-38,-9,4,-7,-34,-5,-25,-24,-19,
  -18,-15,-18,8,-17,-28,-25,13,14,-15,-13,-11,15,13,10,10,
  -12,-11,29,15,11,11,10,12,12,14,12,15,-10,28,28,12,
  11,13,13,26,24,23,11,12,15,17,-4,-2,1,23,45,26,
  11,12,16,18,18,30,28,25,26,13,15,29,29,26,37,24,
  11,26,27,26,25,37,25,12,17,-4,22,36,19,18,17,30,
  19,17,32,20,22,0,4,10,0,3,5,7,-2,-2,13,2,
  4,-4,-2,2,4,7,-14,-9,-3,-12,-8,-4,-14,-10,-6,-4,
  -1,-11,-8,-2,-24,3,8,-14,-22,-16,-10,-6,-14,-12,-17,-26,
  -7,-17,-3,-13,0,-15,-12,-17,-23,-6,-24,-30,-15,-18,-25,-22,
  -18,-23,-32,-14,-19,-18,-25,-9,0,11,1,-26,-30,-7,-12,-19,
  -9,-6,-4,-2,-12,-9,-2,-9,-6,-1,-11,1,16,5,3,1,
  1,-6,0,5,6,10,7,-1,4,17,11,15,12,11,11,18,
  17,20,9,16,27,0,16,17,11,34,16,14,16,19,14,24,
  33,38,38,23,23,23,30,38,34,45,22,24,24,36,42,44,
  39,27,37,29,37,33,32,32,36,35,36,36,37,38,37,15,
  25,50,42,41,26,37,49,37,47,18,38,20,44,32,31,31,
  31,40,16,30,23,30,30,22,31,21,19,23,18,11,17,13,
  20,16,33,4,-5,22,12,1,13,5,6,-23,-13,9,-3,-22,
  -23,-23,-14,-27,-22,-10,-18,-21,-15,-50,-33,-5,-19,-20,-21,-16,
  -15,-5,-17,-37,-5,-7,-21,-8,-20,-16,-27,-26,-4,-5,-11,-1,
  -3,-14,-45,-14,2,-10,-15,-30,-31,-28,-30,-17,-16,-26,-17,-27,
  -33,-20,-21,-25,-5,-27,-15,-15,-3,-21,-8,-17,-10,-8,5,2,
  0,-8,-2,1,-8,-1,-5,0,-4,0,-4,6,-18,-20,10,-7,
  9,12,2,7,4,9,6,13,0,2,14,3,-5,1,9,0,
  15,6,11,11,1,7,3,6,2,5,1,3,0,1,-4,-3,
  -9,24,16,-7,-15,18,2,3,21,10,18,9,24,-5,0,21,
  35,11,-18,6,14,23,4,-9,-5,-14,2,26,-7,-18,-6,-12,
  -5,-12,-7,-15,-7,-23,10,-6,-30,-16,-11,-12,-8,-19,-24,-28,
  -19,-15,-17,-26,-9,3,6,2,-33,-34,-17,-11,-12,-13,-11,-18,
  -26,-22,-28,-17,-9,-18,-26,-19,-32,-34,-13,-18,-26,-25,-23,-33,
  -40,-19,-28,-2,-4,-33,-25,-20,-16,-27,-29,-15,-35,-30,-35,-22,
  -10,-21,-12,-10,-11,-15,-9,1,-15,-12,-11,-7,0,-7,-5,-19,
  -2,5,-2,3,7,-1,6,10,7,5,0,3,10,-4,19,10,
  -16,0,13,16,9,4,6,10,4,27,9,18,5,9,-2,0,
  12,2,23,1,6,26,15,7,22,20,17,13,34,18,21,19,
  29,28,12,-6,-19,6,30,16,8,24,17,7,8,0,8,10,
  2,5,11,-3,20,16,-15,-9,-12,-10,-2,5,7,1,0,-3,
  -6,-2,9,-9,-6,-4,-5,-9,-10,-19,-10,-16,3,0,-31,0,
  -17,-19,6,-33,-17,0,-8,-7,-15,-7,0,-9,-21,-12,-8,-10,
  -11,-15,-16,-22,-16,-11,-21,-8,15,-18,-34,-10,-26,-13,-11,-28,
  5,-2,-1,-17,-9,-15,-15,-6,-14,-3,-1,-26,-16,-29,-20,-6,
  -14,-13,-17,-18,-20,-25,-22,-14,4,-16,-18,0,-15,4,-8,-8,
  7,6,-5,3,-14,-12,1,1,-21,5,-2,3,0,-10,-11,-14,
  9,22,14,6,-15,-39,-15,10,8,8,1,10,-15,-14,15,7,
  1,7,-12,-28,1,5,11,-7,0,-6,-2,-3,-13,12,-1,6,
  4,-4,3,-10,-7,1,-3,3,-12,-5,-9,-15,8,0,-3,-4,
  2,-6,-9,-9,0,-22,-20,7,-19,-23,-35,-7,-19,-22,7,-27,
  -9,-12,-35,-10,-1,7,-5,-25,-30,-20,-11,-11,-18,-30,8,-2,
  -7,-17,-10,-5,-14,-2,-14,-12,-26,-14,6,-2,-2,-25,-29,-29,
  -19,-39,-17,0,-25,-8,-18,-30,-17,-32,-20,-25,-24,-15,-16,-15,
  -9,-20,-12,-13,-13,1,-8,-12,0,-1,0,9,-12,-11,3,-2,
  6,6,-1,8,5,20,7,4,-10,5,2,19,19,4,1,-7,
  1,13,15,16,8,15,27,23,25,28,32,31,29,32,16,32,
  35,55,50,38,32,32,51,60,57,52,32,58,56,48,42,43,
  47,62,65,56,49,57,61,55,60,68,61,65,62,54,58,68,
  66,64,68,58,46,60,62,60,59,66,52,46,46,27,56,59,
  43,42,43,51,37,40,48,33,32,14,20,22,14,16,17,16,
  5,10,21,6,8,-1,2,3,6,3,-18,-9,-6,-15,-10,-9,
  -18,-14,-11,-10,-9,-21,-14,-14,-31,0,-7,-30,-33,-24,-19,-17,
  -27,-22,-32,-34,-17,-26,-11,-23,-10,-34,-24,-32,-33,-16,-39,-39,
  -20,-31,-35,-29,-23,-33,-34,-17,-26,-21,-27,-7,3,10,-9,-39,
  -32,-8,-17,-21,-3,-4,-3,-3,-12,-5,-2,-10,-3,-2,-19,14,
  19,3,4,-5,-9,-12,-3,0,3,3,4,-6,1,14,2,5,
  8,9,11,10,1,4,-12,20,13,-7,20,-6,4,25,-13,-2,
  1,5,5,-4,1,15,11,0,4,6,8,9,10,9,-1,4,
  5,-15,-2,33,9,0,11,-11,9,-5,-19,0,3,12,-1,11,
  -2,1,2,-5,12,19,4,14,-10,-1,1,4,4,3,3,2,
  -8,-16,-18,10,-18,-10,-10,-16,-2,-14,-20,-2,-4,-2,7,-8,
  -15,3,0,-20,-2,-12,3,0,0,-13,-29,-16,1,12,28,13,
  -25,-23,-12,-5,-3,0,18,-13,-17,0,1,3,24,1,-18,-9,
  -2,9,-3,8,-5,9,-6,-11,4,-6,8,4,5,14,-1,2,
  3,6,15,1,14,-2,-8,7,7,5,6,16,11,9,10,30,
  -1,6,28,21,13,-8,19,-9,0,20,-7,19,8,-15,-8,-3,
  21,22,12,-4,0,0,12,-6,-23,6,3,10,-6,6,1,1,
  10,7,13,-14,-6,6,17,30,18,10,8,15,-21,1,9,-4,
  18,7,4,9,-5,5,-9,-7,-7,-8,-8,0,-16,-4,-20,-16,
  -5,-10,-22,-9,-23,-6,9,-12,-23,-9,-22,-6,-11,-11,-14,-12,
  8,11,0,-13,-1,-13,1,8,13,14,-6,-17,-13,-11,-11,-12,
  -14,-15,-16,-17,-17,-6,-11,0,0,-39,-29,-23,-8,-2,0,-21,
  -40,-19,-17,5,-8,-42,1,-7,-8,0,-4,3,-3,-16,-14,-23,
  -6,0,-16,-4,-10,-21,-7,-10,-11,-12,-12,-1,-7,-7,11,-20,
  -15,-14,-12,-12,-12,-12,11,10,-7,2,-1,-2,-3,-4,-5,-6,
  -6,2,-14,-11,-1,-16,-13,-2,-6,-8,-9,-10,-9,0,-3,6,
  10,-9,-16,10,3,0,-2,-2,6,2,10,3,1,0,11,14,
  -2,7,-7,6,11,-7,-17,-1,5,-12,-21,-5,3,8,0,-4,
  -6,4,-3,-27,-8,-12,-22,-10,-23,-10,-14,-16,-17,-18,-18,-18,
  -18,-20,-31,-26,-24,-22,-11,-17,-29,-25,-23,-21,-8,-13,-13,-5,
  -19,-7,-31,-10,-1,-6,-9,-12,-34,-13,-14,-13,-28,-43,-21,-8,
  -14,-14,-18,-37,-5,-10,-23,-30,-12,-26,-30,-25,-18,2,-25,4,
  4,-32,-21,-13,0,-14,-11,-22,-13,-1,-12,0,-12,-7,-5,-2,
  8,-5,-1,11,7,-2,12,9,10,8,0,15,12,0,17,24,
  8,11,12,25,32,13,5,8,14,22,10,21,7,11,11,11,
  14,21,11,22,9,12,16,45,32,27,17,32,28,7,35,30,
  27,27,23,25,28,32,29,35,18,25,35,29,33,29,31,25,
  30,35,38,35,26,35,34,27,22,15,33,39,28,37,25,25,
  19,31,34,35,28,26,11,20,37,35,18,17,26,8,22,12,
  23,27,17,18,9,6,12,5,10,12,8,3,-4,8,-4,8,
  16,0,-2,1,3,-4,-4,-4,-8,-25,0,1,-21,-23,-18,3,
  -17,4,-1,-27,2,-20,-18,7,2,-4,-25,-27,-20,-7,-9,-11,
  -23,-7,12,-15,-13,-23,-7,-17,-15,-12,-23,-19,-28,-1,-4,-18,
  -26,-43,-33,-26,-23,-33,3,-14,-26,-10,-32,-25,-19,-28,-12,-23,
  -9,-9,-9,-8,-7,-17,-1,-12,2,1,-10,-7,7,-5,8,-4,
  -24,-4,9,-4,8,-5,-2,0,1,2,-19,-24,-16,0,-12,1,
  -11,-20,-26,-29,-10,2,0,-2,-2,0,0,2,4,5,6,-4,
  0,-9,-15,25,19,14,1,-7,-12,6,30,12,10,-12,-5,34,
  -6,-2,1,-7,-3,-12,-7,6,5,15,0,-9,7,-2,0,14,
  0,2,3,5,6,-4,0,1,-19,10,8,7,6,6,6,7,
  -14,-18,0,-9,-6,-4,-3,-2,-1,0,0,-9,5,5,-5,8,
  8,-3,0,2,3,4,5,-5,-2,-10,-17,0,12,-13,-9,-6,
  -3,-1,-12,-8,-16,-11,-7,-5,-15,-23,-5,-15,0,-12,-20,-2,
  9,-4,-13,2,15,1,-8,-14,-7,-3,0,-11,-7,18,2,3,
  16,3,17,5,7,10,11,12,12,12,13,13,25,22,20,20,
  8,11,25,23,21,19,7,10,12,2,16,3,28,11,0,3,
  5,7,30,12,11,11,23,43,23,9,12,14,15,37,7,8,
  21,30,13,24,32,27,23,-1,26,0,-7,31,24,18,2,15,
  13,23,19,4,17,3,15,13,10,8,-4,9,7,-5,-4,8,
  -6,-5,-5,-5,6,-8,-8,4,-10,-20,-4,-5,-6,-18,-27,-10,
  0,-2,-5,-18,-3,-15,-1,-3,-4,-5,-5,-16,-1,-13,0,-1,
  -3,-38,-29,-22,-7,-20,-19,4,-23,-20,-16,-13,-12,-11,-10,-21,
  -17,-25,-9,-9,-20,-17,-26,-9,-20,-6,-18,-26,-32,-25,2,-12,
  -23,-19,-26,-9,-8,-19,-4,-26,-8,-6,-17,-13,-9,-30,-22,-16,
  -13,-11,-21,-28,1,-10,-20,8,-5,-3,-12,-7,-14,2,3,14,
  0,-8,8,-1,1,15,14,1,16,4,-3,13,25,10,0,-7,
  0,3,28,22,18,-5,-10,32,28,23,-1,-7,11,47,3,5,
  31,4,8,45,37,-3,-8,12,25,33,38,8,10,25,12,37,
  43,24,34,19,32,7,22,33,29,47,16,16,18,7,10,11,
  22,18,26,9,21,6,8,20,6,6,18,37,5,28,23,20,
  17,16,15,14,13,11,21,5,5,5,16,12,9,19,14,0,
  1,2,14,-1,10,6,15,0,-11,-7,-5,-5,5,1,-12,0,
  -12,0,-12,-10,-9,-9,-9,-9,-9,-21,-6,-7,-8,-8,-8,-8,
  -8,-7,-7,15,-1,-2,-14,0,0,0,-12,1,0,-12,-9,-7,
  -6,5,-9,-19,-15,-12,-10,1,-1,8,-18,-13,1,0,0,-12,
  -9,3,1,1,-10,-7,-5,-25,-19,-14,7,1,-22,-18,7,-16,
  -13,-10,-8,-7,-7,12,9,-14,-21,-3,-12,-20,-6,-6,-6,2,
  -9,0,-10,-9,-9,4,-5,-9,-7,-6,-14,-3,2,-9,-11,-18,
  -14,-20,-4,-8,-7,-12,-8,-12,-15,-17,-4,-18,-20,-6,-5,-26,
  -20,-23,-20,-19,-19,-25,-23,-12,-14,-15,-11,-19,-12,-14,-14,-20,
  -14,-15,-6,-19,-23,-17,-10,-12,-14,-16,-15,-15,-4,-12,-21,-12,
  -21,-19,-19,-30,-16,-25,-10,-20,-23,-24,-22,-23,-6,-17,-15,-15,
  -2,7,-8,-15,-12,-8,-6,11,-14,-12,0,10,-5,4,12,8,
  6,-14,11,-13,-16,20,13,8,-4,8,6,17,12,1,14,1,
  13,10,10,9,-1,11,9,-2,0,12,-1,1,1,2,12,-1,
  0,12,-1,-9,5,5,4,-8,-15,2,12,8,5,-5,8,-2,
  11,9,8,7,6,-3,11,-1,12,10,7,-26,-15,-8,6,-8,
  -5,16,-11,-7,-4,-1,0,0,0,-10,-6,-14,2,0,-10,-7,
  -15,0,-10,3,-9,-17,-23,-14,12,-4,-15,-10,-18,0,0,-11,
  3,-19,0,0,-10,-6,-3,-24,-15,-10,-6,-5,-15,-21,8,-6,
  -13,13,0,1,-7,-2,-9,8,7,19,3,-4,12,1,5,19,
  16,4,19,6,-1,16,27,11,0,-5,1,6,31,23,19,-5,
  -7,34,28,23,-2,-6,14,47,2,7,31,4,9,46,35,-4,
  -7,13,26,33,37,6,10,24,12,37,41,22,32,17,30,4,
  22,31,27,45,12,14,14,4,8,9,20,16,23,6,18,3,
  6,17,3,4,16,34,2,26,20,17,14,13,12,11,9,8,
  18,1,2,2,13,9,6,15,10,-3,-2,0,10,-5,6,3,
  11,-5,-15,-11,-9,-8,2,-2,-16,-3,-16,-3,-16,-14,-13,-12,
  -13,-12,-13,-24,-9,-10,-11,-12,-11,-11,-11,-11,-9,12,-5,-6,
  -17,-1,-2,-4,-16,-1,-3,-16,-13,-11,-9,1,-13,-23,-18,-14,
  -12,0,-4,4,-22,-15,-1,-1,-3,-15,-11,1,0,-2,-14,-10,
  -9,-30,-22,-16,8,0,-25,-18,7,-19,-14,-11,-9,-8,-6,16,
  8,-17,-22,-3,-13,-20,-3,-4,-4,5,-8,5,-7,-4,-1,11,
  -3,-1,0,1,-9,6,15,0,0,-8,-4,-11,15,11,7,6,
  5,6,6,-3,11,-1,1,13,9,-13,3,4,4,4,4,4,
  4,5,16,13,11,10,10,22,17,4,18,16,37,5,-2,13,
  13,12,10,10,32,24,30,11,-8,21,18,15,12,0,13,10,
  -1,12,31,10,8,-4,-11,6,16,11,17,-11,-5,7,6,15,
  9,6,4,-7,-3,20,1,-10,-8,-5,6,2,0,-13,1,0,
  -1,8,4,1,-10,-7,-5,6,13,-4,-15,-22,-3,29,16,-13,
  -10,-7,-4,7,-7,16,19,-11,-18,-1,-12,1,-12,0,-14,0,
  7,-8,-18,-3,-15,-23,-7,-8,-9,-11,-22,-7,-19,-16,-14,-13,
  -12,-12,-23,-7,-8,-8,-8,2,-12,-20,-3,7,3,0,-1,-12,
  -8,-16,0,9,-17,-1,-3,-13,0,-11,-8,4,2,0,0,0,
  0,0,1,1,1,1,1,-9,5,15,-1,-11,4,3,3,2,
  -9,-16,0,0,-11,2,12,7,-5,7,-4,-1,0,1,1,1,
  1,1,1,1,1,-8,-4,8,6,3,-18,0,0,1,1,12,
  7,6,-4,11,8,-22,7,16,1,3,5,4,14,12,22,20,
  17,2,18,18,14,15,16,11,9,14,16,14,12,20,4,10,
  30,3,9,15,1,6,4,8,5,36,25,0,4,0,23,4,
  5,25,28,22,15,14,10,21,9,18,19,10,14,14,11,4,
  19,2,4,0,4,9,0,5,1,2,-6,0,0,4,-4,-6,
  -5,-16,-13,-5,-10,-5,-16,-12,-17,-13,-18,-16,-8,-6,-7,-5,
  -7,-20,-8,-15,-3,-11,-9,-9,-6,-6,-8,-11,-10,2,-8,-13,
  -8,-8,-6,-8,-6,-9,-1,-26,-17,-15,-5,-13,-15,-17,-4,-11,
  -17,-5,-4,-7,-4,-17,-9,4,3,1,3,-8,-6,-18,1,9,
  -7,-7,-10,2,4,-7,-10,-9,0,3,-5,17,16,17,-6,-11,
  13,21,-9,9,14,9,11,8,12,-11,-16,6,22,5,9,23,
  11,7,12,-2,11,0,8,10,8,-4,3,7,3,3,12,7,
  -13,1,-1,12,7,22,-2,-5,-2,-1,-1,0,-5,8,-5,3,
  6,-6,-12,15,5,0,1,1,1,2,2,4,-6,-7,-5,-4,
  -2,-12,-17,0,-11,-8,-33,-15,6,-8,-10,-9,-8,-2,-23,-24,
  -30,-24,8,-15,-21,-17,-19,-3,-12,-16,0,-5,-32,-20,-16,-7,
  8,-2,-16,-13,-24,-1,7,-9,-5,-17,-15,-13,-12,-1,5,-22,
  -14,2,3,4,-7,-7,-6,7,0,-4,1,-11,-8,-10,4,4,
  5,-4,-18,-7,7,19,15,-24,-27,0,7,2,6,-10,6,-12,
  -28,-6,14,-3,8,-5,6,-3,7,2,-14,-3,12,0,4,20,
  7,4,6,3,18,5,13,15,13,13,12,10,23,13,9,11,
  12,0,7,24,12,0,-2,0,-2,10,7,18,9,-10,14,8,
  0,16,2,11,15,2,0,2,2,3,2,2,0,1,0,0,
  -1,11,2,-13,-4,12,0,-3,-2,-5,4,18,6,0,15,5,
  -6,-9,7,-4,3,5,2,2,0,1,1,1,0,0,-1,9,
  12,-2,-2,-6,19,10,4,6,6,-2,-5,-3,7,0,-12,29,
  9,-10,1,6,4,9,-4,-1,-12,-11,-11,2,-7,-11,-9,-9,
  -7,-7,-7,-7,-6,-6,-3,-15,-6,3,-25,-4,4,-12,-1,1,
  1,1,7,-24,-31,0,2,5,-22,-1,9,-13,-24,-21,-15,-15,
  -10,-24,-10,-18,-20,-15,-15,-11,-10,-15,-30,-12,-21,-9,-13,-30,
  -12,-20,-20,-17,-15,-13,-10,-20,-20,-15,-17,-1,-10,-14,1,-7,
  -10,4,8,0,-11,-11,5,0,-2,-5,-33,-9,10,1,-12,-22,
  -13,9,-14,-15,-16,9,4,-13,-2,13,6,-7,-6,-2,0,2,
  -8,-12,2,0,22,17,-3,13,5,-4,-7,11,-4,19,9,6,
  -4,4,10,7,8,6,8,6,7,6,7,3,17,4,9,26,
  9,20,9,6,4,24,39,25,7,19,9,16,20,13,24,21,
  18,25,29,11,23,12,7,18,18,9,32,19,19,35,17,25,
  23,33,22,14,26,24,20,29,19,-1,8,15,37,31,35,33,
  28,29,16,14,15,10,22,7,10,25,9,3,12,13,6,17,
  13,12,3,30,6,0,1,0,-4,15,19,-9,-17,5,7,0,
  9,7,1,12,0,5,6,11,15,-3,6,6,4,1,3,-11,
  -5,9,-6,0,0,-4,-5,0,14,-1,2,14,2,-1,0,-2,
  -4,2,6,-12,-1,-4,7,-7,0,-11,-4,5,2,-5,14,6,
  -1,0,-6,8,-6,0,1,0,-2,-5,-6,-18,-10,4,-10,-8,
  -15,-6,3,-10,-6,-22,-23,-7,-15,-2,2,4,-16,-7,-9,-1,
  -8,-14,-11,-21,-6,-3,-10,-13,-8,-17,-20,-16,-19,-10,-14,-22,
  -21,-20,-25,-23,-22,-22,-25,-32,-26,-26,-20,-29,-21,-30,-37,-32,
  -17,-25,-13,-25,-23,-25,-38,-21,-20,-36,-19,-25,-29,-25,-36,-30,
  -22,-25,-26,-24,-22,-28,-24,-25,-20,-24,-11,-20,-31,-14,-4,-17,
  -19,-10,-11,-3,0,-12,-21,-3,-14,-23,-14,0,-7,-7,3,-8,
  -4,-5,-2,-2,0,-1,1,0,5,5,-8,-3,2,14,5,-10,
  0,-3,-3,-6,7,6,8,-8,25,1,-20,2,8,-2,1,-10,
  -4,-5,0,5,12,4,-2,8,6,9,8,9,8,9,8,8,
  3,8,18,-4,12,25,0,11,12,5,3,1,-12,-11,30,16,
  6,-10,3,17,-15,-11,2,13,8,11,1,11,12,4,16,11,
  15,9,8,0,20,16,15,18,0,21,18,13,22,20,21,19,
  15,15,27,22,31,21,14,28,19,12,26,19,6,1,10,21,
  14,1,10,-5,23,36,12,0,6,17,35,7,9,22,33,25,
  3,20,29,13,0,11,18,17,17,11,12,29,25,26,20,-7,
  15,8,3,7,26,11,20,15,1,7,11,22,8,13,8,12,
  8,12,9,13,10,18,11,7,25,2,7,5,1,11,19,22,
  -4,-15,1,3,0,12,-3,9,1,-1,0,2,-16,-3,-5,-9,
  4,4,-5,9,0,-10,8,-14,-7,-5,-7,-13,-22,-4,-9,-15,
  -11,-15,-29,-5,2,7,-6,-17,-17,-28,-24,-32,-29,-20,-22,-14,
  -21,-24,-6,-25,-25,-13,-10,-21,-10,-17,-18,-23,-7,-24,-35,-15,
  -17,-12,-5,-5,-34,-24,3,2,-14,-5,-7,-14,-6,-13,-13,-3,
  -12,-6,-27,-12,-10,-14,-16,-14,-19,-10,3,-12,-11,-2,-12,-4,
  -3,6,-12,-10,0,-14,-20,-8,-12,-6,-6,-1,-21,-4,-4,0,
  -10,-7,-5,-6,9,-2,-7,1,-4,-23,-6,-15,0,-14,-11,-6,
  -15,-13,-14,-12,-16,-9,6,-12,-9,-2,-7,-3,-22,-8,-13,-12,
  15,-3,8,-2,-13,-19,-9,-3,-7,-13,-24,-9,-15,-3,-9,-15,
  -16,-15,-15,-14,-13,-13,-8,-9,-23,-20,-5,-12,-13,-3,-17,-10,
  -15,-8,-9,0,-26,-26,-5,-10,-15,2,-23,-16,-26,-24,-7,-26,
  -21,-15,-19,-14,0,-25,-26,-9,-7,-6,-24,-25,-15,-8,-33,-12,
  -4,4,-8,14,4,-23,7,4,0,14,4,-2,6,2,4,-4,
  0,-3,-26,3,5,16,16,36,12,-9,28,11,12,11,10,20,
  9,13,15,17,-1,4,30,26,29,25,25,20,17,38,41,15,
  14,19,28,24,15,13,34,21,33,34,21,21,31,22,26,32,
  31,29,28,22,23,37,31,21,14,7,15,20,40,23,1,30,
  30,26,22,29,18,12,19,17,11,14,22,-1,7,26,1,-1,
  14,9,11,4,1,21,25,1,2,17,28,1,16,-8,-1,4,
  -8,7,8,1,21,-7,5,-5,-17,-25,-23,5,-2,3,-3,9,
  -1,-22,-8,-5,-1,-11,-2,-5,-11,-8,-3,1,-6,7,-14,-3,
  -28,-13,5,16,9,-8,-15,-18,13,-10,-17,6,0,7,0,6,
  -1,10,-3,0,-6,-13,9,1,-4,-11,-19,10,10,-9,-12,-2,
  -12,-2,-2,-11,-5,-14,-14,-8,-2,-7,-11,1,1,0,6,-4,
  0,0,-6,-8,-2,-7,-1,-18,-27,-11,-2,-11,-7,-8,-11,-9,
  -17,-16,-2,-13,-19,-4,-7,-10,-4,-12,-11,-20,-19,-20,-8,-20,
  -27,-13,-14,-16,-13,-11,-6,-19,-6,-15,-19,-10,-2,-20,-28,-34,
  -21,-14,-2,-2,-4,4,-10,-11,-8,-14,-5,-8,-19,-1,-3,-12,
  -10,-3,-14,-1,2,3,-11,10,8,-4,0,-4,-11,-3,19,3,
  -17,-6,6,0,5,11,3,14,9,5,14,12,29,12,17,20,
  21,19,24,13,5,24,18,14,22,15,14,10,30,22,16,33,
  33,23,26,21,21,20,38,17,22,17,30,21,24,20,9,23,
  27,16,30,40,24,32,18,35,26,25,33,29,30,27,30,19,
  9,30,20,18,21,20,36,18,27,17,-3,17,5,22,29,32,
  17,17,20,28,32,18,23,12,21,25,24,22,21,20,19,18,
  13,18,29,21,7,18,14,9,20,13,17,10,11,6,33,23,
  4,14,14,1,29,16,29,18,8,25,16,11,15,7,0,26,
  16,2,1,5,21,17,4,5,24,-3,-7,-13,0,-26,-2,12,
  -19,-9,-9,-21,-5,-5,-12,-7,-8,0,-7,1,13,-19,-16,-28,
  -25,-43,-6,-2,-35,-14,-18,-15,-17,-24,-13,-20,-20,-20,-1,-19,
  -39,-32,-33,-28,-28,-22,-22,-44,-35,-12,-15,-23,-28,-23,-13,-19,
  -36,-22,-36,-30,-18,-22,-29,-20,-27,-30,-28,-25,-23,-17,-21,-32,
  -21,-12,-6,-4,-14,-20,-36,-9,0,-29,-23,-19,-15,-20,-6,-5,
  -11,-8,-3,-9,-11,11,-6,-17,10,4,-9,-4,-4,2,1,-20,
  -13,7,1,-16,-15,8,-6,20,4,4,13,-5,0,1,-11,18,
  0,19,24,32,17,-6,3,-1,6,-6,12,25,7,6,3,14,
  1,9,10,7,0,0,3,-4,15,4,29,1,-12,-21,-5,11,
  15,8,-20,13,8,-14,-5,-12,-4,-11,-3,-16,2,-5,5,2,
  -18,-4,1,11,6,-24,-13,5,1,-7,2,-10,-3,0,-6,2,
  1,-10,-14,-9,-7,-27,-20,-24,-26,-16,-20,-21,-13,-7,-20,-10,
  -19,3,2,-20,-14,-4,-25,-16,-18,-22,-1,-21,-31,-8,-10,-35,
  -10,-31,-27,-19,-31,-6,-7,-25,-22,3,-4,-10,-22,-14,-21,-13,
  -23,-19,-32,4,-3,-15,-26,-15,5,17,16,1,-29,1,-13,-11,
  19,-1,0,5,0,6,17,10,-3,4,4,14,17,-4,-20,4,
  20,19,33,15,12,26,34,37,32,22,26,21,24,18,21,9,
  18,14,24,18,9,27,29,8,2,10,20,26,22,17,23,27,
  7,20,15,28,21,18,26,21,24,19,21,9,27,40,21,21,
  13,1,7,15,9,14,-1,-10,7,30,12,-5,-4,14,11,14,
  17,-21,26,17,-15,-10,-14,2,-17,11,10,-9,-22,-9,-13,-16,
  -2,-17,-22,-3,-5,-12,-11,-11,-10,-6,-12,-24,-16,-8,-7,-8,
  -27,-4,-24,-20,-12,-19,0,-10,-22,-28,-12,-25,-7,-12,-17,-15,
  -26,-31,7,-14,-5,11,-39,-43,-9,-11,-3,-17,-3,-3,12,-9,
  -7,-6,-12,-15,-8,-2,1,-9,-9,-1,1,0,-10,-6,-10,-7,
  -12,-5,3,-2,-9,-11,-8,3,-3,0,-8,13,20,-4,0,2,
  10,0,-1,6,4,3,0,28,22,11,22,19,-10,-26,23,18,
  19,18,0,11,1,18,19,15,-3,-1,20,18,-2,-1,0,1,
  -6,10,20,11,18,17,22,35,27,18,25,31,28,16,14,19,
  21,18,20,25,9,4,9,12,10,27,16,14,8,7,23,18,
  39,19,3,18,22,11,7,7,1,0,6,6,1,6,7,-14,
  -6,10,-7,-8,-3,-8,-10,-16,-18,0,-6,-23,-18,-8,-2,-26,
  -9,-28,-10,-7,-17,-3,-11,-19,-10,-39,-26,-37,-40,-44,-29,-5,
  -18,-15,-25,-15,-30,-42,-25,-19,-14,-22,-12,-19,-24,-23,-16,-15,
  -18,-5,-24,-10,-36,-12,0,7,-8,-26,-33,-27,5,-23,-20,4,
  -4,0,-9,-3,-11,2,-14,-5,-14,-12,8,-5,-13,-23,-21,12,
  5,-13,-9,0,-7,6,2,0,8,1,1,10,12,4,-2,13,
  4,4,6,-4,-1,2,-1,-4,13,8,22,4,4,28,23,10,
  28,17,14,16,-8,8,20,-1,-1,24,0,16,13,1,13,-10,
  -10,10,12,-12,-4,0,12,3,10,2,12,8,23,-12,-7,5,
  18,15,-1,-10,-7,6,38,8,18,18,-15,4,4,1,7,2,
  -10,-4,10,2,2,-5,-11,9,26,4,-12,-6,-18,4,14,5,
  0,-3,0,10,4,7,0,2,-5,2,-9,-7,-16,-9,3,-11,
  -14,5,11,3,-8,-14,-9,-2,-7,-13,4,-9,-7,-20,-13,-5,
  -11,-4,-6,0,-4,7,-7,-21,-1,-1,5,13,3,-10,-10,-18,
  -4,9,-4,-27,-12,7,7,-10,-6,-4,-7,37,-7,-6,23,14,
  16,-4,15,-10,-10,10,23,10,9,12,-4,9,17,0,1,9,
  8,8,6,2,6,20,13,5,4,4,25,3,22,22,12,23,
  3,12,24,34,19,32,14,15,19,15,25,34,-4,17,12,-8,
  38,45,6,5,-4,11,2,8,-5,18,19,15,19,20,12,5,
  1,13,16,6,3,3,11,5,6,1,6,0,-14,-7,0,2,
  -1,-13,-8,-13,2,-16,-24,10,8,6,-2,6,5,-7,-6,-5,
  -1,-25,-21,-5,-22,-22,0,19,-33,-36,-34,-33,-6,-16,-4,-23,
  -27,-21,-3,3,-17,-21,8,3,-1,-6,3,-7,-23,-16,-20,-6,
  -2,-21,-15,4,2,-23,-16,-3,-12,-22,-20,-23,-22,-30,-3,6,
  -5,-16,-3,-21,-5,-3,5,12,-13,10,-20,-12,3,13,-16,2,
  -1,11,0,4,0,0,6,5,9,25,40,12,-14,-7,10,4,
  7,-3,-1,-18,2,-16,-33,-1,-21,8,8,7,-13,-10,5,5,
  3,8,7,4,26,11,3,14,-19,-18,1,2,3,9,-10,-22,
  12,-5,-2,-10,-6,-3,-2,24,9,10,2,0,6,-7,-4,-8,
  11,-3,-2,-10,8,-15,-15,2,0,1,-3,-3,-11,-8,-2,-8,
  -8,-13,-13,-17,-14,-18,-10,-20,-23,-31,-8,-20,-39,1,-31,-24,
  -16,-1,-21,-42,-24,-30,-17,-33,-8,-7,-37,-27,-14,-21,-9,-33,
  -33,-14,-58,-27,-14,-27,-13,-17,-23,-16,1,-8,-8,6,0,-12,
  -16,-5,21,-7,-30,-18,-25,-10,-18,-13,-22,-17,-4,-20,-14,0,
  3,4,5,20,-3,2,11,-4,9,17,-1,-2,-1,3,14,2,
  10,-12,-9,16,1,25,26,5,20,9,1,2,12,43,13,15,
  40,40,30,5,15,33,40,42,21,14,5,-3,16,13,36,29,
  65,24,16,47,21,29,28,31,23,26,18,18,32,13,3,5,
  29,36,21,22,22,21,35,31,39,35,42,42,32,27,42,64,
  45,27,23,34,35,30,35,24,27,17,13,22,14,4,4,22,
  32,21,23,23,24,47,13,23,51,49,53,40,47,25,13,19,
  24,9,13,10,-5,0,5,-9,-10,-3,1,0,1,3,4,21,
  16,7,5,4,16,-4,7,5,-12,-5,-27,-28,-18,-10,-29,-16,
  -32,-30,-21,-21,-12,2,-31,-17,-16,-40,4,22,-9,-9,-18,-3,
  -15,-14,-33,-15,-13,-17,-9,-5,-8,-15,-21,-12,-7,-18,-21,-22,
  -12,-17,-14,-17,-10,-14,-26,-20,-11,-5,-5,-15,-8,-12,2,-12,
  -29,2,1,0,-7,3,11,3,9,11,18,-4,-5,13,0,2,
  29,60,13,3,4,-4,17,3,11,-10,-20,-20,-6,0,-22,-32,
  -2,-1,-2,-1,13,9,-5,0,-6,3,8,-14,-13,6,9,-14,
  -9,7,0,-10,-12,-18,-20,-32,-9,5,-2,-14,-3,-21,-11,-7,
  -3,10,-18,8,-21,-18,-6,4,-27,-13,-14,0,-9,-7,-11,-18,
  -15,-19,-16,0,24,5,-20,-17,1,-4,0,-8,-3,-17,3,-9,
  -35,-7,-31,-6,-3,0,-17,-18,-1,-3,-8,-9,-11,-16,9,3,
  -1,14,-19,-28,-14,-16,-17,-9,-22,-37,1,-13,-14,-24,-26,-23,
  -24,9,3,7,6,3,12,-3,-1,-9,10,-4,-5,-16,0,-21,
  -29,-9,-11,-5,-6,-1,-5,0,12,12,15,13,14,10,12,6,
  13,3,-2,-13,5,-2,-29,11,-16,-10,3,25,15,-5,14,7,
  20,3,24,31,0,6,21,14,26,4,-2,19,-28,-7,6,-12,
  -2,-8,-16,-13,5,-1,-2,13,10,0,-2,10,46,30,7,21,
  13,26,16,17,5,3,14,-6,-11,-5,-9,-12,-16,1,-18,-14,
  0,-17,-7,2,-16,-18,-13,-6,10,-1,3,-23,-33,-9,-24,-1,
  8,-11,3,-8,-23,-31,-32,0,-29,-33,-4,-3,-13,-43,-36,-14,
  1,12,-1,-6,-12,-31,-16,-31,-8,-20,23,-13,-29,11,-18,-14,
  -15,-11,-22,-11,-11,-13,7,-10,-24,-25,1,11,-7,-6,-14,-19,
  -6,-12,-7,-19,-10,-11,-25,-39,-18,15,0,-14,-32,-14,-8,-25,
  -10,-16,-7,-10,-24,-17,-18,-10,-19,-8,12,13,21,21,40,34,
  -2,16,27,20,21,24,21,15,13,4,1,-18,5,-4,-6,-4,
  -3,-8,-4,-12,2,-19,-23,-6,-20,-2,-6,-20,-22,-8,-23,-29,
  0,4,-3,5,14,-3,31,34,14,23,12,22,39,32,28,13,
  25,14,13,6,33,20,-2,-12,-16,-7,-14,-10,-20,18,5,-2,
  20,6,23,29,8,17,15,12,42,32,41,33,-2,24,24,7,
  5,6,14,22,-3,16,-2,-23,-16,21,2,-3,12,0,-3,-4,
  -2,-7,-26,-20,-11,-20,-11,-20,-24,-14,-17,6,-24,-29,-6,9,
  9,13,15,19,21,17,49,65,54,73,73,82,72,72,72,48,
  4,11,33,11,12,0,5,18,27,36,0,34,13,37,70,93,
  72,28,51,66,72,-3,0,29,12,-3,-9,-5,10,-11,-30,-26,
  -40,-19,-18,-18,7,14,38,38,49,71,61,40,10,-16,0,18,
  13,27,0,9,-15,-59,-65,-92,-101,-100,-90,-94,-91,-77,-58,-51,
  -14,13,7,4,4,16,44,34,27,62,56,62,66,45,34,-4,
  -13,-37,-36,-38,-43,-37,-21,-12,-9,12,8,8,38,67,82,94,
  126,139,150,145,110,94,52,26,-6,-20,-63,-81,-70,-74,-55,-68,
  -69,-75,-78,-47,-27,0,35,57,83,105,100,90,85,73,26,25,
  -10,-41,-43,-83,-94,-121,-108,-108,-106,-96,-79,-45,-38,6,13,10,
  22,20,9,18,-7,-6,-5,-46,-43,-50,-54,-48,-49,-52,-43,-17,
  -19,-17,-3,-3,-11,-26,-17,30,30,30,37,36,45,36,44,25,
  25,35,16,8,10,12,1,4,27,9,24,32,17,18,19,-5,
  -19,-41,-37,-28,-25,-4,-31,-35,-29,-51,-21,-12,-13,13,13,11,
  -14,-21,8,-26,-25,-4,25,31,5,-11,-18,-20,-10,-28,-16,-29,
  -26,-20,-17,-6,-12,51,6,12,32,18,20,20,22,6,16,0,
  3,24,16,-2,-24,-6,-1,-15,-14,-33,-36,-28,-19,-4,-6,16,
  23,16,-20,-10,16,23,18,-3,12,4,-13,-16,-34,-24,-32,-38,
  -35,-30,-21,-39,-35,-29,-27,-21,-17,28,43,24,44,50,47,37,
  36,22,21,13,20,10,-5,11,-1,-5,-9,-12,-17,-17,-21,5,
  -22,-15,-15,-23,-2,5,0,4,26,7,-7,3,0,-23,-20,-34,
  -65,-36,-37,-41,-35,-51,-39,-21,-4,0,0,15,11,5,-12,20,
  11,11,-10,-7,-12,-9,-29,-49,-23,-52,-57,-50,-67,-38,-25,-26,
  -11,-18,-21,5,-2,36,27,5,25,30,15,10,-6,12,15,12,
  46,45,20,14,40,6,-7,-15,-33,-43,-47,-32,-25,-36,-27,-22,
  -30,-16,-33,-28,-32,-18,16,-6,-20,-20,-17,-28,-31,-37,-31,-36,
  -50,-21,-15,-23,-21,-30,-27,-41,-30,0,10,-17,5,32,32,41,
  15,12,-2,19,16,-5,16,-28,-22,-22,21,-12,-58,-80,-51,-26,
  -82,-67,-29,-10,0,3,18,57,52,59,65,59,89,84,84,83,
  69,63,23,4,5,0,-5,-30,-69,-55,-47,-25,6,3,56,50,
  44,42,26,14,13,28,26,17,15,-3,-48,-60,-69,-102,-134,-169,
  -171,-134,-133,-118,-71,-59,-23,-8,18,37,39,66,68,94,113,116,
  96,86,39,0,-27,-73,-121,-130,-116,-118,-112,-84,-74,-29,-3,12,
  40,51,89,121,172,165,179,182,179,201,165,149,93,32,11,-27,
  -40,-37,-45,-21,19,32,23,62,95,91,116,128,151,169,192,243,
  227,226,232,226,170,120,62,30,8,-74,-81,-74,-71,-84,-101,-92,
  -115,-127,-114,-142,-146,-117,-118,-130,-131,-123,-83,-54,-19,11,20,9,
  -10,-23,-32,-45,-79,-82,-61,-61,-59,3,26,40,94,86,25,49,
  35,-30,-40,-61,-93,-111,-81,-32,-31,-33,-21,-37,-59,-44,-5,25,
  14,42,73,80,96,146,178,185,212,241,245,233,185,136,70,24,
  -1,-27,-14,4,33,37,25,59,79,44,7,-8,12,27,39,92,
  105,84,49,0,-102,-176,-216,-314,-321,-314,-308,-257,-143,-78,-58,-48,
  -71,-52,-70,-11,32,102,171,206,295,330,353,309,229,116,-33,-106,
  -188,-221,-218,-203,-152,-175,-163,-177,-203,-252,-295,-354,-363,-289,-244,-153,
  -30,55,136,181,220,172,133,85,0,-51,-46,-12,57,130,193,233,
  248,297,296,262,213,166,127,146,170,121,63,-7,-89,-101,-107,-100,
  -58,-66,-96,-134,-204,-305,-386,-355,-329,-274,-177,-92,-11,126,269,389,
  449,399,277,180,85,64,79,152,294,381,409,411,367,275,165,19,
  -127,-251,-363,-426,-397,-324,-214,-174,-141,-129,-175,-150,-155,-152,-106,-92,
  -42,14,63,103,133,172,206,220,185,147,96,69,68,120,131,137,
  124,110,56,-27,-26,9,19,83,136,94,77,89,132,164,209,203,
  90,-20,-106,-145,-148,-142,-156,-186,-273,-328,-308,-268,-217,-179,-136,-126,
  -164,-188,-181,-158,-134,-43,56,155,233,263,277,236,177,47,-83,-159,
  -216,-220,-242,-178,-135,-83,-66,-54,-100,-213,-265,-306,-329,-354,-361,-299,
  -188,-86,45,156,234,244,156,88,32,7,19,33,65,58,22,-9,
  -34,-26,7,-16,-71,-166,-248,-259,-298,-252,-190,-136,-89,-48,-2,29,
  65,102,127,140,149,126,105,93,86,125,161,143,132,91,16,-34,
  -117,-150,-162,-168,-182,-208,-173,-146,-100,-15,78,100,109,108,103,137,
  222,305,333,324,294,250,217,149,100,31,-75,-156,-228,-247,-234,-141,
  -84,-37,-7,-34,-30,-35,17,58,58,107,141,149,176,174,112,34,
  2,-41,-98,-136,-165,-153,-174,-182,-148,-138,-117,-124,-96,-51,19,103,
  225,282,268,301,280,242,173,100,29,-60,-103,-123,-118,-49,-23,-57,
  -96,-151,-197,-185,-158,-124,-93,-41,1,15,58,131,163,145,144,101,
  4,-47,-29,-27,29,102,100,94,123,88,63,56,39,61,64,73,
  113,134,146,172,211,221,190,155,100,-5,-66,-85,-81,-89,-93,-104,
  -138,-182,-204,-187,-171,-169,-136,-122,-101,-54,32,128,182,231,219,161,
  132,113,83,49,37,48,-2,-67,-80,-97,-125,-189,-266,-343,-362,-375,
  -368,-265,-198,-97,9,79,101,114,52,-50,-101,-191,-234,-272,-202,-144,
  -74,75,182,268,269,249,159,40,-2,-23,44,111,184,240,219,248,
  251,270,241,170,70,25,8,-3,71,112,96,62,-7,-37,-35,44,
  65,44,29,-15,-77,-114,-163,-221,-290,-333,-320,-291,-167,6,183,332,
  437,422,323,224,123,71,82,98,215,373,445,468,418,294,127,-20,
  -144,-348,-534,-715,-835,-793,-613,-443,-302,-230,-250,-295,-294,-251,-148,-81,
  40,178,244,342,500,628,705,707,602,437,274,148,71,59,77,97,
  28,6,-2,-39,-81,-189,-214,-271,-329,-293,-282,-286,-256,-192,-135,-69,
  38,66,111,178,229,202,173,72,-33,-120,-130,-161,-185,-99,-52,-83,
  -66,-77,-75,27,64,124,196,238,275,335,418,445,458,387,161,-86,
  -250,-411,-496,-501,-394,-310,-272,-191,-180,-258,-432,-498,-527,-605,-515,-284,
  -73,95,334,522,558,548,584,543,423,304,130,-20,-123,-77,104,235,
  433,659,563,328,142,-111,-336,-488,-528,-465,-430,-307,-132,16,126,241,
  164,-64,-309,-550,-790,-844,-635,-364,8,481,813,1014,1123,1097,1019,905,
  707,440,163,-229,-435,-437,-285,-36,184,225,4,-325,-648,-926,-1032,-1000,
  -857,-711,-605,-375,-18,410,747,1043,1175,945,582,323,-31,-345,-296,-202,
  -181,-136,61,111,-36,-78,-132,-307,-461,-540,-583,-679,-650,-481,-328,-146,
  38,205,199,199,267,446,499,479,350,-52,-442,-500,-349,-22,416,567,
  289,-180,-419,-437,-292,71,218,-75,-615,-953,-952,-626,94,812,1087,974,
  661,241,-68,-68,124,361,367,180,11,-219,-266,77,390,432,364,124,
  -478,-973,-1018,-988,-689,-29,611,859,760,470,152,78,261,622,864,692,
  304,-30,-188,-15,448,745,713,387,-78,-339,-290,-35,291,442,247,-40,
  -277,-545,-667,-555,-586,-886,-988,-912,-735,-256,295,576,489,190,-183,-503,
  -577,-401,-38,201,335,639,908,911,1100,1278,1043,683,382,-112,-773,-1203,
  -1408,-1482,-1372,-1113,-868,-821,-962,-1062,-1082,-1159,-1001,-648,-504,-495,-299,-67,
  161,656,1317,1782,1983,2062,1886,1433,930,531,126,-234,-413,-558,-691,-715,
  -601,-470,-357,-329,-396,-578,-836,-974,-1016,-923,-702,-337,89,590,1132,1492,
  1693,1662,1343,889,503,191,-120,-179,-191,-320,-283,-93,16,50,157,24,
  -409,-809,-1035,-1152,-1018,-491,47,375,699,933,971,908,959,964,750,474,
  322,110,-78,-4,215,187,75,132,-5,-386,-541,-555,-808,-940,-683,-553,
  -580,-342,-19,71,140,386,507,322,290,415,368,294,482,655,515,463,
  574,394,91,146,203,-37,-119,-16,-127,-254,-148,-17,-216,-558,-812,-1113,
  -1415,-1361,-1031,-785,-584,-282,-129,-149,53,474,736,856,1108,1065,786,716,
  763,811,942,1122,1003,611,277,-113,-533,-801,-954,-1121,-1187,-1073,-974,-879,
  -686,-460,-386,-325,-222,-109,-169,-155,93,234,284,669,1011,1021,1077,1179,
  945,505,391,254,-212,-466,-420,-559,-735,-533,-282,-350,-389,-193,-195,-227,
  4,315,291,118,153,154,121,267,538,603,430,313,193,7,-32,64,
  -99,-471,-780,-982,-1151,-1058,-606,-257,-124,-11,-22,-44,45,126,270,380,
  347,377,417,468,596,718,763,710,584,349,46,-362,-724,-932,-938,-834,
  -589,-374,-468,-667,-730,-814,-789,-519,-202,-118,-147,-121,13,246,579,1024,
  1107,854,610,445,253,228,472,535,254,92,63,-11,-40,156,231,-15,
  -146,-105,-104,-85,79,137,-100,-517,-727,-819,-982,-875,-547,-198,49,397,
  755,819,774,848,861,788,714,731,529,192,72,190,323,432,485,125,
  -507,-1110,-1367,-1343,-1101,-734,-598,-927,-1276,-1361,-1144,-530,259,889,979,647,
  347,267,485,894,1371,1385,786,184,-157,-322,-74,520,792,588,245,-228,
  -701,-1016,-1057,-924,-842,-812,-784,-793,-710,-381,203,572,626,417,-135,-745,
  -1055,-855,-410,100,628,945,887,683,728,824,822,875,705,7,-806,-1326,
  -1462,-940,-68,570,837,528,-341,-998,-978,-661,-119,496,520,-60,-435,-544,
  -570,-30,734,1011,794,295,-263,-672,-632,-194,383,662,478,227,-62,-366,
  -81,589,805,865,820,356,-213,-264,-68,-58,72,300,230,-108,-222,3,
  139,179,539,819,525,376,500,315,138,639,1049,868,621,406,-135,-674,
  -579,-298,-532,-981,-1084,-1202,-1529,-1105,-101,215,28,278,327,-187,60,1126,
  1559,1343,1556,1427,436,145,712,767,438,486,123,-1064,-1866,-1755,-1674,-1617,
  -1106,-644,-970,-1581,-1473,-1298,-1509,-1035,-105,-49,-347,-241,-218,-392,12,986,
  1659,1737,1537,1265,340,-537,-344,-13,117,555,613,-81,-711,-1001,-1035,-505,
  272,634,639,288,-334,-531,-126,491,1082,1335,993,184,-918,-1750,-1669,-1142,
  -666,335,1013,668,484,782,715,397,776,919,-113,-716,-312,-270,-215,795,
  1920,1831,1442,1642,1377,218,-478,-287,-787,-1687,-1270,-686,-1385,-1504,-728,-732,
  -716,-100,159,-188,-449,-210,-63,-61,422,565,77,-119,-186,158,799,1339,
  1962,2008,1322,487,148,-126,-578,-515,-633,-1207,-1542,-1392,-630,331,1009,1641,
  1829,889,-140,-669,-1131,-1437,-1575,-1288,-934,-593,159,945,1181,542,-46,-528,
  -1337,-1427,-1003,-985,-779,124,825,1363,2377,2795,2094,1182,337,-703,-1703,-2017,
  -2121,-1630,-1180,-1052,193,1362,1153,1176,1640,808,-257,-30,238,-239,-165,217,
  40,-327,-132,888,1276,837,951,583,-944,-1648,-1278,-1146,-1116,-756,-238,-174,
  -351,317,1266,1356,1305,1880,1721,464,-30,-178,-1050,-1355,-499,486,937,1546,
  2133,1779,955,526,196,-481,-965,-1274,-1860,-2389,-2333,-1658,-677,383,1073,1162,
  665,-369,-1283,-1591,-1532,-980,-357,-181,232,803,807,1364,2398,2247,1408,959,
  -27,-1585,-2083,-1792,-1539,-1155,-604,-171,-423,-939,-638,-210,-218,122,468,-67,
  -902,-1342,-1475,-940,-323,209,1053,1040,192,355,628,31,414,974,67,-654,
  -686,-1278,-1264,-284,278,823,1222,626,219,261,-365,-502,73,-506,-1134,-816,
  -982,-916,310,1118,1424,1841,1287,271,-137,-585,-744,-112,193,-198,-428,-644,
  -887,-440,380,910,1113,754,142,-457,-804,-505,295,1056,1475,1517,1043,331,
  -96,84,626,896,999,820,-98,-954,-834,-482,-172,443,509,-246,-960,-1353,
  -1353,-626,414,1103,1497,1409,780,445,742,1045,1590,2148,1640,712,153,-321,
  -279,474,1035,1031,719,-157,-953,-1015,-816,-375,290,207,-301,-595,-1093,-1176,
  -588,-219,-100,25,-493,-1243,-1286,-1015,-470,374,834,834,446,-446,-923,-805,
  -582,233,1024,873,472,119,-499,-527,-121,111,508,463,-273,-703,-1016,-1442,
  -872,115,200,125,-65,-1041,-1839,-1705,-1240,-544,124,222,176,-183,-665,-276,
  407,530,752,983,528,245,661,1066,1420,1762,1486,1032,478,-438,-865,-854,
  -1295,-1490,-955,-788,-791,-90,319,-141,-267,-307,-724,-788,-531,-147,374,899,
  1478,2186,2302,1816,1623,1148,51,-392,-327,-937,-1642,-1621,-1694,-2133,-1702,-733,
  -614,-679,-335,-569,-942,-342,517,1057,1536,1507,1082,937,804,1222,2031,2090,
  1746,1536,734,-334,-302,-255,-1306,-1681,-1619,-2672,-3106,-2183,-1517,-1289,-340,757,
  902,612,739,576,-460,-907,-172,303,403,1453,2268,1629,1493,1979,1438,714,
  810,570,-541,-1253,-645,-55,75,1203,2384,1812,160,-420,-924,-3002,-3443,-2350,
  -3127,-3765,-2434,-1699,-1578,-93,1257,1297,1270,1342,1123,1000,1298,1635,1709,1479,
  1573,1923,1693,1787,1963,1338,679,133,-471,-1137,-1448,-1454,-1637,-1807,-1844,-1988,
  -2027,-1360,-679,-663,-169,469,42,-395,556,1267,523,809,1906,1968,1506,2203,
  3161,2181,853,1066,561,-1139,-1325,-631,-1382,-2588,-1966,-1271,-2205,-2236,-853,-790,
  -1582,-883,0,-600,-1037,-299,263,414,1361,2988,3761,2991,2240,1624,-290,-1691,
  -1384,-1173,-1511,-2087,-2617,-3208,-3902,-3343,-1445,-142,99,341,-106,-960,-924,-203,
  1191,2296,1965,2002,2406,1017,488,2260,2220,1162,2048,2067,541,81,-58,-706,
  -1337,-1683,-1361,-1766,-3015,-2768,-2575,-3603,-2907,-699,-231,542,3087,3691,2694,3154,
  3281,1862,1063,1211,590,-688,-1030,-806,-630,-811,-424,1035,743,-895,-525,-120,
  -2461,-3728,-2578,-2992,-3578,-1353,996,1859,2518,3064,4239,4429,3350,4168,4198,357,
  -2043,-860,-2358,-3804,-138,1856,239,-30,740,-498,-2351,-1829,-83,-767,-2569,-1506,
  -861,-2751,-1585,2388,3024,2793,4786,4504,2350,1635,1168,1051,477,-991,-762,-879,
  -2773,-2085,459,-504,-305,2613,741,-1597,-226,-1660,-4108,-2511,-1309,-1140,755,1956,
  2308,2389,1688,1251,1593,256,-1517,-1126,-2453,-4444,-3955,-2500,-1417,-613,1549,3262,
  2712,2998,3142,1537,132,-931,-1538,-1435,-1991,-1283,-611,-1490,-1680,-953,-30,-395,
  -1102,118,-1165,-4059,-3208,-1464,-2532,-2301,2066,1883,-928,1589,3155,1050,1020,3577,
  3623,1013,72,1916,339,-1674,1709,3098,1310,1398,2606,1201,-624,-974,-730,-2166,
  -4575,-3596,-2897,-4637,-3816,-453,-97,-173,3007,4173,2521,2002,1762,168,-180,518,
  1781,1966,2179,3224,1653,2703,4186,1913,2293,2301,-3100,-4242,-2859,-6702,-6652,-2476,
  -4155,-4479,-123,-1689,-1935,1896,91,-794,2650,98,-725,2124,-715,-1056,2422,1371,
  744,5643,5750,2632,4399,3623,-722,-1216,-1007,-3538,-3825,-4058,-4105,-3735,-3388,-1863,
  516,1032,354,2733,2311,-348,112,1444,-639,-852,1339,1207,1632,2373,2359,2259,
  1399,517,983,436,-1080,-1265,-1882,-2819,-3098,-1051,1344,1470,2237,3114,1400,-672,
  -1076,-655,-355,-413,492,1583,915,83,1599,3012,626,701,2906,-418,-3279,-671,
  -768,-4254,-1976,783,-1625,-1784,850,558,-257,1217,2394,2777,2302,2005,2734,1442,
  -510,-24,608,-1021,-1063,1050,-123,-1740,-561,-1496,-3792,-3221,-3433,-4698,-3192,-2050,
  -2155,81,1872,1091,2058,3439,1429,556,1892,-535,-2978,-1825,-2348,-3627,-1395,690,
  302,891,1349,193,-661,-1933,-2968,-2598,-3638,-4394,-2013,-1411,-2493,234,2759,1646,
  2908,4989,2630,318,976,-331,-2370,-388,1402,570,735,1976,1461,289,1144,2312,
  1472,656,401,-748,-2105,-2873,-2011,-390,-499,174,2972,3051,1893,4444,5750,2979,
  2311,2886,-174,-2592,-1610,-1432,-1948,-1135,37,812,360,-283,948,1398,-498,-154,
  2001,-16,-2087,499,1335,-399,1577,4143,2184,-27,-180,-1440,-3587,-4079,-2601,-1720,
  -3176,-3748,-1868,-2085,-3439,-549,2288,664,255,1739,157,-1724,-546,895,1239,1277,
  1725,2042,843,-77,956,1273,-629,-1184,-511,-2274,-3660,-1986,-1831,-2969,-1735,-568,
  -879,203,1575,1459,1689,1595,1707,2973,2792,2849,4142,2452,-62,523,-165,-2255,
  -1382,-242,-1206,-1539,-1479,-1943,-1809,-1903,-628,1117,99,-365,430,-838,-2144,-619,
  679,786,1521,2408,3456,2507,1037,2952,3001,-296,759,1877,-2339,-3513,-1543,-2559,
  -2624,157,1962,2089,1019,-72,248,-378,-1898,408,2253,-524,-1144,341,-847,-1310,
  1700,3299,2773,3262,2880,1333,278,-1108,-1707,-1118,-2438,-2881,-986,-1897,-2787,-1298,
  -1065,-2148,-1201,209,-733,-1268,-1200,-1562,-1586,-1651,480,2831,2206,2549,3493,1466,
  -96,-193,-742,-933,-1154,-1341,-1946,-2716,-3202,-3002,-1262,-665,-693,1023,124,-1407,
  -1564,-2204,-2074,-1635,-845,576,1604,1191,1834,2528,899,1627,3623,2212,1644,3287,
  -195,-1959,214,-867,-35,2606,1343,989,1923,-1210,-480,2417,-570,-635,2290,-1084,
  -3231,1057,190,-2073,2405,3101,-418,1991,2769,-724,760,631,-962,1108,879,-852,
  1465,2348,-662,1878,4843,1072,1229,4827,496,-2005,1219,-83,-2623,-410,394,-1161,
  -662,-303,-1139,-1195,-732,-2250,-2487,-2381,-2871,-2610,-1152,547,145,2143,3453,1231,
  2411,4200,773,1206,2385,-1729,-1440,-838,-3296,-2239,278,-2745,-1740,804,-2200,-1865,
  363,-1906,-3574,-1571,-3816,-5727,-3851,-3007,-2951,-1903,951,2592,1638,2333,5078,3387,
  1730,3569,2028,-565,-608,616,-407,-1692,1329,2360,-877,508,2066,-1476,-1810,-834,
  -2792,-3239,-2027,-3574,-3452,-1116,-3372,-576,2577,-293,2118,5010,-385,-890,3909,-700,
  -1615,3850,1028,-1105,2755,863,-973,3217,180,-1963,1603,-2721,-5331,-1321,-3135,-6805,
  -1943,-1009,-4944,-981,2037,-930,104,3827,1176,1464,4126,1238,1149,2465,-839,507,
  2981,582,1575,3767,872,-1258,977,-1385,-2688,-1316,-1945,-1194,-279,-1929,525,2143,
  -1338,1853,3200,793,1131,1682,-183,-1802,-1258,-2140,-734,-692,-741,657,1644,-48,
  973,4158,249,1746,3904,618,633,2973,2057,148,3919,2788,474,2935,2252,-377,
  1482,1622,-1171,700,431,-365,-397,924,2216,14,2108,3930,108,520,3043,17,
  -997,2131,875,290,2312,2784,3339,5231,4804,5210,5894,1743,2192,2186,-1634,-2936,
  53,-2414,-5743,271,-1677,-5326,-1620,-121,-5062,-2468,-286,-5855,-6117,-5183,-7305,-8578,
  -3322,-4825,-2283,-75,-1998,30,1659,1545,2536,6431,3392,3516,4834,2335,1244,2935,
  1813,611,1097,-179,330,-2623,-3233,-2309,-5979,-5463,-4524,-6006,-6646,-5327,-5780,-7518,
  -4497,-2591,-4311,-1968,915,-2667,-1902,886,-1535,-1831,371,463,-2064,-178,1959,-772,
  585,2272,-548,-950,-169,-3109,-3888,-3527,-5945,-7502,-5515,-7717,-8038,-4264,-5592,-7022,
  -3031,-4710,-7927,-4368,-4519,-7534,-5918,-4224,-6377,-5995,-1697,-725,-1218,3669,5513,3115,
  4536,4988,964,607,-177,-3248,-1794,-1884,-2901,570,1863,755,5028,8101,7358,10591,
  13100,10662,10061,10518,7939,8686,9475,10437,12615,12800,12929,13731,14522,12326,13288,15342,
  11366,9562,11543,6601,2163,4458,2471,-120,2133,3113,1546,2217,2570,1341,3549,3720,
  3131,6728,6514,3677,5572,4657,387,671,1308,-1551,-3010,-2333,-4861,-6804,-6453,-6353,
  -4673,-2862,-1632,75,866,-691,-429,844,-1273,-2410,-563,-502,-3690,-2728,-70,-3333,
  -4784,-746,-1015,-3437,-1273,-1773,-5693,-7816,-8420,-9627,-10418,-10438,-9403,-8548,-10822,-10575,
  -6506,-6945,-8429,-2830,-2442,-6576,-3916,-3805,-7069,-5671,-3966,-4614,-2423,-1718,-3204,-1083,
  -1829,-5492,-1988,-825,-6001,-3704,-2429,-7792,-7370,-5356,-7898,-5050,-2130,-3332,-209,2800,
  170,2088,7082,3532,3738,8474,4405,1184,5124,3764,-18,3524,4707,1743,2217,3189,
  188,1149,1650,-551,1889,2397,184,1946,4184,1323,2892,5992,4078,3454,6477,6513,
  3237,5179,7181,4611,4353,6139,4261,2652,2738,920,197,-994,-2248,-2038,-2650,-3400,
  -2903,-1599,-1159,-346,2448,4223,3922,4916,5358,4354,3440,2931,3176,1704,1410,704,
  -94,823,-24,594,1992,1802,666,1325,137,-2421,-2591,-3447,-5266,-5860,-4416,-4204,
  -4553,-2533,228,1039,1037,5256,5070,1168,2669,1644,-3055,-2204,-55,-3456,-2701,-830,
  -3337,-2882,-986,-1514,-930,288,-2327,-3018,-2674,-6427,-6843,-4370,-8164,-7586,-4098,-5752,
  -6089,-2613,-2031,-3780,-818,1212,-978,217,3452,-742,796,5219,854,2356,7228,3244,
  813,6657,3140,588,5612,2671,306,2867,875,-764,3344,398,1139,3961,-1641,27,
  550,-3444,-1871,548,-1885,-546,3125,1088,2854,6189,5679,5599,7917,4991,3553,4618,
  -218,-141,1577,-1950,-2160,473,-1662,-3117,209,-1235,-3080,-61,-1720,-4336,-1689,-3165,
  -5432,-838,-2301,-3397,1670,1303,-2391,1934,1937,-5518,-1198,-391,-5914,-4760,-2043,-6740,
  -8740,-4234,-6089,-6700,-4419,-2876,-5809,-4753,-5343,-5962,-5802,-6584,-5075,-5736,-3214,-3566,
  -259,1714,1540,2101,4464,3974,1247,5166,4903,-478,836,3980,-2984,-1449,4167,-1476,
  -1541,2142,-821,-3219,322,42,-2666,1733,2129,1376,5774,6910,6583,10195,10043,9317,
  12047,11259,10541,11167,11245,9490,8444,10147,7222,5699,5954,2405,505,100,-2300,-1994,
  -2585,-3387,-1475,-1047,-497,3199,5706,6397,10234,11843,11563,13005,14359,12288,12240,12197,
  8939,7330,7939,6306,4932,6033,5692,2993,3710,3860,375,375,217,-3750,-6491,-7430,
  -11263,-12915,-11665,-12100,-11291,-8433,-6614,-6562,-4539,-2995,-3788,-3272,-2078,-4705,-4418,-5025,
  -8244,-5530,-6121,-4498,51,1670,3007,5350,4227,1111,1215,-2216,-6498,-8400,-12246,-18957,
  -20772,-22803,-25893,-25209,-24479,-23656,-21968,-18277,-15970,-15364,-12514,-12570,-13317,-11610,-11691,-13047,
  -11178,-11762,-12924,-9191,-7685,-7026,-484,1858,-1267,2577,1965,-3955,-2812,-2564,-6800,-7515,
  -6355,-13426,-17255,-18145,-23964,-21778,-23343,-25174,-21710,-25123,-27962,-26258,-26702,-27813,-23139,-17365,
  -14721,-2922,7849,13384,23681,26517,29800,31630,31722,31999,32305,32114,31817,32034,31076,28986,
  29196,27437,21410,19253,15713,11484,11249,15633,20077,21950,23494,24821,25531,25922,27332,27546,
  27705,26133,22801,22885,20162,15056,20217,19018,12439,18485,17954,10427,13335,10271,1889,828,
  -2467,-10978,-13749,-15471,-21788,-22532,-22327,-23719,-19926,-13149,-8475,1645,11562,13630,19448,24169,
  22502,23941,24428,16888,7942,2965,-7097,-15686,-14827,-17925,-23746,-23147,-21925,-25396,-22225,-16183,
  -19304,-17321,-14770,-21314,-23385,-19731,-23251,-23915,-16764,-19824,-19983,-9965,-11631,-11137,-1717,-260,
  758,7484,10828,6576,6008,6830,1021,1831,4182,-1241,-2697,-586,-7972,-10581,-8311,-14587,
  -17645,-17239,-22551,-25269,-24146,-26791,-28049,-27280,-29184,-29632,-28299,-27270,-23950,-18115,-16435,-14586,
  -10730,-5827,-711,6032,9372,7740,6193,2770,-661,-3529,-2750,-4913,-7017,-3904,-3489,-4627,
  -1537,271,688,3798,4119,34,-7669,-18073,-27649,-30737,-31392,-31941,-32068,-31971,-32124,-32174,
  -31807,-31787,-31697,-28775,-22752,-18029,8092,24449,25768,30810,31254,31385,32117,32297,32393,32403,
  32251,31919,31212,25144,27287,30489,26651,22058,20752,3620,-3224,7689,13893,16851,21660,18695,
  16011,17562,19422,26319,28409,28368,29768,29641,26404,27050,27731,25030,25940,26769,23358,19627,
  17778,11440,7596,7262,5649,5078,2619,-2769,-6429,-9878,-13310,-11512,-10363,-10605,-8809,-5778,
  -2775,-59,6291,11419,14554,14990,16250,15474,9507,8392,7103,2124,-1294,570,-4972,-9493,
  -8245,-9843,-12089,-9347,-7461,-11829,-9766,-13281,-16664,-15750,-16560,-18888,-15967,-15115,-19593,-14915,
  -13460,-17702,-13625,-8125,-12381,-8517,-2125,-5156,-4370,-1297,-1552,-2658,369,1845,-757,-761,
  -3708,-7505,-9671,-11442,-11918,-12670,-14236,-14969,-16121,-17050,-16023,-16105,-14488,-13889,-15073,-13672,
  -14555,-14586,-13481,-12400,-10466,-9429,-6470,-3550,-4754,-3989,-3340,-6787,-6939,-5634,-6297,-6496,
  -5305,-7012,-7650,-6598,-4765,-3202,-984,-287,-2356,-5732,-8772,-11155,-13337,-13313,-13036,-15562,
  -16801,-16997,-18914,-18633,-16546,-14934,-13836,-10871,-8660,-7156,-3366,1651,6253,11980,18963,22489,
  25178,27327,27767,27719,27823,27174,26258,24382,21882,19280,12802,11610,9632,7179,9445,9541,
  8604,9174,9804,8388,9987,10738,9575,8831,8608,7717,8636,11616,13118,17208,17590,18065,
  19806,18929,18784,18690,17487,14538,12751,11846,10186,8997,9362,8089,5085,4632,3787,1540,
  1255,1064,-1969,-1518,-1223,-1301,3416,4269,4923,10169,12277,11122,15631,19808,10299,12128,
  12573,-2915,-2861,-3058,-14137,-15090,-13877,-20689,-19359,-17557,-22028,-17656,-12083,-20126,-11992,-5861,
  -17262,-12289,-4736,-18965,-20175,-12692,-18992,-17262,-9107,-3348,-1995,1964,6527,8415,8909,12316,
  14225,11914,9475,3125,-3402,-10479,-17927,-21295,-21341,-25703,-26336,-22272,-24217,-22787,-11068,-11276,
  -11055,-985,-2675,-2450,5777,4487,2300,2237,-2677,-5456,-3594,-3743,-5396,-2689,-4881,-7552,
  -4152,-3340,-3208,1442,989,-5437,-6468,-9127,-17041,-17631,-16668,-19472,-20187,-18645,-22154,-26449,
  -26377,-28099,-30372,-30573,-30967,-31894,-32061,-32175,-32331,-32335,-32285,-32214,-31741,-28858,-22481,-7686,
  11882,21573,28857,31586,32090,32296,32346,32318,32167,31633,30883,29217,27003,26115,21731,15959,
  10631,5700,5459,9704,13707,18887,21728,20972,18945,14024,10958,11437,13131,16376,20814,22094,
  23141,26147,27407,30018,31709,32079,32255,32290,32112,31772,31206,30247,29887,28738,23564,11666,
  -822,-11727,-10402,-5505,-1773,4879,7248,6257,9772,15628,18216,19871,20345,18362,17809,21491,
  23032,24713,26343,22964,21362,21816,15385,9347,5250,-12225,-24343,-26273,-28965,-29940,-28611,-29342,
  -30177,-30108,-30870,-26275,-24910,-27645,-14929,-22181,-29999,-24472,-25373,-30767,-21917,-4189,-6787,6120,
  15877,6657,6473,11612,19684,26316,24350,17537,5276,-22967,-30487,-29024,-31275,-31933,-31736,-32246,
  -32386,-32281,-31806,-30769,-23660,-12244,-4876,965,7630,17947,23392,21634,21397,16177,1972,2265,
  4449,-5018,-6286,-4711,-10290,-5205,4028,9375,16487,19749,18242,14942,6407,-3454,-10735,-19448,
  -25135,-27220,-29287,-30819,-31674,-32052,-32232,-32219,-32114,-32128,-32188,-32295,-32383,-32409,-32400,-32350,
  -32139,-30870,-26217,-16351,1882,18153,29532,32151,32380,32429,32436,32435,32431,32421,32349,32112,
  31655,29931,23953,10941,-5687,-21839,-27157,-26902,-22152,-8510,6509,14944,16038,16638,15501,15191,
  19783,22645,22237,22409,19060,12723,16449,23970,29895,32110,32369,32396,32388,32359,32319,32344,
  32385,32368,32086,28816,8051,-16394,-23726,-23762,-24035,-24395,-26258,-26862,-23869,-13671,1236,13157,
  21721,23472,24297,27344,28037,28978,29793,27521,21167,18488,9394,2824,1767,-11006,-20509,-22226,
  -23308,-20848,-10966,-12346,-19149,-19987,-23977,-22300,-15333,-27415,-29567,-27441,-31739,-32101,-31210,-32116,
  -32094,-19633,-7664,-2909,20913,18608,3916,19520,28941,30901,32019,30902,16324,-10178,-28959,-30174,
  -27066,-30743,-32024,-32241,-32410,-32424,-32290,-31498,-29905,-12992,-3388,-7394,7531,20180,25637,28371,
  26128,19060,14315,5662,4820,-59,-12975,-12501,-7187,-3589,7094,14233,14582,18789,21713,22789,
  22554,16105,3226,-11459,-21836,-26506,-29321,-31256,-32131,-32364,-32411,-32418,-32415,-32410,-32402,-32412,
  -32423,-32419,-32408,-32335,-31734,-28982,-20470,-9078,6051,23163,30289,32136,32398,32428,32434,32435,
  32431,32415,32356,32210,31804,30566,26219,10244,-10522,-24908,-29021,-28696,-25292,-17783,-8305,-4384,
  -3977,-1370,7598,15122,23018,27862,27269,25375,24523,22481,24529,29843,31442,31964,32181,32141,
  32055,32080,32144,32230,32244,32056,30846,26531,17320,7786,5009,1724,-6360,-12298,-15988,-18693,
  -11934,773,7718,12857,16773,17155,19147,25201,28145,27539,26743,23576,12014,4284,3976,-1879,
  -4851,-4273,-13489,-18446,-16703,-18102,-18031,-13604,-17394,-21676,-18603,-20929,-22461,-18612,-20948,-22201,
  -21354,-22385,-21750,-20619,-15946,-11843,-11830,-9914,-9766,-8418,-3606,1677,5769,7667,4491,-1844,
  -8156,-14890,-18905,-22780,-25687,-27670,-29489,-30622,-30739,-30302,-28883,-22307,-12251,-2570,9898,15568,
  19488,24239,23467,20581,16435,5516,-4484,-13783,-22938,-27876,-28930,-29430,-27474,-21089,-15281,-7034,
  -528,749,3479,9845,12940,12163,7452,-4977,-21992,-29547,-31773,-32267,-32336,-32387,-32407,-32399,
  -32409,-32418,-32393,-32352,-32251,-31037,-25924,-20812,-12178,-8519,-9487,1815,8725,27443,31683,31187,
  32165,32335,32138,32385,32431,32385,32321,32277,29292,14721,9851,-4698,-15044,-18767,-23364,-23365,
  -25744,-25860,-14852,-5250,-1718,23799,28294,23240,25879,23896,12917,20059,29033,29489,30130,30218,
  29765,30482,31596,32239,32386,32386,32358,32298,31736,30873,30911,27743,18611,11169,-4904,-15486,
  -17468,-21834,-23624,-22233,-18567,-7342,5832,15439,22013,23365,21979,24152,27215,29039,29238,27318,
  18133,3899,-3173,-8197,-8396,-4892,-4297,-6800,-7521,-8371,-11993,-13320,-13308,-15188,-12321,-11741,
  -16215,-18390,-26200,-29085,-26589,-24473,-20149,-9618,-10099,-16654,-18334,-17535,-12208,-720,11119,14430,
  11650,8062,3973,2584,1492,-3907,-16025,-24462,-28034,-29705,-29674,-29425,-30296,-30463,-29715,-28503,
  -21264,-4924,6111,17145,23187,23599,22536,21633,18299,12965,8456,-359,-16071,-27223,-30321,-31111,
  -30274,-25297,-16335,-7617,-3777,-2863,1573,11063,22036,26389,26718,18400,-7671,-27526,-31920,-32355,
  -32395,-32416,-32433,-32436,-32438,-32438,-32438,-32435,-32421,-32254,-31099,-27834,-16064,-5304,-3059,9702,
  22181,29457,32197,32274,32187,32403,32408,32398,32435,32435,32374,32389,32247,25712,19515,12093,
  -16638,-23919,-24796,-30697,-31177,-31561,-31922,-30630,-25898,-11762,17702,20138,8816,17330,23639,26717,
  31850,32313,31888,31501,31407,29896,31725,32356,32413,32422,32407,32322,32297,32302,32348,32352,
  31791,27387,14332,-7201,-20074,-25926,-30525,-31557,-31634,-31211,-28803,-22366,-12441,-2581,8629,22878,
  29983,31584,31874,31691,30546,28410,25146,17774,13332,9964,260,-1855,-4834,-11874,-10647,-8803,
  -6369,-925,5765,7161,-732,-14184,-26139,-30151,-30208,-29482,-29493,-30508,-31750,-32092,-31959,-30554,
  -20318,-778,12622,18536,18741,22929,27537,29172,28894,21861,-741,-22318,-29006,-31046,-31540,-31736,
  -32155,-32183,-31971,-31420,-26618,-5774,11008,23508,28355,28537,28911,28593,25943,22342,12890,-5856,
  -24568,-30797,-31903,-31918,-31184,-28404,-22414,-14871,-8208,-2835,10948,25553,30546,31509,30180,17019,
  -17194,-31110,-32294,-32411,-32430,-32437,-32438,-32439,-32439,-32439,-32439,-32436,-32403,-32195,-29926,-21545,
  -5575,23348,30492,31858,32408,32431,32425,32433,32428,32416,32433,32428,32394,32303,31868,29584,
  27336,17411,3090,4145,-7150,-17710,-23883,-30754,-31611,-31046,-30749,-27091,-19524,-22936,-23023,-22302,
  -16753,5480,27015,31041,31806,31932,31693,32037,32307,32409,32432,32436,32433,32414,32371,32338,
  32382,32404,32357,31767,26036,8386,-2727,-9420,-16038,-24492,-29360,-31061,-31645,-31273,-29254,-23251,
  -12732,-4285,2409,12503,22813,27582,29713,30013,29341,28170,27045,23263,20322,18937,9534,3144,
  -1466,-6567,-6295,-5953,-6098,-6247,-8986,-10451,-14640,-19305,-21661,-24451,-26947,-29623,-30989,-31625,
  -31625,-30782,-28954,-25859,-22744,-20438,-14333,-1305,13165,22406,23583,18007,6372,-5685,-13106,-18647,
  -23030,-27420,-30495,-31559,-31739,-31287,-29469,-22728,-7482,6030,16447,22257,26092,27170,28526,28219,
  23531,13601,-4940,-21928,-27371,-29522,-29895,-29229,-29592,-29812,-28391,-24476,-12490,6369,17745,21943,
  15998,1676,-16201,-28601,-31328,-32139,-32385,-32433,-32438,-32439,-32439,-32439,-32439,-32437,-32421,-32305,
  -31458,-26867,-1837,29823,32349,32437,32439,32438,32438,32438,32438,32438,32437,32400,31524,28247,
  6246,-8315,-6575,-11895,-11574,-11891,-22745,-25278,-27455,-28684,-18450,-7029,-4335,-2789,-15508,-28886,
  -29567,-21677,-4002,20922,29294,28030,25428,28357,31737,32392,32436,32438,32437,32432,32416,32412,
  32419,32421,32400,31994,26335,10860,-63,-6438,-10598,-20521,-28865,-30672,-30300,-27052,-17580,-6746,
  -1406,-509,4891,16064,26901,31024,31577,31203,28724,19231,11664,13559,14036,12023,5822,-17197,
  -29126,-31236,-31899,-31582,-28922,-25355,-21719,-17703,-23556,-25110,-17192,-4396,20573,28670,13616,-4189,
  -19076,-31163,-30715,-23500,-29985,-30941,-28424,-31425,-31407,-22134,-10845,-5235,13206,15157,18017,26534,
  25957,24902,20239,-361,-5994,-6463,-23416,-27567,-27710,-31122,-31507,-27621,-25454,-22609,-228,5433,
  7361,19440,24419,26325,26738,19442,9424,1188,-8045,-7875,-19106,-29297,-30731,-30977,-30309,-25580,
  -21600,-23657,-26122,-28557,-28975,-28639,-29586,-31415,-32282,-32417,-32433,-32436,-32437,-32436,-32436,-32434,
  -32419,-32277,-29863,-654,26429,31804,32382,32426,32436,32438,32438,32438,32434,32407,32202,31182,
  27260,11571,-8629,-22206,-27882,-28105,-26149,-22691,-18135,-16336,-15138,-14357,-13371,-9265,-10051,-15099,
  -19697,-24615,-25004,-20539,-10932,2318,19429,28796,31359,32264,32394,32426,32437,32438,32438,32438,
  32437,32432,32423,32368,32035,30623,23141,8382,-2399,-13444,-23613,-28869,-30918,-31365,-30874,-29377,
  -27287,-25840,-23606,-20998,-12511,5186,21315,29320,31067,31380,31404,31585,31904,32015,31989,31689,
  30181,21844,2782,-16721,-28547,-30469,-30739,-31450,-31129,-29945,-30377,-28474,-23451,-25929,-14820,12495,
  10415,8818,1815,-25575,-27136,-24205,-26979,-28308,-29488,-31322,-31345,-30307,-30365,-24609,-12204,-6087,
  8890,15092,16276,26018,27708,26738,27881,20854,6429,-4625,-19107,-25135,-25374,-26190,-27917,-27206,
  -28132,-27096,-22509,-15616,-3887,11195,20197,17194,9914,-1081,-6291,-1852,1531,-5802,-20243,-29223,
  -31127,-31273,-30645,-29368,-28551,-28454,-30299,-31586,-32029,-32219,-32298,-32357,-32404,-32426,-32432,-32435,
  -32436,-32434,-32424,-32338,-30894,-16253,10401,29835,32139,32403,32436,32438,32439,32439,32439,32437,
  32419,32282,31646,27801,11923,-14305,-29200,-31757,-32084,-31989,-31522,-29588,-25799,-22528,-20395,-19637,
  -17417,-10227,-1166,4511,3659,-4056,-11885,-14317,-5103,13478,28135,31674,32212,32344,32407,32433,
  32438,32439,32439,32439,32439,32438,32430,32382,32148,31048,18517,-15506,-31187,-32339,-32401,-32389,
  -32346,-32216,-32106,-32034,-31181,-22550,8332,30191,32072,32226,32132,31857,31880,31900,31890,31459,
  28099,10965,-10725,-24909,-29647,-29962,-29916,-30191,-29061,-26040,-16455,-4689,-1250,5830,6563,10963,
  26350,17051,-10369,-20216,-30439,-31928,-31704,-32032,-32371,-32307,-32179,-32223,-31702,-30929,-29575,-16932,
  1460,21951,30866,30174,29980,30099,26525,27588,29987,24993,1485,-15004,-29479,-31699,-30695,-29344,
  -29645,-29166,-29302,-29076,-22165,-576,20403,28229,28175,25795,21831,16641,18195,14868,-2792,-21331,
  -29613,-31802,-32140,-32148,-32203,-32284,-32341,-32369,-32391,-32397,-32377,-32359,-32347,-32329,-32343,-32365,
  -32363,-32303,-32147,-31630,-28820,-18110,2348,19941,29835,32078,32370,32433,32438,32438,32439,32438,
  32435,32429,32419,32362,32010,28053,-1339,-28747,-32017,-32313,-32332,-32273,-32220,-32308,-32394,-32409,
  -32367,-31875,-23240,2697,14621,17054,15800,18802,28178,31902,32372,32422,32423,32408,32399,32416,
  32434,32438,32439,32439,32438,32436,32428,32414,32388,32276,31266,18784,-15751,-30647,-32136,-32334,
  -32362,-32377,-32380,-32340,-32162,-31219,-25038,-6851,11515,25375,29916,31431,31853,31872,31848,31128,
  28249,21658,1625,-17670,-24953,-28805,-29084,-27138,-27054,-26330,-22738,-20808,-1071,25438,26810,26335,
  20896,-8564,-13514,-1413,-14555,-26195,-30769,-32348,-32424,-32415,-32398,-32360,-32124,-31911,-31369,-28679,
  -18843,11531,29725,31765,32177,32091,30890,28974,27824,17852,10251,5761,-19858,-29969,-31268,-32049,
  -31831,-27935,-17725,-4259,9889,14153,15992,25722,30707,31809,31929,30743,19559,-8715,-26936,-30422,
  -31431,-32121,-32359,-32428,-32438,-32438,-32438,-32438,-32436,-32429,-32426,-32427,-32415,-32389,-32305,-31677,
  -29218,-23028,-8950,6967,19268,28607,31661,32224,32392,32430,32436,32438,32437,32436,32431,32420,
  32417,32406,32333,31624,20212,-12135,-28368,-31114,-31837,-32144,-32353,-32425,-32435,-32437,-32436,-32422,
  -32250,-30409,-23440,-15850,-3023,17808,30794,32377,32435,32438,32438,32438,32438,32438,32439,32439,
  32439,32439,32437,32424,32385,32295,32051,31172,25034,2743,-19934,-29320,-31072,-31598,-31663,-31496,
  -31130,-30651,-29373,-26845,-21658,-7464,10130,22790,27456,27331,23760,20957,18694,16047,11787,4328,
  -5389,-16105,-22259,-24807,-23920,-20480,-17090,-13783,-7051,-4101,-4092,-39,-2044,206,4978,267,
  -10703,-22276,-29073,-31352,-31768,-31989,-32105,-32108,-32269,-32318,-32248,-32064,-29704,-12122,10027,24613,
  29082,30708,31756,32262,32364,32364,32247,30813,17622,-8096,-25164,-30027,-31553,-32186,-32372,-32418,
  -32425,-32409,-32263,-30510,-18936,-739,11841,19799,25649,29305,30884,30554,25759,4588,-22733,-31129,
  -32162,-32322,-32397,-32421,-32430,-32434,-32433,-32421,-32364,-31932,-30270,-26773,-19122,-11448,-5291,3263,
  7895,8485,7753,2827,2789,6233,17738,28001,30790,31690,31974,32104,32248,32377,32411,32417,
  32418,32382,32159,30957,24626,11617,-11234,-29038,-31897,-32398,-32418,-32369,-32420,-32431,-32423,-32408,
  -31938,-5170,22083,24494,30089,30822,31978,32421,32437,32438,32439,32436,32431,32429,32425,32436,
  32438,32434,32420,32375,31944,31422,32059,31887,31296,30061,16722,-12029,-25159,-29263,-30589,-30905,
  -31528,-32032,-32279,-32366,-32334,-32143,-31000,-20882,-3608,3290,11535,21314,27491,31059,31993,32053,
  31625,29976,25905,16573,7219,922,-8796,-17858,-23406,-27067,-28906,-29041,-27367,-26117,-24686,-23463,
  -22872,-22980,-26179,-27581,-30184,-31811,-31962,-32175,-32308,-32217,-32165,-32163,-31504,-28023,-14966,9890,
  28341,31772,32295,32384,32387,32342,32192,31745,29408,15711,-10255,-29375,-32136,-32369,-32411,-32419,
  -32405,-32359,-32204,-31505,-28060,-12525,12649,27069,30549,31073,30207,27696,22684,11097,-6110,-24241,
  -31466,-32349,-32426,-32435,-32436,-32436,-32434,-32432,-32426,-32407,-32301,-31283,-24379,-5881,10345,18471,
  21704,25098,27798,30306,31626,32005,32111,31889,31372,31248,31300,31996,32331,32366,32365,32314,
  32023,31681,31509,30478,27884,11184,-26648,-31760,-32317,-32429,-32434,-32437,-32439,-32438,-32434,-32421,
  -32213,-29409,-20161,13450,32112,32431,32439,32439,32439,32439,32439,32439,32439,32439,32439,32438,
  32424,32188,31876,31664,28851,25425,17347,-6310,-11344,-5424,-8341,-4501,-3169,-16660,-25623,-27595,
  -29652,-30805,-31145,-31722,-32091,-32213,-32229,-32095,-31623,-30125,-24682,-15747,-5991,10539,23265,29459,
  31719,32122,32098,31952,31755,30636,28295,26097,15225,-2908,-19381,-29485,-31737,-32082,-32189,-32283,
  -32301,-32338,-32386,-32394,-32371,-32253,-31674,-29920,-26551,-23703,-18553,-4070,13798,27581,30780,31125,
  30617,29363,28091,27101,25874,21136,9920,-7914,-24668,-29823,-31216,-31358,-30333,-29022,-28289,-26335,
  -25411,-20280,-2478,16499,27321,29298,26353,15968,3253,-2773,-7093,-16578,-27317,-31856,-32388,-32430,
  -32436,-32436,-32435,-32434,-32434,-32433,-32426,-32400,-32272,-31187,-22550,-3408,13228,24713,28372,30593,
  31886,32238,32343,32378,32343,32212,32127,32112,32187,32277,32290,32190,31942,31296,29719,27943,
  23868,9092,-7498,-18949,-30844,-32258,-32416,-32438,-32438,-32435,-32433,-32422,-32404,-32402,-32185,-24871,
  11341,32061,32432,32436,32438,32439,32439,32439,32439,32439,32439,32439,32439,32438,32436,32430,
  32411,32284,30469,18853,-2779,-12261,-8073,-8046,-14996,-23435,-30176,-31532,-31480,-31528,-31401,-31519,
  -32019,-32294,-32360,-32367,-32356,-32278,-32118,-31805,-30695,-27979,-20240,-3922,11221,25843,30952,32107,
  32338,32376,32361,32294,32217,31939,31102,28457,15041,-8445,-27116,-31640,-32302,-32406,-32427,-32433,
  -32435,-32434,-32433,-32429,-32403,-32191,-30491,-18374,5691,22142,28889,30913,31666,31985,32125,32120,
  31505,27671,11415,-12632,-26312,-29449,-30383,-31079,-31658,-32012,-32059,-31560,-27559,-7238,17101,26282,
  28355,28158,27145,29206,30152,29241,24022,-906,-29102,-32274,-32420,-32434,-32436,-32437,-32438,-32439,
  -32439,-32439,-32438,-32418,-32116,-28235,-11206,7084,24410,31219,32300,32420,32435,32436,32434,32423,
  32375,32308,32261,32178,32090,31188,25409,12180,-398,-5596,-3049,-4557,-14865,-19471,-29755,-31893,
  -32006,-32309,-32321,-32058,-32079,-32277,-32252,-32348,-32343,-30868,-13221,14920,30540,31830,31965,32359,
  32433,32439,32439,32439,32439,32439,32439,32439,32439,32439,32439,32438,32415,31922,30230,24960,
  16288,7457,-12496,-29490,-31905,-32274,-32362,-32346,-32301,-32285,-32312,-32340,-32337,-32279,-32007,-30999,
  -27914,-24417,-21049,-16483,-13352,-6336,2511,9440,15528,19794,23180,24954,26374,27710,28339,29224,
  29334,29177,28217,23606,12626,-1279,-17602,-27168,-30609,-31952,-32294,-32389,-32418,-32427,-32427,-32416,
  -32364,-31919,-28741,-15796,4460,18253,26917,30832,31776,32072,32059,31244,27102,15120,-4626,-18757,
  -24160,-30704,-32203,-32347,-32402,-32380,-31773,-29909,-27771,-17196,-5374,10592,29632,32106,32259,32276,
  32056,30509,26334,14136,-1709,-18782,-31089,-32344,-32429,-32438,-32438,-32438,-32437,-32437,-32429,-32418,
  -32391,-31874,-28053,-13174,16829,27689,29313,30790,31231,31186,31773,32176,32264,32284,32243,32122,
  32074,32169,32309,32375,32365,32288,31929,29113,20197,7899,-9075,-24757,-30949,-32302,-32429,-32437,
  -32438,-32438,-32437,-32431,-32421,-32372,-31961,-27456,2897,30692,32365,32433,32438,32439,32439,32439,
  32439,32439,32439,32439,32439,32439,32437,32432,32418,32389,32271,31536,26417,10794,-3324,-9809,
  -14532,-20119,-26274,-30648,-31825,-32123,-32259,-32257,-32196,-32241,-32241,-32250,-32299,-32258,-32096,-31475,
  -28532,-21026,-13822,-11718,-8462,1943,16372,27978,31163,31626,31595,31457,31341,31451,31418,30752,
  26189,9311,-10845,-26410,-31212,-32103,-32341,-32414,-32427,-32431,-32431,-32424,-32387,-32241,-31189,-23998,
  -8716,7716,20789,26351,28533,29358,28293,24920,18677,5377,-8956,-18866,-28314,-32008,-32273,-32338,
  -32311,-31148,-30393,-31017,-28687,-24300,-4789,28424,32104,32322,32387,32290,31755,32111,31914,30921,
  29255,-443,-30772,-32337,-32430,-32436,-32436,-32437,-32438,-32438,-32439,-32438,-32430,-32284,-28802,-10099,
  876,10819,22660,29467,32030,32349,32369,32359,32258,31973,31831,32016,32150,32181,32158,31842,
  30971,29402,26461,24668,22867,16623,6546,-12304,-27814,-31665,-32254,-32343,-32356,-32364,-32404,-32420,
  -32423,-32412,-32265,-30360,-14021,13181,28835,31969,32391,32436,32439,32439,32439,32439,32439,32439,
  32439,32439,32439,32439,32438,32431,32327,31201,24388,7617,-4939,-17260,-27190,-30652,-31745,-32110,
  -32186,-32121,-31978,-31827,-31875,-32092,-32249,-32310,-32311,-32207,-32026,-31847,-31641,-31849,-31765,-30702,
  -26691,-11297,10890,24549,28740,30799,31664,32095,32344,32389,32377,32295,31702,27475,15484,-2602,
  -21083,-29998,-32127,-32397,-32429,-32434,-32434,-32429,-32413,-32371,-32172,-31555,-29197,-19250,-6503,8566,
  20723,23571,23963,22117,14539,5412,-2267,-22651,-28280,-30351,-31922,-31559,-31251,-31922,-31755,-30042,
  -27262,-2902,27394,30531,31511,32014,31929,32172,32382,32385,32295,31014,10732,-21441,-30818,-32035,
  -32298,-32418,-32437,-32439,-32439,-32439,-32439,-32436,-32426,-32346,-31775,-29329,-11866,22674,31608,32353,
  32427,32434,32434,32434,32434,32433,32431,32424,32383,32059,28947,17367,2050,-11132,-17966,-25532,
  -30453,-31873,-32254,-32341,-32347,-32274,-32097,-31891,-31696,-31712,-31382,-30012,-24734,-6268,13443,22672,
  27769,30022,31365,32253,32413,32434,32437,32438,32438,32438,32439,32439,32439,32439,32439,32438,
  32435,32421,32390,32247,31699,29626,15614,-10242,-25414,-30438,-31556,-31880,-32147,-32323,-32396,-32416,
  -32423,-32419,-32402,-32374,-32334,-32293,-32184,-31991,-31164,-27655,-18525,-2895,12496,24139,29238,30890,
  31680,32035,32193,32293,32304,32186,31664,29545,21074,7377,-4351,-18621,-28295,-31552,-32268,-32382,
  -32400,-32400,-32383,-32358,-32334,-32290,-32141,-31633,-29998,-24754,-16246,-6311,-456,86,2950,-2443,
  -5466,-6099,-9352,-15177,-19126,-22975,-29421,-28827,-26696,-22461,-6335,4239,11001,15643,22256,28729,
  31282,32132,32295,32260,31867,30313,26680,18792,10744,-2803,-23892,-31539,-32353,-32426,-32435,-32436,
  -32436,-32437,-32437,-32436,-32434,-32419,-32282,-30057,-15032,8522,26067,31111,32194,32403,32433,32437,
  32438,32438,32437,32435,32425,32379,32184,31057,25508,4134,-22223,-31162,-32241,-32386,-32412,-32418,
  -32423,-32428,-32428,-32425,-32409,-32280,-31388,-26762,-11751,3248,16647,26625,31164,32224,32396,32428,
  32433,32434,32434,32435,32436,32437,32438,32438,32436,32431,32420,32413,32411,32402,32361,32151,
  31176,28644,24181,19598,13967,1925,-13666,-25829,-30445,-31682,-32016,-32189,-32287,-32352,-32396,-32416,
  -32421,-32416,-32397,-32339,-32209,-31937,-31404,-29788,-23615,-7046,13404,27006,30678,31642,32010,32162,
  32282,32334,32320,32203,31726,29625,22201,8154,-7296,-21175,-29128,-31522,-32171,-32345,-32388,-32392,
  -32388,-32373,-32325,-32251,-32051,-31520,-30119,-26710,-20013,-10866,-3698,2086,4286,2536,1739,-4992,
  -9829,-7480,-13156,-16388,-14953,-22833,-24699,-15881,-10981,316,18943,21446,24013,28827,30076,31409,
  32127,32152,31958,31463,28209,20932,12542,-1532,-15855,-26229,-31603,-32308,-32397,-32425,-32429,-32425,
  -32425,-32422,-32407,-32383,-32278,-31478,-26867,-10894,10648,24347,29281,31379,32009,32272,32381,32407,
  32412,32407,32372,32254,32062,31574,30647,29124,21811,4829,-12850,-26763,-30884,-31749,-32111,-32311,
  -32380,-32417,-32430,-32430,-32425,-32407,-32321,-32028,-31158,-26178,-8616,16403,30487,32243,32411,32434,
  32438,32439,32439,32439,32439,32439,32439,32439,32439,32437,32429,32384,32097,30835,27585,18235,
  10878,8071,-7568,-10221,-14820,-23375,-14662,-4082,-10657,-16648,-23875,-31345,-31776,-31126,-31418,-31675,
  -31991,-32382,-32423,-32413,-32353,-31718,-28098,-22532,-17371,-10581,6422,28527,32088,32361,32401,32394,
  32272,32145,32042,31290,29916,24282,-637,-24810,-30846,-32130,-32323,-32331,-32343,-32358,-32376,-32382,
  -32366,-32280,-31855,-29951,-25301,-22896,-21715,-23782,-26096,-24935,-23549,-23491,-24945,-28069,-30455,-31536,
  -31618,-31069,-28565,-20396,-9910,984,9755,18657,28794,31867,32309,32401,32406,32367,32280,32083,
  31535,29792,22099,-3771,-27471,-31997,-32395,-32429,-32436,-32438,-32438,-32438,-32438,-32438,-32435,-32416,
  -32084,-28718,-12036,12912,27569,31660,32344,32426,32436,32438,32438,32437,32436,32431,32413,32332,
  31873,29269,13692,-10008,-27091,-31581,-32262,-32386,-32412,-32420,-32425,-32426,-32428,-32426,-32406,-32297,
  -31712,-28809,-19586,-8362,5312,22015,30263,32118,32382,32420,32430,32434,32436,32438,32438,32438,
  32438,32438,32437,32435,32429,32411,32390,32337,32226,32091,31221,29060,25371,21858,16377,18103,
  16214,-1865,-13133,-26279,-30565,-31060,-31418,-31779,-32213,-32374,-32419,-32430,-32428,-32410,-32333,-32201,
  -31970,-31532,-30372,-21903,3838,25721,31238,32066,32240,32280,32326,32371,32378,32369,32259,31615,
  26682,8727,-7162,-21121,-28264,-31030,-32061,-32346,-32404,-32418,-32422,-32412,-32379,-32333,-32231,-32106,
  -31924,-31589,-30837,-27980,-22369,-16469,-14475,-16200,-19772,-20353,-15887,-9746,-4120,672,-36,-3475,
  -1024,4599,14239,24687,28971,30360,30468,30539,30664,31114,31677,31809,31550,29808,23346,7320,
  -7167,-15784,-24241,-29565,-31850,-32349,-32419,-32430,-32431,-32427,-32423,-32417,-32403,-32365,-32133,-30151,
  -17915,5595,24523,30559,31954,32320,32404,32427,32434,32435,32433,32424,32388,32237,31639,29142,
  18906,-3009,-24243,-31250,-32231,-32382,-32414,-32425,-32429,-32431,-32431,-32425,-32398,-32265,-31587,-28298,
  -17320,1115,20100,29866,31972,32332,32412,32429,32434,32436,32437,32437,32437,32436,32434,32429,
  32418,32392,32324,32162,31799,31069,30351,29241,27953,27686,22372,15931,15899,6845,3590,7668,
  -7234,-19890,-23339,-30546,-31562,-31174,-31924,-32173,-32229,-32371,-32394,-32326,-32247,-31944,-30638,-30130,
  -28366,-19856,-8764,8008,27013,29960,31238,31941,31869,31947,32180,32138,32060,31920,30388,25268,
  15183,337,-12185,-18502,-26770,-30726,-31710,-32214,-32329,-32330,-32345,-32351,-32319,-32322,-32321,-32258,
  -32164,-31991,-31412,-30449,-29491,-27307,-24959,-22905,-16514,-9453,-3736,4119,9009,11189,15776,19696,
  21659,25535,28099,28478,29325,29834,29467,29577,29903,29475,29123,28703,26189,22567,18137,10309,
  3282,-3509,-12786,-20611,-25894,-29425,-30812,-31417,-31810,-31938,-31953,-31987,-31889,-31579,-31192,-29998,
  -26334,-19741,-8093,5902,16431,24685,29330,30952,31708,32060,32135,32134,32095,31840,31319,30233,
  26712,19182,6789,-8109,-21133,-28152,-30874,-31794,-32114,-32246,-32299,-32306,-32280,-32208,-31981,-31404,
  -29657,-24309,-14185,0,13745,24176,29605,31517,32083,32280,32356,32383,32393,32400,32403,32394,
  32383,32354,32276,32166,32020,31751,31445,31173,30194,28593,27381,24430,22331,22372,19199,14817,
  11790,5030,-1470,-3327,-7954,-14158,-17720,-23325,-27904,-29201,-30296,-31155,-31169,-31429,-31722,-31671,
  -31682,-31620,-31016,-29990,-28609,-24813,-20196,-14614,-4936,4662,13765,21912,26120,27809,28871,29692,
  30209,30429,30553,29934,28135,25963,22013,16348,11901,4758,-5757,-13800,-21422,-26733,-28599,-29888,
  -30991,-31510,-31841,-32079,-32124,-32117,-32108,-32020,-31941,-31882,-31699,-31309,-30681,-29096,-26228,-22953,
  -17499,-11849,-6748,605,7196,12689,18047,20927,22450,23678,24131,24591,24610,24362,23897,22494,
  20108,17503,13352,8483,6421,2907,-306,-1882,-7226,-11169,-13460,-16638,-16145,-13177,-13191,-11702,
  -9716,-11496,-8366,-2662,762,8358,15011,16560,18507,19439,19402,22072,24557,24774,24368,21063,
  13898,8802,3394,-1206,-2475,-8050,-15203,-20877,-25796,-28121,-28389,-27765,-27613,-27386,-27816,-28498,
  -28354,-27430,-25153,-21565,-17653,-13738,-12120,-10819,-8353,-4254,1745,8670,17497,22292,24749,26878,
  28663,30425,31660,32173,32321,32369,32389,32395,32400,32416,32425,32428,32428,32420,32395,32322,
  32165,31897,31322,29938,23913,7116,-13632,-26295,-30171,-31371,-31769,-32150,-32333,-32396,-32415,-32409,
  -32372,-32258,-31984,-31533,-30693,-27738,-18308,744,20288,28493,30840,31648,31978,32156,32275,32316,
  32311,32249,31977,30888,27325,18923,6028,-6886,-20607,-29053,-31685,-32245,-32372,-32404,-32413,-32417,
  -32421,-32423,-32423,-32418,-32393,-32313,-32125,-31734,-30974,-29425,-25960,-18482,-8274,1021,7351,13443,
  17614,20052,22921,25482,26351,26771,27476,27351,27860,28322,28376,28238,27893,27356,26263,24997,
  21534,13777,5475,-9985,-22005,-25084,-29979,-31484,-31781,-32314,-32399,-32386,-32408,-32394,-32237,-32233,
  -32145,-31350,-30173,-23472,3119,19704,27640,31188,31567,32037,32343,32390,32407,32420,32390,32284,
  32169,31379,29725,28105,18869,2192,-10976,-26283,-30204,-30889,-31382,-31518,-31318,-31505,-31673,-31060,
  -30186,-27292,-16970,-6913,1382,12571,19214,24213,29027,30783,31480,31916,32031,31982,32013,32000,
  31903,31959,31925,31697,31536,31140,30411,30232,30168,29759,29944,29999,28951,28457,28162,26512,
  25638,24785,20780,15009,8177,-3370,-14007,-21760,-27994,-30619,-31681,-32174,-32329,-32382,-32408,-32415,
  -32413,-32409,-32391,-32338,-32214,-31755,-29725,-23404,-7328,12968,25982,30775,32037,32294,32380,32414,
  32423,32426,32425,32416,32391,32334,32111,31376,29190,21081,6267,-9018,-23071,-29117,-31165,-31905,
  -32173,-32278,-32328,-32349,-32349,-32333,-32302,-32225,-32085,-31834,-31288,-30520,-28939,-26091,-22067,-15577,
  -8588,-3351,1134,5538,8860,12236,16216,19390,20314,21677,22478,22000,23045,24093,23694,22904,
  21759,17260,12204,10259,5360,1209,-1043,-8585,-16136,-19861,-24092,-26572,-26550,-27728,-29113,-29227,
  -29647,-29973,-28843,-27403,-26522,-22698,-19584,-18029,-11283,-5806,-1062,6749,11793,13254,16597,17660,
  17426,19750,20374,19233,17813,14413,9507,6333,4506,2620,3,-2610,-6676,-10955,-10972,-10703,
  -10638,-8682,-8865,-11061,-9179,-6677,-5120,-313,2926,3499,5924,9180,11815,17288,21962,23969,
  26099,27327,28154,29476,30531,31081,31491,31707,31733,31844,31929,31954,32036,32035,31940,31829,
  31565,31085,30465,29242,27157,23470,17121,9066,-178,-9414,-16795,-23178,-27068,-28720,-30322,-31214,
  -31506,-31858,-31980,-31852,-31925,-31889,-31658,-31794,-31672,-31152,-30935,-29867,-27819,-27137,-24705,-20936,
  -19346,-13420,-6752,-3852,3040,8218,9489,14628,18201,19270,23643,25751,26050,27617,27570,26675,
  27278,26858,25848,26099,24510,21050,18516,13502,7915,5620,1479,-3235,-6292,-11968,-17059,-18799,
  -21005,-22000,-21397,-22346,-23088,-22648,-22820,-22069,-19100,-17173,-15189,-12067,-11135,-9645,-6599,-4187,
  -1735,945,2871,3549,4689,6466,7446,9529,12220,13189,14379,15967,16132,16877,18701,19306,
  19839,20649,19849,18647,18026,16004,13730,12040,8442,4591,810,-4376,-9139,-13228,-17590,-20962,
  -23329,-25656,-27219,-28201,-28943,-29257,-29292,-29202,-28962,-28583,-28013,-27227,-26077,-24261,-21990,-19382,
  -16331,-13721,-11408,-8792,-6489,-4374,-2309,-684,-92,601,1026,869,1972,2798,3370,4581,
  5163,5462,6677,8069,9484,11714,13485,14453,15408,16216,16568,17276,17880,17643,17307,16387,
  14573,13098,11498,9678,8681,7289,5604,4712,3769,3039,3858,5022,6223,8696,10921,12789,
  15725,18530,20652,23035,25038,25986,26777,27449,27413,27371,27335,26719,25928,24902,22900,20425,
  17811,14678,11528,9091,6191,3229,1369,-849,-2551,-2534,-3297,-3722,-3218,-3926,-4119,-3760,
  -4271,-4413,-4635,-5650,-6651,-7836,-9474,-11302,-12724,-14218,-15855,-16593,-17529,-18607,-18787,-18916,
  -18796,-17748,-16292,-14985,-13272,-11325,-9853,-7973,-5842,-4229,-2768,-1834,-1724,-2009,-2699,-3717,
  -4967,-6569,-8778,-11017,-13249,-15562,-17292,-18775,-19975,-20900,-21350,-21444,-21559,-21012,-20582,-20224,
  -19218,-18434,-17674,-16310,-15627,-15169,-14241,-14161,-13721,-12744,-12302,-11491,-10460,-9463,-8167,-6134,
  -3871,-1301,1989,5082,8239,11879,15333,18487,21642,24016,25685,27033,27871,28392,28882,29097,
  29089,29072,28705,28085,27411,26240,24771,23068,20698,17760,14427,10704,6804,3175,-276,-3737,
  -6887,-9700,-12726,-15042,-17302,-19101,-19941,-20875,-21146,-21153,-21330,-21142,-20151,-18629,-16427,-13122,
  -9333,-6233,-2705,1790,5381,10066,15058,17997,20006,21868,22460,22643,24228,24628,23782,23607,
  21030,16481,14004,10364,5297,2492,-2352,-10253,-15163,-19338,-23622,-24924,-25810,-27915,-28622,-29009,
  -29991,-29795,-29291,-29228,-28223,-27079,-26867,-25247,-22318,-19797,-13814,-7476,-3646,867,5125,8708,
  13862,19247,22546,24126,24847,24992,24454,25165,25617,24257,22683,19505,13319,9300,6835,1465,
  -2332,-6475,-13469,-17832,-19650,-21631,-22105,-21639,-23056,-23471,-22728,-21789,-18295,-12780,-7927,-3008,
  2563,6891,13031,20152,24463,27832,29668,30359,30975,31374,31575,31782,31883,31898,31882,31775,
  31616,31349,30894,30365,29479,27730,25771,21708,14334,8693,1692,-5968,-8771,-15175,-22298,-24482,
  -28096,-29940,-29875,-30591,-30967,-30831,-31312,-31485,-31258,-31321,-31071,-30253,-30050,-29187,-27438,-27029,
  -24789,-20456,-18193,-12333,-5776,-4232,315,4222,4929,9771,14063,15197,18474,19865,18408,19172,
  19473,18257,19325,19015,15993,14010,10140,4887,2739,-351,-4939,-8030,-13452,-19431,-22608,-25314,
  -27291,-27910,-28784,-29774,-30094,-30477,-30711,-30456,-30155,-29794,-29127,-28296,-27382,-25848,-23001,-19705,
  -15562,-10186,-6479,-3288,872,3850,6681,10859,13639,15302,17555,18546,19003,20666,21796,22474,
  23947,24650,24961,25831,26218,26652,27449,27871,28123,28471,28438,28239,28188,27896,27572,27239,
  26537,25474,24073,22323,20334,18179,16197,14057,11503,9111,6646,4162,2640,1475,404,-321,
  -1016,-2076,-2839,-2898,-3385,-2929,-2290,-2707,-2634,-2973,-3845,-3920,-3680,-3972,-3888,-4101,
  -5195,-5987,-6304,-6698,-6679,-6275,-6606,-6913,-6984,-7513,-7402,-6766,-6576,-5942,-5547,-6015,
  -5946,-5870,-6198,-5743,-5214,-5683,-5686,-5873,-6959,-7156,-6983,-7570,-7657,-7338,-8022,-8684,
  -8308,-8624,-8681,-7587,-7171,-6802,-5784,-5401,-4889,-3548,-2313,-1189,293,1325,1636,2658,
  3435,3673,4963,5425,4896,5330,4744,3966,4218,3625,3055,2916,2119,1546,1289,864,
  558,639,871,804,1244,1733,1540,2025,2568,2749,3426,4071,4083,3939,4004,3615,
  3298,3370,2974,2364,1708,787,4,-597,-987,-1282,-1604,-1924,-2059,-1855,-1623,-1048,
  -563,-168,365,684,1340,1519,1570,1512,704,156,-481,-1483,-2147,-3124,-4693,-5619,
  -6837,-7958,-8138,-8719,-9081,-9177,-9316,-9138,-8772,-8053,-7343,-6589,-5820,-5022,-4284,-3472,
  -2651,-2091,-1490,-1044,-821,-593,-448,-496,-662,-929,-1265,-1632,-2025,-2411,-2825,-3324,
  -3830,-4325,-4788,-5231,-5627,-6013,-6361,-6637,-6892,-7080,-7208,-7295,-7337,-7288,-7159,-6985,
  -6725,-6351,-5944,-5520,-4899,-4335,-3673,-2931,-2300,-1550,-875,-252,429,1039,1708,2341,
  2911,3528,4173,4855,5547,6360,7183,8087,9071,10085,11081,12097,13093,14025,14888,15620,
  16241,16731,17048,17219,17248,17129,16868,16442,15891,15260,14507,13695,12861,11993,11225,10455,
  9767,9249,8758,8429,8187,8028,7961,7922,7923,7891,7823,7698,7487,7135,6671,6123,
  5417,4631,3740,2774,1751,722,-292,-1313,-2234,-3106,-3908,-4569,-5157,-5661,-6095,-6385,
  -6644,-6911,-7111,-7306,-7478,-7654,-7824,-7994,-8239,-8457,-8713,-8979,-9243,-9543,-9873,-10275,
  -10656,-11112,-11537,-11939,-12370,-12803,-13247,-13628,-13969,-14216,-14338,-14351,-14237,-14010,-13671,-13219,
  -12628,-11873,-11012,-10095,-9140,-8210,-7267,-6313,-5404,-4591,-3813,-3142,-2527,-1974,-1486,-998,
  -471,35,576,1177,1797,2478,3196,3969,4792,5620,6375,7122,7771,8348,8835,9167,
  9386,9488,9432,9240,8968,8599,8135,7672,7133,6592,6117,5664,5271,4997,4766,4607,
  4512,4502,4543,4690,4835,5048,5280,5494,5670,5832,5936,6055,6154,6169,6115,6018,
  5828,5576,5320,4971,4559,4088,3498,2824,2073,1344,521,-291,-1099,-2009,-2875,-3681,
  -4564,-5342,-5963,-6610,-7132,-7509,-7943,-8239,-8349,-8408,-8326,-8033,-7754,-7331,-6770,-6282,
  -5603,-4866,-4200,-3491,-2793,-2294,-1843,-1523,-1343,-1244,-1205,-1328,-1577,-1974,-2453,-2979,
  -3466,-3805,-4140,-4424,-4581,-4775,-4857,-4696,-4419,-3999,-3444,-2905,-2510,-1980,-1544,-1200,
  -518,-97,170,466,384,146,130,31,-105,-13,-201,-597,-864,-1072,-1245,-1035,
  -779,-714,-468,-413,-502,-197,32,271,845,922,786,853,510,154,343,185,
  -134,-32,-529,-1180,-1152,-1278,-1521,-1026,-537,-700,-226,429,504,1417,2640,3373,
  4530,5655,6143,6957,7979,8763,9670,10791,11095,11258,11820,11599,11761,12618,12321,12399,
  12715,11996,12055,12328,12059,12386,12547,12338,12417,12363,12065,11741,11624,11136,10415,10118,
  9071,7723,6787,5353,3972,3081,2062,657,-451,-1516,-2823,-3490,-3852,-4326,-4604,-5008,
  -5507,-5917,-6222,-6366,-6575,-6946,-7567,-8108,-8750,-9363,-9811,-10572,-11176,-11988,-12542,-12874,
  -13464,-13582,-14096,-14703,-14874,-15229,-15355,-14971,-15161,-15218,-14960,-15304,-14929,-14320,-13979,-13296,
  -12784,-12236,-11693,-10955,-10082,-9262,-8436,-7646,-6895,-6225,-5369,-4659,-3990,-3243,-2675,-2154,
  -1553,-998,-506,-48,376,813,1285,1826,2481,3166,3875,4635,5457,6332,7253,8204,
  9116,10030,10882,11640,12304,12831,13179,13351,13381,13225,12887,12427,11884,11132,10392,9651,
  8824,8197,7532,6976,6577,6166,5901,5696,5555,5532,5437,5331,5175,4984,4649,4251,
  3758,3132,2456,1731,933,87,-726,-1523,-2237,-2874,-3415,-3807,-4078,-4232,-4246,-4135,
  -3902,-3595,-3265,-2880,-2497,-2179,-1888,-1721,-1616,-1580,-1730,-1882,-2144,-2480,-2817,-3209,
  -3568,-3921,-4224,-4478,-4699,-4863,-4969,-5048,-5151,-5200,-5272,-5360,-5453,-5585,-5743,-5932,
  -6092,-6281,-6438,-6521,-6595,-6558,-6422,-6195,-5906,-5499,-4947,-4396,-3796,-3172,-2553,-1944,
  -1382,-824,-367,15,358,610,859,1066,1285,1443,1625,1809,1980,2253,2553,2894,
  3215,3539,3851,4118,4383,4618,4817,4968,5042,5022,4906,4748,4581,4371,4144,3865,
  3550,3261,3036,2819,2658,2562,2503,2531,2591,2706,2915,3215,3529,3929,4341,4774,
  5181,5582,5955,6328,6609,6818,6938,6959,6917,6770,6542,6270,5946,5582,5184,4822,
  4442,4114,3829,3569,3373,3259,3175,3164,3192,3258,3290,3342,3373,3379,3341,3250,
  3108,2925,2696,2386,2022,1621,1200,756,312,-174,-620,-1082,-1538,-1966,-2403,-2816,
  -3257,-3686,-4168,-4664,-5129,-5648,-6142,-6634,-7122,-7547,-7914,-8288,-8574,-8790,-8966,-9041,
  -9052,-9052,-9022,-8952,-8877,-8842,-8754,-8732,-8657,-8629,-8593,-8535,-8474,-8406,-8291,-8117,
  -7860,-7573,-7198,-6790,-6330,-5772,-5159,-4491,-3830,-3141,-2484,-1816,-1154,-547,22,566,
  1041,1440,1797,2117,2387,2624,2842,3022,3179,3328,3438,3593,3734,3838,3973,4118,
  4210,4361,4505,4629,4752,4886,5002,5080,5202,5302,5368,5458,5533,5576,5626,5683,
  5708,5708,5722,5741,5692,5674,5614,5519,5401,5228,5032,4837,4589,4322,4016,3611,
  3183,2699,2280,1729,1174,667,34,-547,-1086,-1537,-1989,-2390,-2749,-3015,-3207,-3333,
  -3356,-3386,-3361,-3356,-3318,-3262,-3229,-3261,-3378,-3505,-3644,-3833,-4082,-4326,-4542,-4752,
  -4869,-5046,-4950,-4921,-4866,-4641,-4379,-3975,-3566,-3210,-2920,-2507,-2192,-1952,-1700,-1545,
  -1437,-1452,-1519,-1566,-1662,-1729,-1881,-2000,-1948,-2049,-2067,-2021,-2053,-1931,-1835,-1800,
  -1689,-1580,-1534,-1370,-1342,-1261,-1136,-1049,-915,-792,-613,-518,-330,-119,99,347,
  586,865,1079,1335,1553,1823,2026,2225,2419,2565,2737,2800,2938,3041,3082,3131,
  3165,3223,3263,3307,3307,3354,3337,3360,3397,3350,3376,3355,3311,3289,3269,3243,
  3214,3211,3179,3182,3163,3155,3126,3084,3030,2968,2930,2874,2798,2686,2603,2472,
  2354,2245,2152,2055,1910,1769,1721,1624,1533,1400,1284,1137,967,787,569,399,
  168,-33,-274,-480,-667,-824,-918,-967,-964,-934,-784,-681,-426,-171,73,324,
  501,664,847,931,908,816,630,388,115,-189,-519,-788,-1070,-1312,-1478,-1579,
  -1598,-1593,-1525,-1419,-1251,-1074,-949,-838,-776,-756,-853,-984,-1230,-1549,-1936,-2381,
  -2836,-3366,-3832,-4322,-4764,-5134,-5426,-5640,-5779,-5815,-5773,-5667,-5498,-5251,-4953,-4627,
  -4310,-3961,-3618,-3301,-2956,-2706,-2416,-2148,-1900,-1608,-1339,-1066,-786,-465,-120,221,
  556,913,1247,1610,1937,2262,2570,2821,3054,3257,3454,3621,3768,3914,4029,4136,
  4259,4380,4518,4678,4860,5031,5203,5380,5551,5730,5898,6041,6133,6210,6214,6191,
  6127,6006,5861,5664,5408,5086,4749,4353,3955,3537,3122,2694,2258,1793,1381,969,
  582,213,-159,-504,-853,-1221,-1598,-1980,-2369,-2809,-3237,-3705,-4176,-4635,-5114,-5593,
  -6030,-6461,-6838,-7163,-7380,-7554,-7641,-7658,-7587,-7450,-7248,-7017,-6740,-6413,-6067,-5734,
  -5420,-5133,-4875,-4628,-4454,-4284,-4151,-4048,-3938,-3844,-3702,-3549,-3308,-3046,-2761,-2394,
  -2018,-1606,-1171,-775,-392,9,331,603,830,952,1023,1067,1064,1000,933,866,
  748,685,573,536,503,503,555,665,798,957,1133,1375,1611,1908,2199,2453,
  2689,2901,3112,3273,3420,3486,3496,3479,3404,3276,3139,2995,2823,2640,2470,2311,
  2167,2074,2015,1996,2034,2056,2136,2264,2368,2485,2638,2713,2794,2863,2905,2906,
  2911,2917,2862,2835,2830,2806,2820,2875,2934,3008,3129,3268,3378,3479,3605,3646,
  3681,3665,3595,3482,3292,3011,2708,2341,1977,1650,1315,1008,658,482,301,159,
  178,176,184,164,202,210,201,98,-59,-307,-646,-1001,-1431,-1867,-2368,-2892,
  -3391,-3818,-4165,-4496,-4772,-4950,-5019,-5053,-5029,-4960,-4875,-4687,-4686,-4483,-4311,-4219,
  -4127,-4115,-4054,-3914,-3752,-3721,-3581,-3440,-3341,-3195,-3059,-2861,-2705,-2619,-2540,-2528,
  -2458,-2498,-2667,-2668,-2787,-2893,-2920,-3051,-3065,-2985,-2932,-2783,-2548,-2354,-1964,-1632,
  -1272,-872,-495,-113,223,616,869,1095,1263,1380,1454,1470,1506,1468,1444,1353,
  1342,1311,1319,1373,1447,1643,1782,2020,2328,2654,3005,3349,3716,4078,4457,4764,
  5105,5336,5537,5741,5813,5887,5907,5849,5743,5601,5420,5195,4980,4722,4495,4258,
  4064,3886,3742,3604,3466,3354,3275,3210,3111,3038,2916,2752,2538,2295,2056,1736,
  1300,889,435,0,-479,-923,-1358,-1761,-2128,-2501,-2777,-3045,-3223,-3407,-3544,-3682,
  -3824,-3977,-4126,-4297,-4541,-4732,-5077,-5381,-5693,-6001,-6256,-6529,-6825,-7009,-7109,-7147,
  -7099,-6999,-6862,-6669,-6439,-6233,-5962,-5708,-5478,-5272,-5098,-4908,-4767,-4645,-4585,-4527,
  -4438,-4371,-4303,-4229,-4096,-3989,-3799,-3598,-3347,-3076,-2781,-2402,-2060,-1635,-1209,-781,
  -351,96,554,986,1414,1851,2253,2600,2922,3204,3485,3688,3889,4041,4129,4320,
  4393,4504,4603,4659,4767,4879,5036,5157,5293,5483,5674,5853,6050,6216,6385,6519,
  6623,6688,6706,6678,6613,6519,6401,6236,6063,5852,5587,5333,5074,4823,4572,4322,
  4039,3768,3499,3260,3032,2773,2525,2303,2133,1924,1759,1589,1456,1344,1211,1147,
  1084,1014,936,856,778,677,573,451,274,102,-100,-336,-592,-866,-1135,-1407,
  -1646,-1895,-2134,-2309,-2470,-2609,-2711,-2777,-2759,-2757,-2721,-2650,-2625,-2583,-2584,-2608,
  -2640,-2748,-2877,-3051,-3259,-3468,-3716,-3974,-4243,-4476,-4645,-4819,-4951,-4998,-5036,-5002,
  -4898,-4786,-4618,-4343,-4115,-3874,-3589,-3298,-3012,-2735,-2455,-2203,-1990,-1805,-1600,-1445,
  -1338,-1219,-1128,-1025,-948,-854,-723,-623,-439,-200,48,289,586,920,1288,1651,
  2010,2383,2740,3070,3332,3544,3754,3925,3985,4016,3988,3912,3789,3637,3453,3272,
  3079,2893,2716,2534,2399,2287,2174,2108,2058,1988,1954,1889,1780,1647,1526,1342,
  1086,819,486,121,-267,-706,-1144,-1560,-2025,-2432,-2781,-3126,-3356,-3523,-3663,-3695,
  -3709,-3698,-3573,-3449,-3324,-3166,-3048,-2974,-2865,-2806,-2808,-2842,-2913,-2986,-3066,-3164,
  -3237,-3318,-3372,-3326,-3266,-3132,-2942,-2671,-2366,-1994,-1629,-1240,-769,-326,48,439,
  785,1063,1295,1488,1622,1677,1716,1702,1669,1615,1569,1572,1605,1683,1859,2149,
  2420,2821,3275,3766,4272,4815,5292,5766,6180,6481,6725,6879,6914,6870,6769,6519,
  6196,5901,5527,5165,4820,4480,4215,3980,3788,3652,3623,3636,3603,3637,3666,3680,
  3712,3665,3593,3475,3261,2979,2693,2292,1873,1400,837,309,-220,-760,-1278,-1741,
  -2186,-2553,-2873,-3132,-3289,-3413,-3423,-3398,-3342,-3269,-3163,-3067,-2995,-2918,-2898,-2886,
  -2937,-3041,-3177,-3357,-3555,-3809,-4045,-4314,-4550,-4797,-4991,-5170,-5314,-5381,-5467,-5475,
  -5420,-5364,-5289,-5192,-5063,-4962,-4853,-4759,-4666,-4587,-4511,-4430,-4345,-4234,-4143,-4037,
  -3896,-3703,-3525,-3289,-3042,-2801,-2568,-2348,-2098,-1852,-1725,-1596,-1501,-1408,-1367,-1335,
  -1296,-1271,-1204,-1181,-1078,-970,-790,-586,-349,-75,186,458,714,981,1138,1343,
  1393,1388,1358,1256,1168,1038,817,618,483,370,329,337,382,474,632,770,
  969,1192,1395,1593,1750,1928,2077,2205,2284,2326,2409,2475,2545,2602,2723,2820,
  2967,3141,3328,3539,3711,3948,4109,4281,4429,4513,4545,4527,4481,4371,4217,4056,
  3877,3650,3419,3176,2980,2774,2596,2465,2277,2245,2180,2131,2133,2063,2029,1968,
  1924,1813,1639,1458,1245,963,662,303,-71,-473,-894,-1318,-1746,-2164,-2558,-2906,
  -3191,-3431,-3597,-3693,-3772,-3781,-3731,-3620,-3463,-3267,-3083,-2900,-2722,-2547,-2367,-2256,
  -2186,-2153,-2099,-2116,-2149,-2203,-2270,-2305,-2380,-2390,-2356,-2294,-2196,-2054,-1847,-1596,
  -1288,-915,-539,-118,331,772,1206,1612,1999,2341,2660,2918,3090,3237,3327,3346,
  3319,3243,3198,3125,3043,3021,2981,2990,3027,3090,3232,3381,3566,3779,3992,4238,
  4462,4657,4798,4891,4974,4971,4868,4736,4495,4181,3831,3394,2891,2442,1935,1386,
  879,401,-36,-438,-769,-1051,-1301,-1529,-1686,-1823,-1999,-2159,-2355,-2571,-2845,-3182,
  -3529,-3982,-4446,-4895,-5365,-5881,-6377,-6828,-7220,-7554,-7841,-8027,-8129,-8137,-8096,-8005,
  -7822,-7540,-7272,-6967,-6644,-6323,-6016,-5723,-5461,-5210,-4980,-4773,-4570,-4403,-4220,-4012,
  -3813,-3571,-3276,-2978,-2609,-2199,-1784,-1348,-844,-315,178,703,1207,1686,2156,2568,
  2936,3299,3564,3782,4002,4131,4267,4410,4491,4602,4697,4735,4845,4965,5064,5204,
  5341,5437,5585,5746,5865,5975,6049,6116,6168,6176,6160,6093,5947,5825,5638,5420,
  5171,4919,4632,4353,4038,3684,3408,3161,2867,2620,2414,2206,2025,1879,1766,1625,
  1509,1376,1220,1038,803,566,278,-54,-408,-694,-1091,-1462,-1799,-2139,-2464,-2741,
  -3008,-3231,-3406,-3591,-3726,-3797,-3852,-3886,-3856,-3844,-3872,-3818,-3770,-3728,-3642,-3605,
  -3538,-3465,-3416,-3376,-3291,-3187,-3130,-3088,-3059,-3042,-3011,-3006,-2980,-2966,-2975,-3002,
  -2972,-2921,-2865,-2769,-2706,-2592,-2376,-2167,-1895,-1607,-1329,-977,-632,-306,64,403,
  749,1103,1374,1631,1868,2036,2173,2282,2413,2476,2589,2740,2859,3000,3212,3423,
  3741,4072,4397,4758,5092,5385,5725,5969,6080,6144,6164,6072,5860,5574,5281,4959,
  4516,4125,3733,3372,3018,2682,2353,2126,1952,1750,1597,1484,1330,1161,996,770,
  531,216,-169,-522,-932,-1396,-1830,-2215,-2654,-3087,-3448,-3808,-4102,-4401,-4622,-4794,
  -4977,-5139,-5308,-5419,-5565,-5672,-5753,-5856,-5954,-6034,-6076,-6140,-6159,-6206,-6219,-6202,
  -6157,-6134,-6006,-5835,-5694,-5430,-5199,-4967,-4723,-4479,-4231,-4023,-3786,-3558,-3352,-3152,
  -2949,-2752,-2553,-2310,-2037,-1703,-1368,-968,-553,-109,345,816,1267,1674,2112,2481,
  2844,3150,3409,3630,3793,3943,4140,4315,4470,4725,4936,5168,5534,5940,6373,6897,
  7396,7884,8405,8819,9130,9431,9689,9822,9853,9790,9580,9234,8881,8450,7911,7536,
  7109,6665,6350,6049,5766,5577,5473,5333,5212,5110,4911,4619,4239,3782,3172,2487,
  1668,736,-162,-1221,-2324,-3276,-4198,-5084,-5766,-6321,-6824,-7169,-7395,-7628,-7753,-7735,
  -7816,-7857,-7832,-7952,-8227,-8445,-8691,-9160,-9485,-9747,-10110,-10234,-10330,-10632,-10528,-10192,
  -10174,-9905,-9270,-8845,-8334,-7665,-7066,-6361,-5600,-5031,-4407,-3555,-2968,-2543,-1831,-1178,
  -739,-189,411,905,1371,1771,2110,2517,2838,2935,3222,3600,3786,4004,4224,4416,
  4583,4709,4865,5143,5336,5392,5500,5629,5650,5521,5406,5357,5091,4755,4544,4255,
  3900,3586,3245,3018,2830,2573,2404,2398,2330,2244,2314,2378,2332,2338,2324,2241,
  2191,2012,1678,1506,1258,809,491,257,-115,-438,-671,-925,-1083,-1196,-1357,-1397,
  -1385,-1558,-1671,-1694,-1909,-2129,-2265,-2531,-2804,-3011,-3303,-3570,-3689,-3848,-3984,-3901,
  -3814,-3723,-3502,-3226,-2976,-2665,-2379,-2161,-1926,-1767,-1729,-1682,-1679,-1821,-1935,-2057,
  -2254,-2360,-2412,-2429,-2290,-2085,-1840,-1420,-936,-424,187,808,1348,1899,2377,2767,
  3051,3196,3220,3155,2980,2757,2444,2094,1777,1472,1230,1059,1000,1032,1210,1438,
  1701,2079,2502,2884,3268,3601,3846,3988,4047,4013,3853,3637,3330,2993,2602,2206,
  1841,1519,1195,976,903,830,876,998,1176,1384,1636,1846,2066,2233,2297,2279,
  2206,2021,1766,1506,1162,737,370,-25,-356,-620,-850,-980,-1022,-1021,-981,-846,
  -641,-440,-235,-77,49,122,125,90,4,-165,-414,-654,-914,-1153,-1350,-1600,
  -1786,-1896,-1980,-1969,-1949,-1927,-1842,-1796,-1778,-1770,-1839,-1917,-2014,-2201,-2389,-2603,
  -2835,-3098,-3326,-3508,-3706,-3799,-3799,-3780,-3690,-3544,-3388,-3115,-2843,-2555,-2245,-1987,
  -1777,-1496,-1290,-1165,-1075,-959,-886,-844,-848,-742,-615,-494,-289,-26,320,717,
  1129,1504,1945,2368,2706,3009,3269,3405,3464,3445,3329,3192,2947,2648,2394,2124,
  1843,1647,1578,1518,1543,1642,1787,1987,2143,2348,2517,2638,2652,2567,2408,2094,
  1731,1297,809,266,-245,-721,-1141,-1457,-1722,-1879,-1929,-1895,-1871,-1696,-1535,-1374,
  -1148,-988,-868,-824,-831,-916,-1097,-1295,-1534,-1786,-2041,-2251,-2446,-2584,-2664,-2648,
  -2539,-2373,-2109,-1809,-1456,-1103,-714,-393,-117,127,284,419,473,496,473,391,
  286,263,215,213,325,400,491,682,876,1100,1394,1637,1880,2157,2331,2396,
  2440,2477,2462,2455,2470,2453,2394,2456,2462,2455,2648,2809,3011,3313,3612,3869,
  4158,4463,4669,4857,5015,5080,5029,4902,4703,4389,4070,3621,3156,2777,2260,1719,
  1295,863,432,156,-54,-254,-348,-392,-554,-669,-747,-999,-1248,-1456,-1810,-2374,
  -2867,-3461,-4310,-5034,-5793,-6637,-7141,-7656,-8402,-8665,-8694,-9035,-9080,-8815,-8712,-8484,
  -8209,-8034,-7749,-7436,-7439,-7404,-7119,-7151,-7365,-7282,-7238,-7328,-7240,-7004,-6685,-6211,
  -5697,-5107,-4238,-3370,-2732,-1819,-819,69,990,1887,2724,3487,4051,4555,5197,5718,
  6032,6404,6849,7215,7365,7607,8004,8142,8228,8490,8655,8783,8876,8878,8986,9093,
  8961,8848,8896,8698,8392,8228,7974,7566,7220,6740,6173,5828,5211,4358,3881,3290,
  2332,1680,1189,404,-243,-724,-1325,-1686,-1991,-2489,-2546,-2417,-2785,-2851,-2623,-2927,
  -3092,-3097,-3494,-3760,-3921,-4533,-5056,-5247,-5880,-6506,-6609,-6971,-7390,-7268,-7218,-7175,
  -6673,-6336,-5975,-5244,-4796,-4545,-3955,-3629,-3641,-3476,-3522,-3800,-4017,-4363,-4776,-5015,
  -5322,-5644,-5499,-5281,-5142,-4605,-3903,-3179,-2314,-1586,-851,-47,576,915,1262,1541,
  1502,1345,1216,940,630,450,256,257,378,540,884,1431,1900,2421,3087,3758,
  4282,4747,5198,5453,5523,5442,5289,5058,4659,4112,3591,3202,2701,2243,2054,1933,
  1761,1860,2067,2319,2765,3161,3528,4000,4433,4684,4943,5128,5095,4885,4680,4419,
  3920,3480,3027,2574,2275,2008,1840,1995,2154,2388,3004,3621,4215,4909,5547,6137,
  6597,6906,7116,7155,7041,6710,6261,5750,5055,4362,3730,3070,2445,1956,1537,1219,
  1030,917,879,922,926,903,881,756,574,269,-130,-603,-1290,-2110,-2948,-3983,
  -5158,-6183,-7256,-8357,-9105,-9770,-10268,-10520,-10690,-10646,-10283,-9972,-9528,-8811,-8275,-7814,
  -7292,-6951,-6798,-6661,-6815,-7089,-7255,-7658,-7974,-8092,-8340,-8409,-8140,-7897,-7416,-6665,
  -5902,-4919,-3786,-2798,-1763,-780,-123,449,911,957,996,957,613,453,314,-116,
  -257,-189,-387,-267,0,222,618,1086,1474,1975,2376,2594,2837,2896,2855,2739,
  2544,2309,2072,1759,1482,1267,1048,877,868,897,970,1210,1498,1832,2210,2508,
  2869,3176,3365,3562,3708,3719,3765,3726,3600,3534,3434,3237,3162,3125,3007,3043,
  3142,3198,3359,3546,3693,3873,4042,4089,4192,4273,4238,4142,4034,3832,3547,3297,
  3019,2692,2410,2095,1776,1543,1287,1005,831,710,568,431,309,150,-14,-188,
  -323,-519,-678,-806,-1047,-1231,-1416,-1626,-1799,-1908,-2010,-2130,-2165,-2181,-2197,-2155,
  -2020,-1848,-1640,-1346,-1066,-681,-288,22,465,941,1316,1701,2097,2338,2494,2621,
  2611,2502,2458,2309,2065,1936,1749,1471,1301,1304,1225,1241,1514,1679,1901,2229,
  2245,2285,2563,2366,1926,1772,1305,498,-179,-1009,-1908,-2717,-3629,-4551,-5119,-5663,
  -6383,-6701,-6735,-6961,-7043,-6891,-6822,-6820,-6835,-6956,-7076,-7249,-7683,-8108,-8289,-8726,
  -9220,-9564,-9880,-10096,-10161,-10049,-9627,-9027,-8455,-7667,-6591,-5519,-4496,-3406,-2141,-1042,
  -201,767,1652,2213,2724,3139,3473,3810,3981,4118,4495,4874,5135,5689,6406,7023,
  7754,8637,9424,10273,11100,11562,12119,12720,12749,12687,12801,12451,11807,11361,10736,9943,
  9321,8549,7840,7469,6811,6107,6030,5754,5240,5275,5148,4782,4698,4341,3715,3371,
  2785,1725,1005,224,-1088,-2096,-2944,-4187,-5175,-5942,-6945,-7567,-8007,-8650,-8885,-8843,
  -9117,-9164,-8951,-9037,-9064,-9024,-9206,-9408,-9655,-10147,-10592,-10978,-11730,-12406,-12802,-13358,
  -13827,-14067,-14205,-14000,-13626,-13190,-12501,-11506,-10548,-9606,-8468,-7361,-6440,-5528,-4716,-4138,
  -3606,-3285,-3049,-2770,-2547,-2371,-1942,-1382,-793,-63,926,2042,3186,4484,5873,7271,
  8561,9719,10824,11853,12649,13135,13593,13916,13936,13890,13938,13801,13659,13585,13434,13426,
  13518,13544,13601,13786,13870,13892,13963,14020,13881,13599,13372,12935,12391,11770,10964,10139,
  9279,8194,7230,6333,5200,4201,3345,2476,1717,1017,419,-94,-607,-1076,-1532,-1915,
  -2318,-2782,-3157,-3597,-4124,-4613,-5088,-5620,-6116,-6592,-7068,-7495,-7881,-8256,-8526,-8733,
  -8939,-9073,-9208,-9304,-9400,-9530,-9546,-9518,-9543,-9414,-9151,-9016,-8774,-8407,-8274,-8082,
  -7894,-7785,-7588,-7444,-7477,-7334,-7221,-7319,-7184,-6956,-6797,-6477,-5998,-5556,-4857,-4074,
  -3439,-2575,-1803,-1225,-468,158,492,935,1222,1305,1463,1463,1361,1459,1530,1646,
  2100,2598,3133,4039,4845,5601,6558,7171,7614,8259,8451,8283,8355,7978,7378,6811,
  6041,5199,4480,3673,3023,2644,2272,2166,2195,2312,2509,2707,2862,3047,3108,3004,
  2874,2578,2031,1409,689,-242,-1205,-2163,-3111,-3823,-4500,-4998,-5181,-5283,-5206,-4848,
  -4489,-3966,-3277,-2750,-2224,-1555,-1229,-1045,-775,-869,-1196,-1397,-1824,-2327,-2654,-3068,
  -3365,-3326,-3358,-3242,-2752,-2225,-1600,-767,101,938,1832,2635,3242,3826,4165,4205,
  4210,4072,3672,3246,2868,2386,1952,1637,1275,1148,1132,1076,1281,1641,1960,2362,
  2838,3134,3382,3539,3490,3417,3263,2872,2482,2011,1340,657,16,-648,-1243,-1728,
  -2052,-2228,-2263,-2186,-1984,-1652,-1388,-1068,-626,-336,-61,213,323,382,366,82,
  -190,-426,-767,-1044,-1174,-1283,-1275,-1094,-895,-589,-135,245,678,1167,1537,1834,
  2131,2240,2151,1967,1629,1166,600,98,-521,-1155,-1556,-2131,-2610,-2871,-3300,-3560,
  -3591,-3856,-3957,-3840,-4162,-4357,-4452,-4824,-5163,-5463,-5898,-6360,-6708,-7145,-7603,-7838,
  -7982,-8140,-8012,-7640,-7277,-6547,-5735,-4880,-3724,-2755,-1817,-725,138,867,1652,2363,
  2978,3548,3993,4334,4742,5075,5492,6181,6788,7594,8727,9707,10718,11959,12860,13739,
  14702,15269,15788,16210,16243,16124,15959,15534,15018,14558,14037,13384,12982,12483,11913,11627,
  11229,10805,10529,10071,9344,8643,7711,6457,5195,3738,2087,421,-1395,-3253,-5000,-6774,
  -8368,-9771,-11100,-12100,-12922,-13740,-14334,-14970,-15641,-16242,-16954,-17766,-18546,-19330,-20204,-20993,
  -21733,-22512,-23142,-23613,-24002,-24281,-24281,-24182,-24039,-23669,-23127,-22476,-21631,-20657,-19653,-18542,
  -17331,-16195,-15153,-14072,-13359,-12920,-12280,-11912,-11448,-10443,-9337,-8072,-6367,-4601,-2975,-717,
  1544,3602,6151,8725,10852,13153,15224,16556,17886,18959,19447,20045,20536,20709,21115,21525,
  21730,22184,22677,23050,23607,24270,24777,25331,25925,26303,26595,26812,26857,26800,26637,26288,
  25838,25241,24408,23518,22459,21165,19861,18494,17008,15645,14296,12969,11771,10513,9266,8063,
  6752,5240,3671,2046,142,-1865,-3902,-6112,-8293,-10447,-12621,-14534,-16224,-17732,-18900,-19784,
  -20524,-21052,-21403,-21683,-21865,-21977,-22092,-22177,-22272,-22446,-22615,-22795,-22974,-23113,-23171,-23103,
  -22932,-22648,-22143,-21474,-20714,-19681,-18420,-17132,-15535,-13775,-11995,-10135,-8398,-6810,-5159,-3713,
  -2495,-1130,66,1058,2117,3149,4050,5077,6044,6882,7967,8938,9858,10997,11937,12710,
  13625,14295,14765,15239,15435,15485,15528,15287,14890,14478,13751,12869,12061,10952,9820,8897,
  7768,6845,6244,5399,4684,4421,3811,3285,2961,2431,1903,1397,698,-1,-708,-1685,
  -2580,-3550,-4546,-5453,-6267,-6923,-7350,-7656,-7788,-7660,-7462,-7194,-6728,-6224,-5770,-5223,
  -4663,-4184,-3680,-3372,-3093,-2795,-2677,-2521,-2262,-2095,-1767,-1324,-953,-375,378,938,
  1651,2533,3139,3776,4566,5052,5459,5893,6029,6115,6191,5937,5725,5640,5330,5067,
  4928,4742,4571,4508,4407,4269,4224,4048,3793,3639,3317,2811,2328,1765,984,187,
  -614,-1522,-2278,-3019,-3770,-4215,-4605,-4998,-5203,-5293,-5443,-5442,-5393,-5396,-5332,-5361,
  -5579,-5764,-6076,-6530,-6889,-7197,-7514,-7694,-7728,-7616,-7372,-6993,-6473,-5810,-5035,-4261,
  -3366,-2416,-1676,-955,-333,33,291,392,269,216,126,-100,-230,-278,-346,-285,
  -83,144,529,1043,1511,2085,2679,3118,3506,3807,3856,3739,3562,3216,2778,2285,
  1816,1258,774,511,154,77,289,466,1001,1729,2307,3139,4029,4498,5197,5813,
  5994,6180,6190,5901,5521,5111,4533,4006,3695,3411,3230,3403,3750,4115,4823,5525,
  6214,7071,7620,8151,8684,8809,8778,8662,8206,7480,6585,5522,4416,3423,2447,1660,
  1129,574,327,326,189,284,617,706,953,1269,1160,1086,823,172,-509,-1275,
  -2338,-3411,-4480,-5672,-6888,-7831,-8825,-9681,-10112,-10567,-10809,-10770,-10764,-10671,-10301,-9997,
  -9760,-9367,-9161,-9118,-9126,-9343,-9652,-10001,-10511,-10967,-11438,-11957,-12271,-12586,-12874,-12835,
  -12742,-12432,-11797,-11124,-10276,-9206,-8173,-7247,-6279,-5483,-4933,-4369,-3983,-3849,-3805,-3757,
  -3969,-4226,-4218,-4178,-4061,-3720,-3240,-2669,-1869,-932,-24,888,1879,2670,3538,4733,
  5582,6539,7622,8062,8247,8414,8234,7885,8163,8155,8054,8652,9010,9115,9881,10464,
  10702,11756,12662,13109,14226,15082,15417,16099,16218,15851,15902,15443,14636,14428,13968,12995,
  12556,12146,11253,10830,10543,10088,10081,10055,9744,9799,9679,9033,8609,8003,6847,5949,
  4904,3399,2357,1188,-366,-1372,-2356,-3647,-4340,-4769,-5479,-5551,-5452,-5880,-5822,-5775,
  -6231,-6343,-6460,-7007,-7245,-7338,-7934,-8293,-8425,-8968,-9303,-9296,-9441,-9286,-8745,-8355,
  -7736,-6917,-6420,-5807,-4994,-4507,-3866,-3085,-2736,-2273,-1863,-1811,-1716,-1695,-1886,-1983,
  -2021,-2196,-2133,-2070,-2185,-1984,-1783,-1576,-1121,-708,-404,32,342,457,674,743,
  687,673,449,258,-5,-423,-736,-1021,-1173,-1239,-1173,-892,-641,-379,-4,283,
  646,821,759,842,755,433,253,-105,-653,-1056,-1594,-2139,-2315,-2468,-2518,-2251,
  -2112,-2091,-1936,-1845,-1935,-1930,-1912,-2075,-2283,-2662,-3230,-3868,-4527,-5116,-5510,-5617,
  -5563,-5407,-4948,-4434,-3987,-3236,-2382,-1679,-650,366,1032,1710,2144,2174,2256,2264,
  2021,1897,1972,1815,1605,1734,1770,1761,2286,2811,3306,4236,5020,5501,6282,6640,
  6543,6873,6785,6274,6125,5739,4910,4280,3640,2490,1721,1241,465,299,499,332,
  468,856,758,812,1124,1097,1169,1453,1306,990,716,-36,-914,-1631,-2473,-3182,
  -3496,-3844,-4183,-4209,-4291,-4423,-4282,-3964,-3551,-3005,-2260,-1768,-1421,-1057,-1119,-1258,
  -1362,-1669,-2012,-2241,-2640,-3149,-3552,-4086,-4543,-4661,-4666,-4525,-4007,-3502,-2936,-2201,
  -1666,-1224,-601,-154,158,662,931,1019,1226,1139,930,987,996,1098,1665,2186,
  2739,3733,4573,5322,6434,7391,8247,9299,10096,10614,11106,11214,11088,10982,10602,10245,
  9978,9583,9270,9056,8803,8773,8869,9095,9565,10086,10634,11217,11793,12178,12485,12664,
  12615,12446,12074,11369,10491,9491,8122,6667,5228,3609,2100,655,-677,-1815,-2915,-3886,
  -4666,-5448,-6234,-6997,-7756,-8560,-9427,-10441,-11660,-12980,-14577,-16216,-17766,-19452,-20910,-22035,
  -23104,-23918,-24387,-24833,-25030,-24962,-24834,-24473,-23876,-23249,-22501,-21624,-20797,-20027,-19194,-18467,
  -17928,-17238,-16743,-16340,-15770,-15239,-14615,-13648,-12508,-11283,-9685,-7948,-6195,-4239,-2247,-277,
  1703,3499,5156,6646,7807,8844,9646,10149,10707,11154,11499,12028,12467,12941,13600,14233,
  14806,15507,16217,16802,17476,18085,18470,18782,19028,19045,18883,18820,18594,18180,17748,17266,
  16688,16178,15716,15221,14779,14533,14337,14258,14530,14546,14378,14340,13631,12644,11762,10678,
  9384,8510,7407,5831,4800,3546,1881,834,-101,-1398,-1886,-2203,-3072,-3286,-3456,-4314,
  -4751,-5374,-6529,-7082,-7819,-9006,-9540,-10192,-11417,-12095,-12474,-13286,-13564,-13375,-13337,-12843,
  -12124,-11628,-10731,-9724,-9137,-8229,-7197,-6629,-5821,-4923,-4551,-3883,-3210,-3103,-2603,-1999,
  -1842,-1256,-366,97,899,1965,2406,3184,4211,4681,5450,6364,6774,7295,7918,7890,
  7797,7888,7412,6892,6666,6139,5613,5368,4843,4317,4040,3510,3090,3042,2798,2615,
  2700,2372,2039,1807,1172,565,-15,-806,-1525,-2129,-2864,-3447,-3885,-4474,-4699,-4733,
  -4803,-4583,-4350,-4233,-3991,-3787,-3810,-3750,-3799,-4096,-4385,-4880,-5475,-6046,-6784,-7336,
  -7765,-8055,-8171,-8150,-7906,-7605,-7274,-6712,-6147,-5530,-4932,-4520,-3936,-3423,-3218,-2928,
  -2772,-2908,-2922,-2990,-3150,-3000,-2848,-2787,-2487,-2279,-2170,-1773,-1254,-761,-70,764,
  1427,2054,2591,2958,3299,3612,3890,4159,4385,4454,4289,4115,3854,3415,3192,3155,
  2986,3115,3412,3440,3650,3989,4184,4645,5262,5680,6146,6679,6828,6692,6685,6468,
  5924,5658,5286,4571,4126,3583,2716,2235,1800,1113,1142,1244,1019,1373,1728,1646,
  1784,2015,1750,1647,1856,1502,1292,1259,525,-225,-682,-1596,-2381,-2632,-3089,-3431,
  -3377,-3591,-3923,-3924,-4124,-4337,-4157,-4048,-3980,-3705,-3701,-4033,-4248,-4621,-5214,-5535,
  -5719,-5916,-6051,-6075,-6259,-6556,-6552,-6670,-6658,-6259,-5922,-5543,-4997,-4589,-4379,-4011,
  -3726,-3435,-2840,-2260,-1782,-1109,-622,-310,172,457,696,1284,1859,2359,3205,3929,
  4444,5265,5916,6456,7480,8486,9410,10739,11804,12524,13612,14357,14697,15500,16063,16262,
  16805,17043,16863,16852,16664,16135,16017,15747,15226,15090,14600,13784,13263,12366,11261,10532,
  9477,8163,7132,5753,4005,2569,803,-1144,-2730,-4414,-6153,-7638,-9145,-10782,-12057,-13286,
  -14560,-15355,-15981,-16722,-17048,-17153,-17615,-17826,-17794,-17996,-18025,-17894,-17890,-17841,-17683,-17759,
  -17753,-17782,-17908,-17942,-17855,-17740,-17680,-17352,-16915,-16618,-16163,-15562,-15001,-14421,-13518,-12640,
  -11959,-11077,-10334,-9809,-9324,-8873,-8556,-8308,-7933,-7641,-7387,-7080,-6769,-6570,-6079,-5388,
  -4906,-3930,-2822,-2118,-861,507,1293,2657,3966,4658,5714,6663,7270,7985,8727,9242,
  9698,10150,10487,10630,10944,11516,11809,12321,12992,13379,13995,14712,15265,15799,16486,16806,
  17073,17401,17303,17229,17110,16745,16577,16239,15901,15696,15469,15319,15340,15262,15133,15218,
  14953,14666,14725,14236,13813,13575,12840,12243,11790,10954,10142,9480,8532,7468,6687,5885,
  4693,3857,3110,1955,1070,317,-672,-1468,-2115,-3040,-3520,-4152,-4986,-5275,-5904,-6590,
  -6917,-7306,-7787,-8106,-8343,-8725,-8892,-9064,-9241,-9176,-9276,-9325,-9089,-8896,-8654,-8046,
  -7747,-7440,-6920,-6771,-6692,-6339,-6106,-6009,-5816,-5525,-5556,-5706,-5691,-5795,-6068,-6167,
  -6236,-6157,-6307,-6324,-6123,-6243,-6048,-5731,-5519,-5035,-4645,-4211,-3896,-3444,-3427,-3257,
  -3227,-3668,-3744,-3798,-4293,-4458,-4316,-4515,-4451,-4141,-3858,-3394,-2745,-2069,-1228,-350,
  331,909,1639,1959,1836,2055,1801,1110,738,95,-613,-1185,-1823,-2192,-2331,-2345,
  -2141,-1748,-1433,-1348,-1094,-869,-986,-1022,-1182,-1591,-2123,-2671,-3083,-3727,-3851,-3824,
  -3992,-3646,-3120,-2741,-1954,-1042,-458,624,1601,2528,3862,4942,6005,7101,8149,8966,
  9953,11078,12206,13187,14185,15048,15601,16199,16582,17040,17362,17602,17817,17835,17791,17534,
  17226,16914,16695,16053,15857,15659,14957,14670,14167,13187,12334,11389,9984,9120,8016,6505,
  5490,4067,2412,1229,-73,-1674,-2667,-3964,-5641,-6817,-8311,-10175,-11541,-13122,-15002,-16211,
  -17677,-19257,-20229,-21471,-22678,-23265,-23981,-24646,-24856,-25117,-25394,-25429,-25417,-25555,-25424,-25180,
  -25069,-24587,-23984,-23582,-22927,-22118,-21610,-20827,-19737,-18792,-17462,-15726,-14157,-12429,-10464,-8846,
  -7141,-5241,-3521,-1633,474,2262,3897,5564,6802,7785,8825,9794,10701,11636,12634,13301,
  13885,14480,14743,15098,15571,15942,16382,16955,17326,17572,17827,17818,17797,17937,17957,17997,
  18203,18153,18074,18002,17579,17076,16717,16109,15495,15118,14434,13674,13071,12021,10927,10143,
  9158,8347,8029,7392,6837,6762,6234,5683,5686,5325,5044,5228,5100,4823,4831,4423,
  3897,3811,3374,3082,3237,3003,2859,3017,2745,2627,2879,2816,2853,3250,3228,3166,
  3316,2948,2528,2223,1654,1007,499,-304,-1263,-2049,-3151,-4386,-5288,-6329,-7513,-8170,
  -8809,-9766,-10296,-10785,-11406,-11746,-11930,-12188,-12160,-12072,-12068,-11882,-11801,-11781,-11719,-11513,
  -11407,-11346,-10969,-10604,-10336,-9911,-9399,-9027,-8598,-7817,-7173,-6513,-5637,-4890,-4263,-3690,
  -3175,-2906,-2698,-2493,-2447,-2493,-2555,-2815,-3333,-3585,-4020,-4643,-4722,-5028,-5570,-5408,
  -5505,-5841,-5421,-5329,-5426,-5135,-5019,-5053,-4893,-4694,-4586,-4421,-4176,-4046,-4139,-3929,
  -3628,-3532,-3009,-2522,-2128,-1446,-638,47,974,2055,2816,3812,4713,5245,5881,6170,
  6310,6461,6277,6077,5817,5446,5150,5023,4716,4603,4667,4304,4299,4452,4130,4215,
  4239,3929,3932,3974,3738,3720,3804,3635,3438,3637,3657,3460,3756,3925,3867,4131,
  4360,4401,4758,4975,5103,5713,5852,6187,6837,7084,7430,7994,8445,8826,9369,9818,
  10133,10589,10776,11030,11255,11136,10951,10819,10320,9969,9727,9078,8590,8138,7214,6315,
  5545,4632,3611,2828,2128,1175,214,-601,-1656,-2804,-4017,-5148,-6261,-7772,-9009,-10377,
  -12082,-13428,-14905,-16225,-17340,-18254,-19083,-19625,-19943,-20380,-20308,-20446,-20669,-20485,-20351,-20563,
  -20337,-20106,-20120,-19953,-19735,-19658,-19437,-19172,-18877,-18314,-17566,-16918,-15980,-14526,-13471,-12270,
  -10416,-9211,-7892,-6307,-5076,-3715,-2493,-1515,-314,893,2134,3686,5589,7252,8789,10607,
  12214,13530,14940,16115,17064,17575,18166,18372,18230,18652,18677,18605,19064,19404,19531,20221,
  20685,20867,21382,21342,21475,21560,21454,21183,20872,20441,19389,18247,17401,16346,14922,14404,
  13510,12432,11598,10681,9953,8805,8098,7024,6280,5400,4318,2923,2448,1150,-1849,-1840,
  -3387,-5532,-4596,-4072,-5125,-3528,-3513,-5712,-4064,-5127,-6530,-4582,-5127,-6923,-5241,-5601,
  -7585,-5890,-6178,-6832,-4844,-3689,-3673,-1107,-978,-1941,-443,-2067,-2810,-2239,-3607,-4578,
  -4280,-5623,-6206,-6733,-7973,-8543,-9763,-10083,-10471,-10751,-11415,-12030,-12768,-13729,-14215,-14083,
  -12718,-12277,-10225,-8487,-7922,-7003,-6047,-5111,-3633,-1581,481,4025,5558,6772,9507,10002,
  10391,13080,14037,14197,15780,15676,15001,15289,13967,12916,13654,11373,10267,11336,8234,5761,
  4358,74,-3478,-5204,-7159,-7639,-8873,-10518,-12099,-15553,-18167,-19255,-20679,-20177,-19876,-20292,
  -18642,-19595,-20523,-18930,-19737,-20025,-17521,-17058,-15839,-12769,-12192,-10815,-9689,-9984,-8399,-6531,
  -5658,-2302,-597,367,1909,1591,2962,4027,4169,6765,8561,8058,9323,9181,7391,7736,
  7141,7224,7574,7170,7296,5910,4834,3905,2602,3017,3600,3861,5953,6154,4772,4580,
  3090,1850,2852,4394,4663,6366,6919,4833,5428,5008,4197,6459,8075,8187,10610,11380,
  9939,11324,10941,10165,12424,13415,14317,16544,16388,14614,13973,11115,9165,9771,9752,10619,
  10944,9418,7646,4741,2175,1046,-408,-383,-282,-338,154,-649,-1671,-3047,-5489,-6649,
  -6558,-6738,-4720,-3875,-4774,-5334,-7588,-9725,-9774,-9542,-8707,-6850,-7142,-7645,-8518,-10604,
  -10819,-10643,-10747,-10389,-10279,-10787,-11538,-12627,-13992,-15361,-17345,-18320,-18963,-19430,-19362,-20096,
  -21125,-22200,-23499,-24162,-23701,-23154,-22276,-21159,-20522,-20451,-20246,-19189,-18225,-16129,-13552,-11542,
  -9016,-6928,-5247,-2826,-620,1078,3219,5174,6987,9422,11557,13481,14831,15672,16726,17534,
  18583,19950,20963,21582,22149,22329,22303,22550,22433,22542,22667,22379,22237,21897,21044,20241,
  19434,18024,17197,16368,15478,14922,14191,13600,12896,12268,11741,11350,11205,11136,11162,11338,
  11488,11423,11556,11375,11222,11291,11111,11000,11143,11001,10568,10194,9727,8944,8356,8101,
  7809,7420,7158,6678,5943,4871,3775,2815,1513,462,-560,-1957,-3251,-4842,-6462,-8105,
  -9510,-10957,-12076,-12961,-14141,-14807,-15611,-16786,-17567,-18058,-18859,-19199,-19233,-19356,-19344,-19191,
  -19128,-18877,-18436,-17832,-16784,-15129,-13451,-11699,-9321,-7481,-6048,-4091,-2714,-1493,-107,964,
  2111,3127,3710,4219,4593,4742,4948,5727,6588,7244,8069,8660,8707,8543,8169,7770,
  6922,6482,5837,4584,3885,2882,1411,414,-429,-1671,-2078,-2374,-2868,-2852,-3586,-4402,
  -5423,-6528,-7882,-8928,-9407,-10071,-10962,-11307,-11613,-12594,-12672,-12701,-12573,-12197,-11551,-10485,
  -9740,-8663,-8204,-7634,-7265,-6980,-7740,-6761,-5578,-6729,-5043,-4102,-5266,-4411,-2852,-3620,
  -1290,751,-418,1839,1987,2,1218,1565,-871,234,840,-1003,444,1102,262,1553,
  2918,2298,4822,5858,5222,7129,6508,5760,6884,6935,6882,8623,9176,10423,11665,12320,
  13121,12802,12685,12354,12438,12226,12360,12375,12029,10950,9581,9173,7228,6663,6534,5811,
  4900,3975,2435,1112,-119,-1567,-346,-28,-484,1055,818,-1159,-907,-1080,-1990,-546,
  612,1358,3697,4332,4059,6285,5194,3855,6090,5956,6015,8331,8379,7279,6205,3919,
  2839,1484,440,724,-766,-2934,-4513,-7870,-9115,-10309,-12676,-11434,-12414,-14904,-14157,-15549,
  -17947,-17213,-17965,-18555,-17023,-16916,-16160,-15270,-16487,-16808,-16671,-17738,-16008,-14388,-12622,-10124,
  -10081,-9265,-8803,-10348,-9382,-7031,-6362,-3496,-1154,-1472,-1307,-2946,-4299,-5230,-5842,-4611,
  -3890,-2816,-2075,-3273,-4099,-5279,-7390,-6311,-4586,-3494,-899,297,-627,-1153,-734,-1638,
  389,3778,4816,8113,10322,9831,10975,12175,11165,13367,16155,16925,20289,22205,22216,23165,
  22935,21790,22587,23297,23470,25078,25187,24431,23962,22376,21051,20108,18564,17717,15946,13778,
  12476,9962,8160,5769,2859,1038,-1142,-2364,-2461,-4072,-5499,-6487,-9408,-9519,-8881,-8803,
  -6994,-6419,-7802,-8241,-9064,-9747,-7586,-6282,-4411,-2519,-3370,-3414,-3035,-2827,-1992,-804,
  -113,684,1114,1589,2913,2332,2032,1424,379,946,1430,2071,2842,1636,-1282,-2883,
  -4520,-5495,-5142,-3809,-4713,-6951,-8088,-11305,-12316,-11308,-11397,-9768,-8641,-10460,-10421,-9377,
  -10206,-8222,-6237,-6423,-4283,-2652,-471,2154,3337,4579,4758,5029,6617,8534,10814,13328,
  13263,12917,14127,11797,12572,14658,13226,14773,15534,12632,12729,12165,8046,9177,7934,6060,
  6764,4734,2612,673,-2303,-5373,-6912,-9198,-9095,-9479,-11514,-12618,-15608,-18626,-20356,-20846,
  -21048,-20066,-19773,-20204,-20096,-21428,-21934,-21468,-21426,-20872,-20030,-18461,-17252,-16103,-14509,-14586,
  -13959,-13562,-13538,-11161,-9205,-7976,-5461,-3736,-3989,-3144,-2097,-2161,-356,1391,2636,4162,
  4806,4724,5371,5675,5182,5544,6110,5729,5849,6680,6306,6242,6102,4912,4957,5179,
  5075,5881,7393,6663,6912,6947,6079,6982,7610,8265,9840,10845,10051,10928,11028,10328,
  10741,10699,11810,11735,12716,14004,14117,13089,12605,11311,10282,10408,11102,13415,13476,13235,
  12535,9996,7658,6138,6684,6947,7977,7454,7423,5698,2856,2604,2519,2181,2215,3826,
  1703,2921,2252,1658,3203,1947,1092,1257,824,-2678,34,-1752,-3845,-2144,-5231,-7087,
  -7112,-10344,-12834,-10937,-15708,-14815,-12896,-16461,-15549,-15614,-18706,-18985,-18426,-20516,-18374,-17742,
  -19274,-17120,-17732,-19755,-18751,-18845,-20725,-18656,-17611,-17115,-14857,-14980,-15725,-15369,-15411,-14897,
  -11217,-8192,-7775,-5856,-5473,-7074,-6354,-4836,-4064,-1721,-1130,-916,1060,-184,-1324,-610,
  -1905,-2920,-1060,-6,1286,2953,1998,1835,1304,1316,3158,5714,8068,9797,10932,11189,
  11950,12797,14190,15622,17264,17939,18427,19148,19560,20137,20812,21633,22088,22663,22880,23206,
  23829,23911,23764,23950,24179,23813,24459,25018,24624,23632,22285,20347,18087,17108,16882,16497,
  15779,13780,10543,8027,4353,1464,1185,556,-598,-403,-1023,-3697,-4987,-6853,-8560,-8840,
  -9281,-8958,-7730,-8538,-9390,-9799,-12653,-13655,-14195,-13903,-12071,-11351,-10221,-9006,-10411,-11426,
  -10878,-11585,-10266,-7890,-6608,-5069,-5294,-5839,-7109,-8327,-8043,-7697,-6296,-4388,-4296,-4094,
  -4430,-7155,-8130,-8098,-8325,-6520,-4183,-3842,-3870,-3264,-5508,-5814,-4280,-4724,-2762,-231,
  -318,858,2725,1401,2130,3513,2261,4020,5882,6009,7922,8822,7093,7029,6810,5675,
  7925,9396,9815,10238,8373,6241,4622,3078,3668,4028,4045,4240,2450,824,-1674,-4639,
  -6417,-8416,-9573,-8885,-9613,-10320,-10972,-14782,-17048,-18645,-20250,-19700,-18553,-18718,-18350,-19116,
  -20812,-20756,-21123,-20252,-18105,-17531,-16884,-16163,-15637,-14747,-13269,-12219,-10943,-10499,-9823,-7206,
  -5288,-2563,-737,-638,-508,-836,-447,2490,5824,7698,9574,9746,8367,6795,7988,9005,
  10189,13016,12730,12214,12094,9931,9602,10601,9060,8840,9960,8563,9451,10665,9438,9147,
  7697,7020,7553,8194,9939,10871,10933,11040,10654,10515,12266,12026,11816,14131,12284,12628,
  14523,12667,13090,14126,11082,11438,12390,9437,10967,10013,7717,7103,5035,3154,2760,2200,
  1493,1380,-1214,-2164,-3398,-5171,-4909,-4927,-5538,-6154,-6409,-7392,-6677,-6449,-6464,-5275,
  -5978,-6528,-6100,-5998,-5754,-5843,-5070,-5138,-5323,-4903,-6149,-6649,-7582,-9577,-9336,-8860,
  -9312,-8625,-7886,-9595,-10755,-11574,-13337,-13262,-12400,-11379,-9769,-9031,-9935,-10713,-11574,-13110,
  -13481,-12492,-11857,-10961,-9267,-9078,-8916,-9110,-10528,-10903,-10159,-9459,-7497,-3952,-2817,-1491,
  -1259,-2505,-2378,-1692,-654,2029,4750,4533,4960,4202,3052,2757,2873,4553,4535,4341,
  4231,3712,2416,2901,3388,4413,5011,4993,6402,5973,6107,7219,8338,9193,9731,11036,
  11365,12272,11389,12598,12875,12127,12623,14129,14255,14456,16193,14154,15481,14719,14541,16365,
  16818,15941,16723,17098,13132,15828,14731,13215,14899,12867,10047,10350,7034,4100,7003,2116,
  1983,3401,-734,-1646,-1704,-5314,-6107,-4943,-7710,-5257,-4419,-6934,-5611,-6052,-8935,-7475,
  -5837,-7431,-5312,-5071,-5782,-4463,-4482,-4632,-3515,-3085,-4034,-2243,24,-442,852,2028,
  819,1157,2836,3341,6005,5568,3449,4335,2752,1450,3696,4204,2390,2255,-465,-2262,
  -1947,-3773,-3353,-4069,-5816,-7380,-7851,-8396,-7901,-8099,-9212,-9034,-10347,-11249,-10571,-9543,
  -9940,-8799,-8243,-8156,-6838,-6486,-5406,-3493,-3172,-3236,-299,319,2538,5782,6506,8225,
  7356,6193,7819,8715,8653,11696,11669,9659,9791,7346,6232,6761,3002,3299,3750,-558,
  506,-1812,-5063,-5503,-9244,-10577,-10393,-13192,-14543,-14572,-17040,-18028,-19850,-20297,-20767,-22392,
  -21156,-21105,-22243,-21410,-21371,-21880,-20026,-19916,-19606,-16648,-16527,-15237,-11445,-10444,-9021,-6592,
  -6419,-3879,-1529,-250,3316,5128,6001,6551,8199,9631,8559,10289,12817,11728,13443,13989,
  12887,13249,11557,11492,13024,12862,10009,11081,9344,7149,8048,7568,7719,5645,4176,3669,
  4391,3250,4688,4801,3448,2484,2777,5504,5709,7499,7558,7631,6634,7602,9763,12602,
  13891,12848,13553,12908,11895,13300,16457,15571,15418,14774,12688,12351,11184,11442,11821,10195,
  8539,8172,6149,3933,2181,46,-1537,-1874,-2016,-1365,-2375,-4258,-7640,-10463,-10683,-10691,
  -9543,-6110,-6874,-9181,-8632,-12182,-12311,-9853,-10948,-8717,-7804,-9258,-7458,-7883,-8960,-8149,
  -10074,-10542,-9592,-9355,-8509,-7204,-6799,-8741,-9060,-9084,-10785,-10075,-10135,-10169,-9259,-9857,
  -9810,-8931,-11249,-11161,-11628,-13652,-12075,-12740,-10920,-10128,-10122,-9490,-8672,-9623,-8806,-7262,
  -6712,-5805,-4857,-1253,-2381,-113,2119,1083,1080,1640,1486,-241,3146,2237,2943,5281,
  3152,2205,5742,2232,323,8217,2133,2026,11823,5692,8283,15038,9229,10631,16363,10248,
  14732,20712,14916,19593,22321,18455,19952,22863,19832,19907,22130,20359,21478,22330,21244,20275,
  21047,17996,18068,20464,16942,16325,17065,12597,10051,12185,8191,8286,8315,3445,1642,-354,
  -4986,-5430,-4235,-7513,-6701,-6843,-10379,-12211,-11775,-14072,-13535,-10563,-13058,-10273,-9151,-12092,
  -9649,-9491,-11810,-8489,-7329,-7793,-4200,-3937,-4916,-2408,-2868,-3768,-1049,-471,-872,2415,
  3193,2202,3443,1847,1520,2671,2448,3941,5395,3525,2138,1846,-607,-1478,-368,-445,
  -1572,-1234,-2897,-4554,-4164,-5937,-5321,-4199,-5439,-5258,-3793,-4515,-4928,-2555,-3208,-2798,
  -2203,-1830,-2013,-262,-774,-503,2283,683,2437,3916,3450,2141,3918,2533,2432,6193,
  5155,7811,8146,5511,4306,3866,28,1905,3224,623,2959,428,-2471,-4301,-7736,-10289,
  -10145,-11915,-12637,-11165,-14224,-15782,-17447,-20024,-21176,-21366,-21632,-20895,-21324,-22584,-22136,-23559,
  -24238,-23968,-24550,-24113,-23730,-23386,-21807,-20933,-21484,-20897,-20252,-19905,-17332,-12975,-9028,-7335,
  -5509,-4872,-3470,-690,2239,6689,9962,10348,10984,13323,12742,14841,17169,16111,17313,16804,
  15373,16634,18070,16859,18051,18129,16145,15881,15270,14294,14693,14709,13380,14542,13767,11697,
  12008,11231,8809,8578,8063,6610,8984,8046,8387,10291,7802,7055,8947,8172,8662,11350,
  10760,12213,13588,12571,14841,14636,11447,13062,11800,11477,13729,11983,13051,11102,7466,6952,
  4958,3359,3742,2069,2229,1362,-3453,-2801,-4853,-8450,-6701,-7351,-9798,-9180,-10511,-12506,
  -11361,-13040,-14436,-13582,-14651,-15326,-13827,-13014,-13154,-12965,-13135,-13474,-13318,-11750,-11496,-9081,
  -6808,-8886,-6371,-4913,-8207,-5748,-3452,-4240,-1007,-786,-1453,-894,-1971,-2621,782,1920,
  -262,1437,-52,-1341,-1651,-373,89,-336,-856,-1774,-892,-2037,-2668,-2771,-2225,-5264,
  -3347,-1404,-2465,-1637,-2717,-4382,-4803,-3886,-4089,-96,-174,-3017,-2209,-2340,-4139,-1349,
  1486,220,1400,-282,-717,1284,1704,3172,5896,5336,4245,6188,6651,6532,8310,8503,
  7879,9320,9971,10046,11610,11545,8343,8715,8666,7029,9186,10654,7874,8769,7311,4143,
  7362,5899,4888,7898,4597,4485,7545,5119,6422,8158,4659,4935,6069,4609,5448,7767,
  6236,5496,6746,4307,4870,6208,3116,4995,5848,2683,5184,6606,3260,6220,5190,2958,
  4297,3804,3098,4174,4692,2110,3932,3266,552,1914,3434,-1476,98,2162,-3563,-642,
  578,-1562,-752,1727,-2248,-2227,-171,-5898,-3194,-733,-5123,-2852,2789,-5657,-4646,-131,
  -11644,-8233,-4652,-10760,-5216,-4450,-9734,-7425,-8277,-14569,-9205,-10482,-13380,-10905,-12248,-11875,
  -12812,-11461,-10776,-12909,-15113,-12911,-14684,-15753,-12302,-13684,-11686,-11458,-11255,-10022,-9780,-12324,
  -10638,-8789,-9150,-5854,-2319,-418,-1565,599,-1572,-1632,-201,537,3456,6340,5993,6909,
  8823,4064,5631,4882,5081,6224,6500,9707,8933,9847,8616,5251,4559,2849,1365,5265,
  3808,3160,3540,-176,-599,-2280,-5957,-6106,-7394,-9487,-6417,-4319,-5871,-5679,-6350,-10199,
  -10741,-8369,-8159,-4075,-2881,-3095,-813,-1705,-1747,21,131,-36,1254,2338,3604,5242,
  6054,6019,6394,5989,3839,5329,4982,4155,6935,7200,6952,7622,5531,4115,4106,1450,
  2022,2836,2272,3559,3377,1628,955,-555,-2133,-1257,-1303,-848,653,988,1210,1390,
  1392,754,510,1172,2019,3497,5574,5849,6250,5655,5099,4938,5516,5981,5497,5645,
  5509,6301,6615,6338,6701,4190,2284,2701,1284,2607,4224,3258,4163,2445,158,371,
  -1631,-1747,-503,-1132,-358,890,-825,-841,-725,-2408,-2526,-1826,-1844,-1605,30,174,
  1312,1069,58,332,-809,-6,-174,1738,2112,1613,2152,1813,586,645,92,-793,
  353,-979,-372,290,-1028,-1836,-1838,-2094,-3921,-3521,-3657,-5409,-4671,-3684,-4640,-2308,
  -4348,-7696,-6791,-9255,-9787,-5337,-3411,-4820,-4295,-7150,-11249,-9840,-8562,-7132,-3594,-3664,
  -7704,-6170,-6082,-9491,-4236,-4909,-9101,-6651,-7853,-7772,-4075,-4746,-5800,-7395,-10632,-9609,
  -9595,-8142,-5187,-9221,-6092,-6167,-8020,-3086,-4527,-8629,-4885,-6828,-7348,2672,652,5099,
  3970,-2112,813,-3696,824,7870,7913,11216,12762,5223,11781,9155,5389,17050,12153,13774,
  20571,19087,20040,21527,17833,17668,17101,17237,21292,21967,23793,21944,18639,18952,13490,12547,
  18015,13065,14092,17420,11362,13153,12052,7456,8303,6174,3507,7670,6826,6680,8909,4107,
  3320,2154,-659,2596,3273,861,2786,258,-1471,1265,808,2795,2887,-281,-1429,-1719,
  -1620,771,3500,3974,1616,-292,-1749,-4832,-3769,-2542,-5387,-3441,-4169,-8950,-6745,-9272,
  -14349,-12833,-15685,-18113,-14003,-16471,-16556,-14679,-19847,-20211,-19866,-21511,-19536,-18302,-18749,-18229,
  -18449,-18294,-18222,-17269,-15703,-16530,-14953,-13140,-13640,-11574,-8812,-9157,-8270,-5173,-5687,-4468,
  -748,-2640,-438,2810,-653,1907,5571,82,4118,5712,-93,4286,3474,-544,2605,1527,
  -2616,2130,-406,-3234,1230,-1252,-5040,-1457,-1648,-7032,-1033,-2187,-5427,-757,-2450,-4538,
  -1165,-2164,-5677,-326,-3889,-5827,-384,-1161,-2725,581,1721,-4414,-2029,451,-3821,1019,
  2518,-318,1220,2736,-2748,1635,4198,-3000,1777,2840,-2556,652,5032,-6,2841,3842,
  -530,3929,1753,1684,6822,5770,4770,10479,7421,6236,9303,6579,9575,10988,10178,12731,
  13307,7941,10598,9589,7016,10653,10841,10441,11120,10263,7420,9659,6626,6920,9529,8635,
  8786,8255,9966,6545,6593,6889,2518,3987,5595,2436,7188,5633,57,2248,-809,-1440,
  1844,1118,2048,1388,-650,633,23,-89,662,77,771,-1222,631,1773,-679,299,
  -633,-2824,-1829,-2277,-2803,-852,-2631,-2924,-1801,-3970,-3878,-4389,-5252,-3727,-3942,-4077,
  -2172,-4314,-4977,-3697,-5760,-4395,-4645,-5942,-4602,-5879,-6627,-4772,-6045,-5060,-4753,-7350,
  -6581,-8352,-8597,-5834,-6259,-4578,-3898,-6417,-5727,-6921,-8043,-4869,-5958,-5329,-3138,-5102,
  -3887,-3083,-5513,-3765,-5189,-5395,-2659,-3645,-845,-1232,-3212,-60,-2083,-1991,1830,-995,
  98,1898,-390,2546,3378,2078,4393,2741,1629,3268,1894,2914,4697,3211,5222,4686,
  3300,4388,1812,1935,3089,929,3732,5169,1801,4801,3068,-612,1653,-1221,-317,2007,
  1720,2834,3764,1592,710,232,15,786,757,3292,3538,4367,5848,5541,5371,4512,
  3078,3505,5608,6080,8586,10417,8658,7374,7577,5744,6230,6796,5348,7040,6237,6412,
  9427,9645,7560,6096,2824,15,1471,3705,7443,8811,6788,3941,19,-741,-2696,-632,
  2153,-1359,-1,1979,-1915,-257,437,-6101,-4953,-3930,-6024,1533,2628,538,1004,-1606,
  -4570,-1270,229,94,1716,58,953,-2330,3040,2739,-1075,1180,-5782,-6374,-4118,-2368,
  581,4505,-2858,-4912,-6856,-11411,-6671,-6740,-2033,-3582,-6427,-6452,-7879,-11303,-11130,-9763,
  -13889,-12063,-9802,-12229,-10008,-9663,-16005,-13932,-13315,-17022,-9935,-6530,-12525,-7601,-6970,-12964,
  -6585,-6493,-5915,-2621,-4009,-2524,-2689,-3404,-441,-1888,-103,1526,-1731,3495,3379,956,
  5936,3550,1403,5835,4642,7756,11022,7235,9255,6544,3835,8513,8338,11046,13090,7752,
  9178,5822,2435,8979,7588,7041,12769,7383,6325,7769,2062,4421,4419,5252,8364,7618,
  7083,4675,413,-220,-1356,-507,5072,2956,3364,2925,-4903,-4705,-4892,-6014,397,923,
  -194,1693,-4833,-6187,-4550,-7396,-1846,94,-1642,1936,-2681,-5096,-2975,-8291,-5366,-2033,
  -4900,717,-343,-4953,-2672,-7024,-8957,-4585,-4834,-2389,577,-1601,-2791,-4654,-7083,-6683,
  -5170,-2946,-753,-133,53,-3262,-4468,-4620,-6349,-2061,-20,-75,3665,1117,-938,1250,
  -1693,118,3872,2055,5970,6087,3650,7127,4357,4495,7911,5118,6554,7588,5204,7207,
  7749,7045,9489,7781,6241,5808,3716,4026,4639,5392,6919,6312,5212,4423,1313,55,
  -461,-1017,1210,2082,2434,3434,642,-1545,-2351,-4795,-2829,-1446,-63,3021,850,-250,
  -680,-3873,-3384,-1816,-2114,123,147,-1410,-651,-2764,-4093,-2935,-4259,-4507,-4046,-4936,
  -5143,-5331,-5693,-5345,-6609,-7355,-7111,-9012,-9058,-7853,-8916,-7890,-6362,-8364,-7524,-7212,
  -9705,-7786,-6813,-8389,-5451,-3819,-5114,-1995,-1145,-3069,-913,-1622,-2935,728,1337,2065,
  5899,5070,2956,4340,2648,587,3958,3344,3377,5998,3648,3098,3458,-27,-483,509,
  -1951,-1327,-224,-2199,-1924,-2119,-4104,-4241,-4958,-6566,-6196,-6096,-6541,-4513,-3698,-4335,
  -3812,-5336,-5791,-5397,-4052,-1469,-100,2088,2136,1969,2656,1964,3757,5864,6153,9427,
  10093,9273,11905,10072,9496,11917,10243,11767,13625,12627,13841,12773,11745,12357,10769,11610,
  12174,11029,11802,10823,9416,9916,8560,7836,9241,7395,7570,8325,5454,5787,6134,3767,
  4850,5760,3802,5471,4985,3673,4797,2870,2541,3136,3240,3360,5082,4688,4009,3741,
  2196,2455,2785,2351,3131,3869,1813,2452,1901,-70,368,-1888,-2028,-1554,-3461,-2690,
  -3214,-6459,-6358,-8585,-8862,-7577,-10453,-9877,-11001,-14644,-13988,-13009,-13543,-12426,-14319,-16654,
  -17576,-19136,-16503,-14613,-13415,-13072,-17069,-16436,-17489,-18166,-12594,-11704,-13317,-9879,-10590,-11576,
  -7111,-7687,-8810,-7525,-7789,-5741,-2145,2710,1047,1169,995,-2917,-1426,4296,2191,4112,
  10420,1895,6333,8503,3994,6749,4446,1198,1151,4922,4609,10102,9597,4367,-1899,-2780,
  -4758,-5455,5379,3302,4244,2773,-3584,-3606,-6365,-7170,-2211,-3218,-1842,2727,-1298,712,
  -957,-8311,-4805,-5783,-7353,3660,3468,2024,5182,-94,-1140,-2102,382,4193,4434,8911,
  10284,6686,10430,7539,4719,10060,5153,5710,12219,7578,8841,12006,4068,4741,4126,271,
  6359,5380,3375,5694,384,-1280,1104,282,3744,3190,480,454,-3676,-3969,530,-733,
  1793,3083,6,-400,-1383,-1956,-1371,1044,2597,5387,6136,6540,5038,3600,4053,2609,
  7172,9847,9540,12364,9367,5240,6143,3192,4455,9234,6206,8008,7318,510,2115,1113,
  -1159,3781,2360,643,2311,-2098,-2585,-1415,-3881,-1969,-1374,-2845,-1587,-3176,-5661,-5391,
  -7419,-7571,-5318,-5065,-3607,-3519,-5631,-6340,-8392,-8470,-6367,-5324,-2534,-1987,-2189,-3190,
  -5617,-5693,-5958,-5337,-2393,-2298,-2123,-1458,-4912,-5482,-4883,-6411,-3671,-2657,-3376,-2172,
  -3716,-5110,-3870,-3985,-3344,-215,-833,-1636,-996,-3560,-3349,-1891,-1244,967,1616,147,
  -424,-2098,-2466,-1737,-799,1769,1546,1859,2359,-13,-278,-139,-841,1566,2579,2991,
  4446,2793,1060,67,-792,-850,690,2190,2764,2055,243,-906,-2589,-2598,-1565,-1006,
  34,-473,-1207,-1148,-2600,-2999,-1873,-2685,-2861,-2015,-3155,-2768,-2642,-3154,-2194,-3127,
  -3949,-2817,-4023,-4071,-2040,-2933,-1980,-170,-1527,-1112,-3,-1962,-729,1251,-386,1755,
  3459,1475,2855,3682,1645,2708,3077,1655,3743,4598,3611,6149,5199,2774,4039,2669,
  2249,3946,4713,4526,4665,4015,2289,2202,1395,705,1932,1538,553,1525,724,-454,
  720,-36,-643,-373,-1415,-1273,-891,271,1767,3204,3616,1359,1312,-382,-842,2436,
  3765,5646,6835,5697,4028,2492,1539,1454,2743,4592,5899,6569,6333,4502,3020,1691,
  1424,2619,2550,4297,4946,2409,2449,1235,-1267,-587,-1151,-1435,-505,-909,-1500,-1282,
  -2181,-4073,-3321,-3396,-4221,-2403,-2152,-3022,-1884,-2106,-3381,-1976,-2542,-3351,-1044,-1079,
  -1008,914,386,-820,54,-206,-473,1875,2445,2862,3470,2950,1669,2008,2065,1935,
  3256,3450,3451,2655,2587,974,319,150,-801,-89,1311,168,320,1299,-3604,-2734,
  -2502,-5529,-2028,-1020,-3347,-624,-2145,-6174,-4131,-6746,-8760,-5687,-6139,-5617,-3003,-4801,
  -5985,-6596,-10039,-9127,-7390,-6579,-3171,-2779,-3212,-3619,-6093,-5012,-4362,-4674,-1238,-1662,
  -2306,185,-2308,-1686,584,-1652,-335,713,-1298,-47,987,483,2650,2911,2329,3035,
  1307,286,1210,727,1529,3050,2766,2699,1308,-900,-1067,-2495,-2562,-342,-187,648,
  741,-851,-1797,-2675,-3256,-2231,-110,472,1591,2494,583,-149,137,-1305,-381,1253,
  1063,2673,3131,1709,2014,1598,-24,1320,2419,2179,4120,4801,3762,4378,4470,2952,
  4720,5115,4078,5828,5390,3516,5073,5046,3511,5522,4607,2574,3130,1357,650,2441,
  1968,2721,4056,1698,1170,373,-1622,-739,226,954,3078,3321,2230,2158,-396,-1803,
  -234,-341,1590,4742,4158,4485,3940,1153,1164,712,1397,4094,5478,6921,7179,5565,
  4615,3178,2329,3660,4037,5001,5886,5969,4854,4374,3680,1326,1647,1320,182,1867,
  2183,976,1619,917,-1746,-2039,-2146,-4801,-3196,-2528,-4569,-2246,-3362,-5365,-3920,-6260,
  -7986,-6382,-8768,-8098,-5769,-7566,-5265,-5365,-8282,-7435,-9598,-11136,-8126,-8223,-6499,-3439,
  -5796,-5800,-6188,-9888,-8324,-7060,-7256,-3039,-2724,-3546,-2462,-5122,-6545,-4929,-5308,-3838,
  -425,-873,-452,-80,-2551,-2527,-2030,-2351,-310,1222,688,1359,524,-590,-694,-1072,
  -524,-37,172,607,736,133,-313,-536,-991,-959,-310,-492,509,628,-621,601,
  -442,-1268,172,-153,-419,458,-76,27,977,66,535,976,-424,331,1451,1442,
  2538,3226,2452,2239,1811,1676,3219,3707,4575,5571,4066,2680,2809,1765,2087,3975,
  3943,3961,4410,2564,1044,1660,40,245,2837,1755,1953,3420,828,-392,325,-1773,
  -1309,551,-702,823,1826,-985,-12,-869,-3426,-2114,-1299,-852,891,2182,1097,586,
  -350,-1617,-326,584,1373,3437,3818,2709,2808,2281,1407,1897,2298,2698,2780,3528,
  3702,3096,4298,2847,2932,3470,401,1789,2219,1922,5145,6183,5003,4320,2077,-694,
  -140,906,2175,4979,5328,4144,3133,364,-1500,-965,-1853,172,2897,1413,2817,2773,
  -1287,-1122,-2035,-3752,-1686,-1509,-1458,28,-751,-2333,-1929,-3281,-5382,-4251,-4385,-4066,
  -1675,-1068,-795,-94,-1023,-1893,-1649,-2072,-1461,7,1734,3132,3353,4203,2072,-123,
  287,-1109,-286,3369,3434,4014,5568,1208,627,586,-1937,413,2247,1647,3687,3584,
  838,1646,-1064,-2980,-2195,-2171,-2316,-731,-257,-2643,-3166,-4931,-6530,-6559,-5200,-5352,
  -4753,-3505,-5477,-5848,-4488,-6158,-5813,-3296,-5248,-4512,-3487,-6190,-4899,-4785,-5977,-3238,
  -2822,-3955,-3309,-4928,-6579,-5833,-4623,-2633,-854,-291,-1327,-3209,-4194,-4764,-3853,-1509,
  389,76,146,-1195,-4254,-4188,-4186,-4158,-1793,-1444,-1576,-990,-3182,-3895,-3409,-4578,
  -3324,-1626,-1074,250,257,125,-271,-1464,-1518,-661,109,1232,2689,2485,2631,1867,
  440,1529,1353,1531,3845,3676,3621,5144,4180,4080,4955,4056,4407,5393,4949,5608,
  7059,6034,6025,6699,5080,4582,5697,4501,4969,6681,4769,5452,6107,3536,4032,4912,
  2268,3674,5016,2817,4698,4972,2551,3491,2657,938,3214,2907,2664,5082,3224,2267,
  3132,1207,1529,3619,2490,4113,4932,2128,3692,2906,540,4143,3541,2792,6234,3313,
  2686,4162,1097,2858,4147,2544,5079,4824,2947,4890,2409,1596,3604,1332,2805,4964,
  2019,3255,3879,-1112,1312,610,-3359,922,-815,-2591,1464,-1626,-2837,-1832,-5495,-5467,
  -5108,-5587,-4253,-3983,-4505,-4427,-6329,-7312,-7334,-8619,-7454,-7323,-7368,-6566,-6647,-7583,
  -7324,-8189,-9136,-7987,-8772,-7739,-6481,-6738,-5991,-5847,-6905,-7068,-7118,-6647,-5821,-4797,
  -3805,-4452,-4198,-4636,-5397,-4172,-3937,-4279,-2705,-3638,-3903,-2307,-3657,-3529,-2178,-3706,
  -2921,-1144,-2379,-1530,-312,-2204,-967,142,-867,1082,1683,439,1774,1872,939,2957,
  2866,2305,4076,3064,2587,4320,2878,3260,4809,2924,3955,4846,2900,3989,4327,2535,
  4062,4111,2949,4382,3834,2482,3431,2564,1699,3708,2607,2329,3557,979,512,1409,
  -289,1156,2605,598,1332,609,-1644,-663,-364,-820,869,920,-486,-61,-781,-2191,
  -647,-688,-968,731,-60,-771,-80,-1312,-1708,-613,-1020,-133,675,-105,-345,-706,
  -1768,-1399,-590,-504,535,533,-333,-561,-1419,-2079,-1259,-1428,-375,489,-56,730,
  -779,-1429,-1342,-2172,-317,1428,1647,3408,2624,764,1334,220,1080,4078,4408,5957,
  6970,4472,4670,4165,2619,5181,6043,6413,8979,7724,6149,6303,3834,3925,5861,5664,
  7145,7514,5386,4742,2977,1522,2316,1633,1646,2639,841,446,-57,-2632,-2998,-3216,
  -4466,-2898,-2409,-2778,-2298,-3728,-4825,-4889,-4623,-3976,-2958,-1658,-1831,-2032,-2087,-2972,
  -3032,-2246,-1733,-924,344,249,-307,-85,-892,-1037,221,625,1408,2301,1275,695,
  436,-640,380,536,529,473,-1288,-1822,-2777,-3166,-2469,-3242,-3405,-4127,-5424,-5049,
  -5972,-5970,-5222,-6427,-5940,-4776,-5638,-4912,-4458,-5935,-5372,-4717,-4779,-3211,-1862,-2596,
  -1852,-1561,-2806,-1324,-993,-1099,948,1262,1838,3474,2990,2488,3052,2633,3064,5130,
  5823,5714,6179,4791,3494,4146,3478,3238,4629,2950,2101,2232,222,22,199,-1232,
  -949,-928,-2382,-1889,-2019,-3811,-3308,-3666,-4493,-2861,-2930,-3063,-1983,-4099,-4824,-3945,
  -6003,-4082,-1669,-2506,-178,-324,-3040,-2089,-3240,-4402,-95,774,1074,4787,2525,606,
  1835,-1424,-748,2611,1432,4490,6156,2662,3489,1755,-1591,752,767,874,4450,2929,
  2460,2721,-1057,-920,-345,-1561,1057,1460,76,2023,-605,-1493,892,-1855,-711,1820,
  -1318,338,2118,-1163,1733,2485,-276,3149,2362,83,3814,2289,937,5343,3028,3252,
  6568,2990,4245,5584,1974,5234,5637,3459,7654,6567,5059,7707,5182,4081,6324,4842,
  5374,7646,5640,5452,5496,3384,3109,3670,2832,3247,3299,2503,2126,470,751,-395,
  -530,1333,19,695,728,-1909,-1485,-2082,-2053,-814,-1373,-208,-1594,-2900,-2240,-3906,
  -4053,-1866,-3556,-3234,-1953,-5203,-4154,-3911,-6115,-4456,-3834,-5909,-3984,-4530,-7258,-4774,
  -6451,-7659,-4828,-6422,-6783,-4506,-6930,-7175,-6488,-8696,-7786,-6615,-7110,-5832,-5476,-7216,
  -7267,-7453,-7790,-6507,-5094,-5153,-4537,-4023,-4783,-4302,-3643,-3865,-3035,-2192,-1839,-1107,
  -477,-789,-508,-581,-621,180,553,1093,1417,1257,1285,1427,1363,1698,2045,2033,
  2052,2488,2338,2614,3284,2738,2875,3123,2703,3023,3500,3480,4009,3895,3786,3773,
  3690,3923,3968,4383,4137,4376,4504,4183,4834,4981,4273,4490,4042,3399,4472,4479,
  4436,4817,4014,2795,2736,2445,1976,3138,3093,2004,2745,1072,-170,783,-539,-701,
  636,-858,-874,-173,-2381,-2382,-2435,-4184,-3321,-2788,-3907,-2535,-2848,-4544,-3416,-4503,
  -5379,-3629,-4394,-4026,-1775,-3094,-1831,-1167,-3121,-1881,-2294,-2250,143,828,1710,2817,
  1299,1014,974,301,2089,3276,3708,4956,4353,3408,3443,2341,2721,3666,3984,5335,
  5750,4947,4504,3203,2183,2728,2967,3494,4377,3841,2754,2080,964,-53,242,491,
  415,1406,1805,1041,686,-122,-1622,-1155,-369,638,2594,3026,2015,1552,-479,-1024,
  115,212,2449,3220,2469,3076,572,-920,-141,-1261,102,2752,1999,2599,2757,-681,
  -1001,-639,-2329,77,1488,-5,1081,-307,-3294,-2330,-3455,-4468,-2159,-3696,-3732,-2674,
  -4434,-3728,-4005,-5457,-5104,-5446,-5166,-4150,-3478,-3536,-4152,-3976,-4518,-4631,-3283,-3589,
  -4355,-3443,-4342,-4191,-2560,-2840,-2613,-2447,-3672,-4132,-3407,-3679,-2605,-1232,-1752,-485,
  -612,-1933,-1335,-2565,-2964,-938,-437,1106,2438,659,-497,-1682,-3235,-1898,-144,725,
  2522,2240,827,-23,-1094,-1580,-593,529,1794,3321,3337,3188,2006,128,129,-259,
  825,3253,3833,3925,3938,1644,268,462,-433,979,2919,2889,4082,3860,1608,1157,
  -44,-673,1304,2242,3368,4413,2670,1248,332,-1298,-202,1316,1629,3186,3075,1289,
  1181,-149,-832,830,789,1720,3228,2161,2113,1628,-737,-606,-381,-615,1400,1751,
  1160,835,-839,-2243,-2315,-2202,-1781,-431,397,-127,-135,-1237,-2836,-3068,-2988,-2348,
  -869,305,-99,-670,-1640,-3353,-3669,-2887,-2263,-826,260,-89,30,-354,-1394,-1191,
  -1129,-583,643,1578,2647,2737,2373,1991,1017,426,737,1450,2246,3357,3772,3242,
  2377,1319,277,362,1174,2041,3120,3501,2896,2097,1485,684,971,2006,1858,2844,
  3235,1894,2514,1974,704,1706,1341,652,2187,1841,1077,2434,985,93,1065,-321,
  -125,1006,212,822,1164,-165,-129,-881,-2129,-1115,-1271,-814,271,-597,-958,-1548,
  -3492,-3197,-2609,-2810,-421,-191,-1669,-723,-2667,-3698,-1430,-2591,-1648,355,-1354,-86,
  29,-2008,-989,-2194,-3450,-1164,-1636,-1153,885,-1217,-1629,-1311,-3698,-2974,-1319,-2479,
  -470,897,-1079,15,-938,-3163,-1550,-1691,-1439,888,219,-46,91,-1745,-1515,-644,
  -991,270,1001,189,438,593,-8,681,1641,1364,2168,2476,1566,2001,1618,1397,
  2348,2369,2772,3033,2389,2167,1444,771,866,736,1268,1528,1390,1336,366,-466,
  -846,-1745,-1545,-1264,-1308,-763,-995,-2087,-2399,-3512,-4525,-3548,-3936,-3621,-2418,-3633,
  -3684,-3536,-5093,-4275,-3672,-4348,-2788,-2850,-3830,-2703,-3402,-3636,-1993,-2705,-2263,-1716,
  -2983,-2749,-2549,-2691,-1908,-1076,-1426,-1343,-1483,-2307,-2255,-1839,-1888,-1132,-321,-692,
  -145,-256,-1345,-1082,-1396,-1881,-453,-220,51,1057,9,-392,-352,-1315,-684,-40,
  158,1693,1943,1995,2467,1184,1042,1513,1045,2756,4035,3579,4274,3642,2197,2853,
  2487,2808,3893,3383,3575,3794,2885,4000,3712,3176,4529,3199,3825,5069,3412,5023,
  5559,3937,5564,5311,3600,5035,4334,3118,5076,4325,3601,5125,3499,2959,3881,2458,
  3151,3993,2575,3308,2920,1598,3259,2423,2597,3305,793,1011,459,-624,1113,519,
  131,297,-1524,-1461,-1340,-2345,-1609,-1924,-3291,-1969,-1872,-2360,-1005,-1515,-2958,-2284,
  -2623,-3301,-1272,-1644,-1812,-389,-1529,-1371,-909,-2221,-2199,-1865,-2096,-711,582,131,
  192,-386,-2033,-1447,-685,-709,1013,1034,129,829,-138,-1297,-275,-1596,-2025,-613,
  -1466,-997,-142,-1673,-2560,-2853,-4114,-3833,-2413,-2456,-1532,-1417,-2319,-2406,-3026,-3281,
  -2653,-2229,-1474,-323,-391,-608,-903,-2034,-1967,-1131,-877,536,1286,436,594,115,
  -554,415,834,937,1850,1624,1410,1685,1048,774,1044,400,483,1013,523,907,
  754,-464,-648,-1129,-1406,-624,-857,-901,-779,-2037,-1698,-1882,-2518,-1613,-2393,-2701,
  -2066,-3385,-3157,-2678,-3551,-2780,-2033,-2811,-2551,-2609,-4122,-3366,-2609,-2401,-585,26,
  -702,-978,-2110,-2923,-2275,-1615,-498,477,568,434,-749,-1372,-1843,-2557,-1174,-134,
  488,1873,1672,1062,569,-646,-659,178,683,2661,3747,3404,3664,2079,170,522,
  103,904,3645,3436,3710,3875,550,231,324,-967,1896,3103,2322,4001,2669,333,
  1531,377,-197,2714,1948,2113,3781,1594,1062,1606,-111,543,1708,934,1895,1968,
  712,1401,720,158,906,608,783,1543,989,1299,1346,82,456,-260,-1010,382,
  55,181,592,-1537,-2346,-2810,-3399,-2206,-1815,-1459,-1612,-2949,-3377,-3723,-4136,-3192,
  -2659,-2417,-1480,-1629,-2105,-2331,-2788,-3380,-2575,-1747,-1394,-399,-518,-720,-854,-1220,
  -1058,-1096,-370,688,1155,2354,2779,2190,1893,1197,942,1607,2552,3948,4627,4594,
  4226,2957,2271,1899,2213,3071,3661,4900,4754,4201,4162,2409,2045,2607,1850,3175,
  4368,3714,4553,4011,2166,2313,1603,724,2313,2340,2268,3782,2924,1961,2333,402,
  -13,1061,617,2343,3510,2739,2828,1795,141,149,462,573,2213,2708,2016,2163,
  763,-630,-464,-917,-777,739,885,810,1429,-159,-1336,-1208,-2677,-1796,-236,-673,
  849,638,-1578,-1270,-2900,-4042,-1805,-2361,-1354,572,-1274,-1330,-1904,-4254,-3479,-3060,
  -2968,-795,-862,-1459,-1398,-3173,-3779,-3651,-3999,-2748,-2014,-2155,-1546,-2121,-3064,-3044,
  -3642,-3422,-2250,-2137,-1127,-686,-1075,-1119,-1673,-1566,-1529,-1266,-642,-491,-287,-144,
  -673,-463,-721,-1245,-605,-966,-930,-199,-871,-257,260,-501,239,24,-935,-416,
  -694,-982,300,359,103,636,-629,-1414,-1236,-1956,-1437,-677,-1142,-558,-869,-1670,
  -1362,-2163,-2302,-1736,-2031,-1341,-661,-910,-601,-988,-1809,-1704,-1788,-1523,-489,-529,
  -294,-212,-1311,-1218,-1460,-1828,-1070,-916,-886,-91,-328,-770,-523,-1165,-1216,-444,
  -293,465,1144,909,861,860,263,422,634,655,1532,1845,1800,1769,888,411,
  295,283,964,1642,1850,1867,1684,972,951,1074,696,1314,1631,1543,2373,2074,
  1782,1761,410,160,322,-38,1388,2047,1810,2345,1039,-81,68,-435,563,2227,
  2609,3067,2810,1394,881,727,538,1513,2194,2374,2772,2128,1210,819,129,375,
  1210,1567,2015,1784,908,363,-71,15,399,577,789,686,493,166,-481,-997,
  -1324,-1243,-428,451,982,931,48,-1099,-1786,-1797,-895,320,1410,1823,1079,104,
  -996,-1790,-1487,-823,-27,1179,1561,1192,753,-524,-1415,-1209,-710,545,1982,2238,
  1984,1445,213,-323,-164,-69,661,1233,1321,1454,919,233,-494,-1389,-1630,-1280,
  -607,275,885,676,-252,-1205,-1872,-2071,-1108,16,868,1686,1265,416,27,-710,
  -798,116,432,894,1855,1183,845,1165,-526,-572,49,-919,397,1522,650,1677,
  1587,-549,253,-43,-1224,768,837,592,2243,1237,389,785,-1149,-1563,-529,-1319,
  -59,757,-67,272,-741,-2393,-2247,-2590,-2400,-644,-628,-616,232,-1352,-1810,-1330,
  -3332,-2849,-1887,-2599,-613,-217,-1309,-1271,-3121,-4303,-3565,-3732,-2237,-908,-1217,-451,
  -1053,-2065,-1875,-2339,-2627,-1115,-288,82,1607,1077,149,300,-866,-1113,-277,-129,
  798,1515,1593,1598,831,-93,-733,-1182,-928,-276,792,908,482,325,-1614,-2281,
  -1979,-2968,-1676,-963,-1753,-883,-1625,-3061,-2805,-3620,-3885,-3013,-3074,-2532,-1829,-2359,
  -2721,-3224,-4142,-4121,-3832,-3096,-2130,-1814,-1658,-2024,-3066,-2982,-3441,-3187,-1442,-1141,
  217,897,-270,-108,-989,-1629,-81,730,1711,3436,2600,1847,1541,-404,183,1342,
  1315,3203,3351,2296,2414,1010,430,1257,1308,2307,3527,3523,3793,3361,2297,1931,
  1797,1898,2784,4175,4124,4172,3930,2100,1749,1613,1055,2795,3825,3722,4772,3704,
  2183,2311,1382,1929,3725,4023,5002,5192,3647,3168,2416,1544,2615,3019,3222,4568,
  3447,2935,2660,751,807,987,813,2188,2577,2208,2376,857,-174,-357,-1015,-300,
  570,879,1423,892,-186,-1257,-2156,-2572,-2269,-1051,-355,74,136,-1195,-2518,-3084,
  -3665,-3016,-1410,-864,-214,56,-1309,-2126,-2470,-3388,-2353,-1250,-833,658,271,-818,
  -1141,-2787,-3108,-2051,-1790,-353,550,-390,-816,-1712,-3111,-2603,-2307,-1712,-210,-306,
  -141,-331,-1553,-1875,-2300,-2421,-1135,-510,6,707,-397,-1266,-1761,-2676,-1825,-903,
  -414,585,565,-270,-693,-1583,-1896,-1032,-421,536,1223,590,277,-616,-1153,-470,
  -248,667,1245,674,758,394,168,748,751,1179,1388,834,921,749,463,946,
  946,975,1184,811,405,139,-140,-284,198,718,1071,1814,1779,1283,851,-30,
  -260,470,1413,2478,2997,2443,1363,128,-874,-1069,-503,96,924,1458,1116,621,
  -341,-1549,-1686,-1342,-306,1178,1728,1741,1136,-30,-564,-712,-489,210,702,1136,
  1301,837,222,-503,-1305,-1301,-836,-97,915,1282,736,-161,-1293,-1881,-1350,-429,
  579,999,537,-225,-1057,-1586,-1602,-1288,-974,-664,-546,-653,-932,-1404,-1859,-2143,
  -1941,-1445,-984,-648,-832,-1269,-1518,-1615,-1166,-565,-482,-599,-973,-1402,-1201,-833,
  -432,-181,-519,-990,-1339,-1503,-1241,-800,-561,-427,-586,-801,-729,-595,-450,-429,
  -418,-330,7,451,832,952,594,119,-101,91,621,1264,1563,1358,881,550,
  383,767,1297,1424,1509,1316,1128,1210,1262,1387,1580,1518,1435,1306,1003,969,
  864,704,858,965,1051,1116,772,145,-253,-536,-230,551,1092,1309,885,-15,
  -793,-1154,-1008,-402,86,364,339,-160,-626,-1062,-1396,-1343,-1162,-632,84,521,
  586,277,-424,-1027,-1180,-821,54,972,1369,1183,275,-857,-1579,-1820,-1297,-209,
  597,932,589,-561,-1663,-2298,-2177,-1091,218,1152,1388,702,-488,-1449,-1851,-1453,
  -430,681,1537,1558,717,-486,-1440,-1646,-941,224,1270,1727,1435,682,-59,-477,
  -448,112,948,1705,2200,2043,1398,574,-75,-144,350,1185,1898,2052,1553,837,
  216,-139,-23,371,801,1247,1510,1419,1029,294,-444,-666,-430,346,1236,1528,
  1116,139,-923,-1600,-1646,-1027,-99,653,956,560,-322,-1359,-2078,-2033,-1398,-287,
  846,1321,1035,90,-1292,-2261,-2385,-1685,-167,1223,1829,1504,190,-1368,-2226,-2194,
  -1171,442,1614,2107,1717,439,-750,-1502,-1645,-820,247,1214,1764,1392,420,-698,
  -1794,-2153,-1646,-788,278,1006,925,274,-804,-1988,-2500,-2293,-1524,-130,948,1260,
  976,-365,-1826,-2614,-2904,-1819,-137,975,1746,1272,-359,-1619,-2708,-3024,-1772,-477,
  706,1891,1526,493,-428,-2004,-2360,-1645,-948,828,1990,1819,1613,174,-1487,-1893,
  -2215,-1604,-20,694,1188,1281,-127,-1121,-2048,-2768,-1994,-970,326,1505,1433,855,
  -93,-1275,-1366,-857,-58,1346,1782,1788,1536,421,-282,-621,-668,48,869,1374,
  1789,1461,657,60,-441,-48,926,1632,2658,2444,1706,1274,122,129,822,1102,
  2255,2362,1716,1352,-137,-863,-568,-531,826,1954,1747,1668,474,-1072,-1495,-1542,
  -745,818,1772,1757,1115,-478,-2172,-2716,-2563,-1400,308,1297,1453,479,-1222,-2447,
  -2852,-2137,-704,655,1479,1302,526,-680,-1810,-2187,-2179,-1430,19,1057,1696,1222,
  -327,-1812,-2839,-2637,-1006,906,2470,2895,2003,380,-1326,-2269,-1851,-460,1427,3000,
  3184,2198,504,-1349,-2283,-1889,-687,1208,2868,3359,2737,1001,-891,-1871,-1565,-39,
  2039,3483,3619,2623,833,-646,-1149,-752,253,1357,2055,2091,1593,654,-421,-1127,
  -1404,-937,233,1218,1721,1503,426,-583,-1133,-1164,-431,283,733,892,551,91,
  -327,-787,-1011,-1081,-1151,-874,-524,-257,-223,-618,-1124,-1571,-1718,-1510,-966,-442,
  -69,62,-70,-363,-713,-1001,-1102,-898,-351,191,415,420,-335,-1302,-1869,-2016,
  -1398,-548,-70,38,-317,-966,-1373,-1613,-1511,-1000,-561,-14,442,490,294,-200,
  -991,-1464,-1346,-829,234,1055,1231,828,-92,-1011,-1306,-933,-96,913,1573,1753,
  1345,531,-187,-573,-360,273,1103,1750,1736,1130,138,-709,-977,-535,455,1453,
  1924,1694,798,-269,-853,-573,335,1451,2182,2102,1303,288,-571,-922,-708,-193,
  482,1012,1179,863,28,-1022,-1872,-1961,-1211,27,1161,1636,1103,-135,-1435,-2169,
  -1856,-781,477,1300,1269,560,-384,-1199,-1465,-1245,-713,72,687,1051,1063,517,
  -90,-537,-612,-217,436,1091,1501,1406,974,537,66,-165,-106,-35,180,456,
  557,584,402,-69,-456,-813,-972,-573,-111,335,637,464,35,-537,-1015,-1005,
  -683,-187,325,376,105,-264,-607,-775,-804,-745,-575,-321,28,403,467,269,
  -139,-582,-688,-468,-30,488,854,916,812,413,-142,-596,-813,-536,137,813,
  1230,1060,339,-474,-1042,-1055,-572,86,634,776,505,48,-458,-806,-849,-617,
  -156,282,472,358,-47,-475,-650,-553,-197,192,366,286,11,-261,-359,-199,
  118,450,539,371,58,-303,-384,-171,225,669,867,738,432,13,-302,-281,
  -10,452,901,1046,914,548,76,-213,-214,71,542,882,943,767,393,26,
  -134,-92,52,221,333,414,357,171,-47,-351,-523,-530,-368,-104,76,136,
  1,-267,-565,-670,-597,-268,132,389,468,314,-16,-355,-463,-307,82,496,
  732,667,329,-121,-499,-582,-311,116,528,707,502,111,-348,-679,-672,-392,
  -9,274,366,234,-147,-538,-810,-860,-731,-455,-163,-12,-40,-265,-515,-684,
  -724,-613,-437,-201,-67,-33,-44,-103,-179,-220,-213,-196,-67,24,33,61,
  -14,-69,-49,-48,33,12,-50,-117,-229,-229,-200,-136,-33,43,65,31,
  -114,-299,-385,-393,-307,-57,195,315,301,75,-309,-544,-601,-402,30,402,
  675,600,221,-200,-564,-508,-190,225,585,726,579,237,-112,-382,-396,-207,
  100,434,563,503,276,-86,-296,-319,-147,111,355,453,421,248,27,-95,
  -186,-121,27,164,318,341,303,163,-57,-145,-164,-65,74,193,249,217,
  93,-19,-142,-225,-209,-170,-24,104,201,195,60,-180,-403,-439,-306,-24,
  208,290,218,-18,-231,-305,-234,13,259,321,333,238,112,75,57,131,
  248,263,281,276,129,72,24,-1,65,108,92,72,-62,-169,-103,-54,
  91,161,124,94,49,51,148,244,305,347,287,272,290,364,457,446,
  340,136,-43,-106,48,277,432,412,120,-283,-563,-573,-311,11,271,321,
  121,-139,-359,-547,-554,-419,-218,74,220,126,-195,-698,-1039,-1055,-743,-286,
  -3,-34,-321,-730,-945,-852,-553,-86,182,155,-67,-359,-456,-293,-57,197,
  293,188,81,-17,-33,11,-13,63,193,332,456,528,424,220,40,-25,
  170,394,566,566,297,75,-40,-166,-154,-122,-179,-101,-50,-14,58,-151,
  -344,-377,-333,-90,186,301,264,149,46,39,84,211,351,365,232,102,
  -15,-68,80,254,365,373,276,106,-39,-102,-60,110,332,576,678,627,
  338,-67,-359,-461,-299,27,350,517,444,127,-296,-689,-882,-786,-391,89,
  478,624,379,-138,-689,-1038,-977,-564,-30,344,289,-151,-732,-1224,-1346,-1048,
  -549,-120,-4,-206,-528,-784,-739,-461,-99,184,291,248,128,46,-12,33,
  156,296,422,448,317,61,-144,-206,-78,130,261,271,150,-79,-271,-301,
  -210,-72,40,65,40,-69,-225,-318,-372,-387,-250,-68,71,109,11,-160,
  -308,-314,-207,31,296,523,664,557,336,35,-146,-79,252,656,970,1062,
  824,382,-100,-345,-308,24,498,885,1034,879,418,-173,-564,-621,-311,251,
  759,993,879,360,-245,-644,-726,-466,12,501,743,653,359,-50,-347,-457,
  -338,-72,213,461,536,506,374,153,-73,-208,-185,-69,139,329,428,416,
  251,32,-195,-334,-448,-450,-296,-113,86,179,85,-155,-486,-684,-728,-548,
  -222,15,201,186,48,-130,-342,-456,-439,-305,-109,66,183,152,-18,-210,
  -420,-528,-407,-255,-92,51,53,14,-111,-228,-293,-286,-136,-35,100,190,
  225,211,108,39,-29,39,145,233,296,289,234,135,35,25,20,50,
  93,156,158,128,70,-9,-31,-38,39,76,65,50,4,-6,-46,-50,
  -28,-81,-104,-152,-127,-66,0,65,42,-23,-86,-124,-104,11,102,217,
  214,141,44,-72,-82,-58,25,115,173,190,136,1,-156,-210,-169,-73,
  26,118,111,20,-109,-196,-180,-128,-28,45,53,-4,-55,-108,-98,-53,
  7,47,22,-7,-68,-57,-16,59,88,141,154,117,80,17,69,135,
  216,276,282,236,163,64,38,84,114,180,167,122,39,-38,-53,-53,
  -25,13,4,-49,-81,-95,-111,-91,-82,-79,-106,-133,-169,-220,-221,-201,
  -173,-136,-163,-197,-232,-256,-236,-206,-154,-118,-101,-98,-113,-123,-140,-147,
  -116,-122,-125,-101,-110,-141,-164,-180,-192,-190,-178,-166,-140,-165,-153,-143,
  -137,-133,-104,-44,-12,18,37,23,3,11,25,79,130,154,126,66,
  31,-35,-37,-5,52,132,187,214,157,93,33,53,128,250,371,452,
  431,342,244,194,207,263,341,411,459,405,311,196,138,151,217,306,
  334,324,244,202,154,120,150,182,182,175,145,113,81,53,27,13,
  -21,-57,-70,-70,-69,-24,-21,-35,-37,-77,-83,-95,-86,-22,37,55,
  39,11,-47,-121,-150,-117,-57,-43,-34,-55,-163,-198,-257,-235,-178,-106,
  -67,-48,-49,-106,-143,-169,-158,-156,-104,-48,-31,-5,-19,-97,-189,-199,
  -199,-175,-91,-19,7,-13,-20,-50,-62,-70,-25,10,81,143,174,182,
  119,35,-21,-55,-47,32,90,125,141,81,3,-48,-61,-32,27,70,
  105,102,101,94,84,51,15,-3,-19,-22,12,46,67,61,2,-47,
  -117,-161,-144,-70,24,101,120,89,1,-66,-104,-124,-45,65,144,183,
  138,-5,-130,-190,-157,-71,40,92,63,11,-69,-129,-128,-94,-8,21,
  35,39,-11,-59,-72,-68,-23,19,30,5,-58,-151,-218,-188,-97,-18,
  39,21,-52,-165,-256,-272,-189,-50,79,152,150,22,-136,-205,-187,-28,
  174,303,328,245,81,-70,-117,-48,49,187,280,235,140,15,-150,-228,
  -227,-136,13,115,151,28,-115,-279,-410,-384,-284,-96,11,38,-70,-228,
  -340,-423,-414,-341,-221,-84,-16,16,-20,-140,-290,-379,-355,-250,-58,70,
  135,59,-75,-187,-293,-289,-216,-76,54,95,130,68,-18,-107,-171,-134,
  -79,41,136,174,164,129,41,2,-38,-35,16,27,81,82,99,107,
  77,43,-12,-32,3,79,126,179,246,292,285,276,284,285,296,291,
  337,371,394,412,406,352,287,217,147,132,141,218,266,314,286,220,
  143,92,61,74,193,283,374,334,252,167,72,37,46,94,154,170,
  107,60,-48,-124,-157,-156,-100,-68,-33,-40,-97,-136,-148,-153,-133,-72,
  -48,-48,-73,-109,-133,-133,-85,-65,-66,-80,-130,-153,-164,-166,-121,-93,
  -68,-85,-125,-162,-185,-168,-129,-88,-65,-100,-130,-174,-248,-267,-247,-230,
  -209,-196,-203,-235,-256,-272,-230,-190,-152,-87,-53,-39,-58,-39,-26,-9,
  24,57,57,60,43,29,42,58,75,45,42,24,4,43,71,122,
  136,152,119,85,61,75,121,163,193,212,208,163,111,70,66,73,
  91,97,135,150,127,84,25,13,18,83,128,170,162,143,142,89,
  54,55,53,63,79,86,79,54,10,-22,-43,-63,-55,-16,6,35,
  56,4,-22,-59,-62,-36,-44,-48,-51,-76,-111,-111,-82,-82,-118,-159,
  -180,-201,-224,-155,-142,-102,-82,-110,-121,-150,-156,-174,-124,-100,-72,-73,
  -77,-124,-180,-189,-202,-185,-119,-77,-97,-113,-103,-146,-146,-119,-71,-66,
  -45,-37,-27,-33,-17,1,5,27,14,16,13,0,14,46,50,62,
  68,27,25,29,25,31,42,39,47,40,37,25,12,12,21,33,
  29,39,49,38,22,18,9,32,33,49,61,36,10,2,12,29,
  33,19,-9,-37,-5,-6,-8,-6,-27,-53,-38,-47,-54,-46,-32,-28,
  -23,-19,-49,-67,-49,-56,-34,-38,-15,4,-33,-30,-34,-48,-27,-19,
  -3,10,5,-5,-3,10,-1,5,34,51,61,48,63,87,99,104,
  97,128,102,106,133,167,165,168,171,142,138,135,115,141,158,145,
  139,157,135,90,86,90,115,132,158,145,139,122,92,66,78,103,
  123,169,146,126,99,74,64,64,76,83,114,91,74,47,10,-2,
  6,17,1,26,23,8,-1,-22,-26,-47,-50,-16,-37,-35,-34,-35,
  -41,-60,-57,-57,-64,-89,-75,-76,-102,-57,-49,-56,-50,-63,-79,-71,
  -52,-40,-29,-28,-43,-41,-53,-63,-57,-41,-48,-53,-24,-41,-30,-40,
  -55,-53,-69,-67,-54,-16,-45,-27,-30,-60,-73,-71,-36,-28,-55,-31,
  -39,-31,-45,-64,-34,-58,-76,-55,-46,-2,-51,-61,-50,-76,-57,-72,
  -62,-56,-36,-22,-35,-31,-58,-60,-58,-68,-66,-54,-50,-43,-63,-70,
  -72,-95,-92,-99,-91,-54,-64,-72,-72,-66,-93,-97,-76,-88,-47,-2,
  -15,5,-17,-32,-13,-9,-19,-10,18,32,71,78,64,50,28,32,
  40,46,82,104,121,113,68,61,50,33,37,67,96,103,94,65,
  37,0,-15,3,30,65,60,59,42,22,5,9,19,17,24,41,
  42,34,15,13,8,1,-13,-9,-7,-11,-6,-11,-17,-21,-29,-59,
  -81,-69,-70,-66,-41,-26,-43,-69,-75,-104,-127,-88,-57,-36,-32,-21,
  -20,-59,-75,-100,-87,-46,9,14,12,-13,-41,-82,-95,-76,-26,0,
  11,6,-14,-20,-27,-22,11,30,37,49,29,30,48,62,82,69,
  58,38,21,9,45,91,106,106,105,99,74,52,69,67,98,136,
  132,140,109,74,27,34,19,26,42,48,30,0,-4,-27,-32,-7,
  -4,-21,-1,40,25,44,56,45,11,6,7,9,22,37,55,42,
  47,16,2,-12,-33,-22,-8,-14,-4,4,-18,-6,-7,-32,-39,-35,
  -26,-3,10,17,13,-2,-3,-8,-5,-3,21,38,35,30,36,25,
  33,20,20,29,16,33,62,78,69,43,13,8,26,84,89,87,
  92,72,57,69,53,46,71,88,96,97,90,57,48,62,46,56,
  63,76,87,43,56,49,31,47,48,52,61,49,46,44,40,13,
  15,28,21,12,8,20,31,7,-3,-22,-4,-33,-22,0,-5,-34,
  -45,-43,-64,-53,-48,-65,-46,-52,-78,-72,-58,-80,-104,-80,-75,-69,
  -75,-71,-81,-75,-71,-85,-83,-72,-62,-72,-53,-79,-72,-55,-56,-53,
  -65,-68,-77,-64,-80,-77,-66,-80,-71,-78,-90,-116,-88,-85,-84,-66,
  -68,-65,-76,-78,-57,-88,-79,-61,-58,-51,-54,-36,-35,-45,-55,-42,
  -42,-62,-18,-29,-47,-32,-37,-39,-25,-25,-40,-51,-55,-60,-41,-40,
  -41,-35,-40,-56,-56,-22,-29,-14,-8,-23,-13,-35,-26,-22,-5,-36,
  -14,-8,-31,-15,-3,6,-12,-39,-3,-3,0,-3,-15,8,-23,-29,
  8,8,24,-13,-2,36,5,24,4,9,18,25,35,21,36,26,
  35,39,26,33,44,44,48,41,45,53,36,47,51,61,85,61,
  59,69,66,44,43,60,40,63,73,33,49,42,41,66,43,21,
  19,34,29,47,40,30,39,37,45,43,30,47,46,44,42,26,
  47,43,20,24,36,40,30,29,27,28,24,27,46,41,41,21,
  29,38,40,46,51,46,28,31,38,31,23,19,25,25,19,16,
  28,32,20,23,12,15,20,27,19,30,47,30,15,32,27,18,
  23,52,35,20,43,33,21,29,52,67,33,44,28,45,57,69,
  34,59,63,54,43,43,51,63,41,27,37,33,48,45,31,45,
  39,28,40,37,22,32,21,22,26,28,22,25,13,22,27,-1,
  0,0,12,5,7,-8,-10,8,-10,-16,-22,-14,-17,-20,2,-22,
  -20,-5,-20,-28,-30,-30,-24,-20,-24,-13,-52,-45,-9,-18,-16,-26,
  -38,-38,-16,-29,-23,-2,-35,-39,-33,-41,-44,-46,-25,-42,-44,-42,
  -47,-33,-44,-40,-39,-28,-41,-54,-46,-25,-36,-41,-25,-33,-39,-42,
  -39,-42,-33,-38,-44,-34,-45,-47,-50,-35,-54,-54,-49,-58,-66,-17,
  -37,-44,-17,-39,-74,-64,-52,-31,-32,-43,-52,-38,-48,-43,-42,-34,
  -53,-49,-11,-33,-43,-45,-56,-21,-36,-59,-34,-41,-41,-32,-36,-29,
  -48,-73,-30,-21,-17,-13,-47,-51,-50,-54,-14,-34,-41,-46,-57,-62,
  -42,-45,-43,-23,-35,-35,-51,-34,-40,-59,-33,-25,-21,-22,-22,-22,
  -31,-37,-16,-24,-21,-20,-22,-12,-13,-7,-14,-39,-18,4,2,-9,
  -11,-24,-33,-18,-10,-12,-19,-7,-24,-22,13,-22,-17,6,1,6,
  4,-16,-7,13,1,0,4,7,6,7,7,8,4,3,20,7,
  -9,-3,8,-8,-5,-5,-21,-24,-7,-4,-9,-9,-11,11,0,-8,
  -14,-4,-13,-3,0,-8,-3,-23,-13,-6,-11,-16,-15,-9,-34,-22,
  -20,-32,-9,-16,-8,-2,-11,-12,-9,-8,-9,3,-9,-6,-8,2,
  20,2,-11,7,-3,9,8,9,27,2,0,12,18,30,3,21,
  26,33,41,17,33,33,42,39,40,46,38,49,50,47,46,50,
  60,61,51,62,59,59,57,49,70,85,66,73,92,95,70,78,
  78,64,93,90,72,82,61,79,95,86,60,58,52,50,65,51,
  46,46,42,52,39,33,43,39,46,33,24,47,35,19,15,26,
  24,19,15,10,8,-7,-3,7,11,8,-13,-6,-11,-5,-3,13,
  5,-5,-2,5,-1,-7,-15,-8,-14,-20,-30,-12,-19,-17,-23,-31,
  -38,-33,-37,-48,-35,-15,-38,-39,-32,-38,-59,-46,-24,-45,-49,-28,
  -49,-57,-69,-28,-33,-37,-43,-56,-53,-26,-30,-51,-22,-22,-19,-32,
  -31,-19,0,-23,-23,-30,-29,-11,-20,-23,-7,-17,-19,-3,-11,-12,
  -6,-17,-13,-11,-7,-6,-1,-15,12,7,-4,-11,-8,0,1,9,
  -13,0,10,2,-3,-10,0,-18,-3,9,-13,2,11,5,0,-3,
  -7,2,-1,15,19,-26,-7,6,12,21,16,0,5,21,1,31,
  45,24,32,32,31,18,26,43,26,37,23,32,34,31,30,38,
  52,39,23,33,50,35,42,55,53,51,49,50,48,62,49,59,
  60,60,48,58,64,50,51,57,24,29,65,37,54,83,61,34,
  27,31,50,53,41,39,45,32,37,38,47,9,32,53,40,42,
  23,19,55,23,21,30,21,23,28,27,48,5,-9,12,15,40,
  46,18,24,-5,6,32,21,25,17,0,-8,3,-16,-1,6,7,
  1,-12,10,-17,-27,-18,-13,-8,-6,-4,0,-19,-17,-7,-16,-10,
  -18,-15,-10,-9,7,-9,-35,-19,0,2,1,6,-13,-23,-16,-9,
  -16,-15,-6,-42,-19,-4,-43,-29,-22,-22,-7,-14,-40,-25,-17,-28,
  -26,-23,-22,-20,-19,-18,-15,-27,-17,0,-10,-24,-12,-5,-19,-4,
  -11,-32,-44,-24,-32,-31,-42,-33,-17,-18,-30,-32,-25,-38,-22,-33,
  -21,-27,-43,-28,-26,-23,-36,-23,-28,-44,-25,-45,-46,-38,-51,-37,
  -35,-36,-33,-44,-45,-28,-37,-38,-33,-45,-34,-17,-28,-30,-23,-47,
  -32,-37,-39,-21,-32,-33,-28,-40,-24,-30,-41,-41,-12,-29,-49,-19,
  -16,-16,-16,-14,-11,-18,-29,-13,-6,-29,-19,1,-11,-5,-40,-18,
  7,-19,-8,6,14,-32,-25,10,13,4,-12,16,11,-3,25,10,
  -5,4,-7,19,35,25,10,15,16,37,16,18,23,28,20,23,
  27,33,28,11,4,8,-22,0,-13,-11,-4,0,3,11,-10,10,
  -12,-22,-9,-4,4,-5,-2,13,21,11,15,25,8,11,23,14,
  32,30,9,18,5,-1,9,5,9,17,9,16,0,5,6,0,
  1,-17,-7,-9,-14,-17,-26,5,-6,-22,3,-26,-21,-12,-2,-33,
  -24,15,-16,-18,-8,-17,-1,4,-2,-12,-4,-24,0,14,-23,-18,
  -24,-17,-25,-11,-13,-50,-40,-8,-7,-6,-30,-31,-23,-34,-20,-16,
  -31,-20,-16,-29,-29,-25,-37,-24,-31,-46,-44,-44,-31,-40,-70,-38,
  -18,-49,-39,-48,-63,-50,-49,-52,-53,-57,-47,-49,-54,-45,-48,-50,
  -49,-63,-68,-47,-48,-55,-56,-66,-34,-36,-47,-50,-53,-56,-60,-53,
  -36,-32,-40,-32,-55,-59,-50,-41,-42,-47,-55,-43,-19,-40,-51,-31,
  -26,-50,-55,-35,-33,-37,-35,-41,-31,-30,-33,-35,-24,-22,-21,-16,
  -23,-19,-12,0,1,13,18,2,2,14,18,45,47,45,45,49,
  55,68,61,69,59,77,95,75,85,82,87,106,89,93,103,99,
  103,114,109,117,106,101,136,128,129,128,96,108,109,116,136,110,
  112,99,95,98,118,109,114,120,107,102,93,109,92,84,105,103,
  102,95,90,85,72,71,84,70,70,64,64,63,58,57,40,24,
  50,57,40,23,19,2,2,15,15,4,0,6,-16,0,16,-27,
  -5,5,-6,-4,-16,-35,-14,-7,-25,-22,-18,-21,-23,-26,-28,-29,
  -35,-30,-22,-45,-52,-40,-35,-57,-45,-54,-67,-60,-34,-41,-44,-40,
  -33,-21,-37,-45,-45,-32,-43,-29,-35,-35,-34,-49,-25,-29,-33,-42,
  -34,-34,-49,-28,-40,-40,-22,-33,-20,-19,-28,-27,-32,-29,-15,-27,
  -32,-22,-31,-20,-13,-31,-38,-27,-43,-26,-20,-29,-12,-26,-29,-19,
  -27,-15,-17,-26,-12,2,-11,-28,11,3,-6,-8,-7,-8,-10,-14,
  4,5,-11,0,21,-4,1,-9,13,39,1,15,25,16,-9,11,
  55,28,18,10,38,30,14,37,27,9,40,33,55,53,32,19,
  39,39,50,28,31,43,42,33,37,40,37,26,20,21,40,24,
  53,54,52,68,63,61,60,44,56,51,42,74,67,71,56,61,
  68,62,43,44,46,30,32,45,28,33,24,1,15,13,9,26,
  19,19,22,9,11,3,5,14,0,8,-1,13,16,10,15,15,
  34,22,-2,30,3,11,26,21,4,12,44,0,-2,18,4,13,
  8,-8,-15,-7,-14,-5,2,-44,-26,-19,-16,-19,-16,-18,-42,-16,
  11,-12,-27,-40,-34,-16,-27,-18,-17,-34,-25,-23,-38,-35,-28,-37,
  -28,-31,-44,-28,-25,-19,-28,-42,-11,0,-45,-32,-29,-38,-18,-17,
  -25,-23,-24,-16,-20,-27,-20,-24,-31,-29,-33,-27,-7,-14,-31,-22,
  -25,-2,-14,-36,-30,-31,-24,-24,-13,-8,-14,-36,-31,-44,-39,-14,
  -15,-22,-29,-23,-14,-5,-40,-42,-14,-22,-45,-35,-7,-15,-30,-25,
  -26,-15,-20,-24,-23,-15,-17,-20,-19,-34,-18,-13,-19,-5,-7,-25,
  -27,-20,-17,-25,-2,-10,-30,-36,-42,-28,-28,-52,-46,-39,-43,-33,
  -47,-36,-43,-50,-46,-51,-38,-58,-45,-41,-32,-34,-39,-26,-58,-55,
  -50,-54,-24,-45,-37,-17,-39,-32,-30,-15,-37,-20,1,2,1,-20,
  -4,8,-8,4,2,-7,-18,-18,3,4,4,-2,-1,-13,-12,-8,
  6,-22,-17,-8,-35,3,11,0,-9,-17,-8,-17,-24,-10,-2,-2,
  3,-4,-7,10,8,0,-9,-5,-17,-7,15,3,5,16,2,0,
  0,3,9,8,6,7,-26,8,11,-10,-20,-30,-31,-30,-10,-26,
  -45,-23,-27,-23,-10,-25,-27,-27,-22,-19,-17,-40,-18,14,-11,-13,
  16,15,20,6,19,6,-2,8,32,36,46,64,50,36,28,31,
  32,52,6,26,48,56,38,45,58,49,24,15,24,49,50,55,
  42,57,49,56,41,23,59,36,49,59,67,85,90,87,87,78,
  84,84,92,86,54,71,76,96,69,61,49,39,61,37,31,23,
  22,18,17,14,-4,-14,-27,-1,-21,-23,-25,-31,-25,-21,-35,-29,
  -33,-48,-33,-35,-55,-33,-33,-37,-27,-47,-29,-23,-46,-31,-33,-37,
  -22,-26,-24,-21,-23,-21,-16,-14,-27,-32,-50,-47,-40,-45,-65,-67,
  -49,-59,-77,-68,-48,-50,-65,-68,-66,-65,-52,-46,-36,-48,-63,-57,
  -47,-69,-63,-40,-45,-22,-35,-29,-11,-31,-20,-17,-20,-4,6,20,
  9,4,21,26,30,17,13,16,17,26,21,21,37,12,32,27,
  12,11,16,22,-8,14,27,11,19,10,4,16,16,8,7,-4,
  -17,23,14,5,3,5,1,1,24,10,-20,-4,9,23,24,3,
  10,1,-7,4,-4,-8,3,3,-4,8,1,0,16,5,2,-2,
  3,24,4,-15,29,29,24,40,25,21,30,30,33,28,29,38,
  31,34,43,43,49,48,28,30,50,44,48,26,28,53,47,48,
  40,38,26,17,17,39,36,49,53,27,25,31,40,36,28,13,
  44,56,27,30,55,53,24,27,44,42,45,36,38,44,44,37,
  36,40,37,53,42,33,40,26,22,39,43,37,28,36,9,5,
  20,21,25,7,-3,15,10,-2,0,-14,-1,-10,-7,4,1,10,
  -1,20,13,8,1,-1,6,-11,15,19,12,22,-7,9,11,-11,
  14,15,20,9,36,33,13,14,14,39,32,14,30,19,15,23,
  33,38,16,12,9,15,14,25,27,25,8,33,37,21,54,21,
  5,15,24,36,29,37,49,39,31,31,24,28,34,13,8,9,
  17,10,18,10,-18,-14,-16,-33,-24,-22,-24,-30,-40,-47,-50,-62,
  -33,-68,-90,-77,-76,-70,-73,-76,-101,-94,-72,-90,-89,-86,-100,-84,
  -77,-73,-73,-74,-76,-48,-57,-94,-72,-58,-85,-83,-88,-70,-76,-63,
  -44,-47,-64,-69,-74,-96,-86,-74,-61,-65,-60,-86,-39,-44,-65,-73,
  -51,-47,-57,-46,-14,7,11,-6,-5,-7,10,1,9,9,21,55,
  25,52,54,51,53,42,41,48,51,62,59,57,46,38,69,49,
  36,2,11,14,13,21,-12,0,-1,-1,-4,-8,-13,-23,-8,-4,
  10,-20,-5,0,-4,5,2,-1,12,11,14,34,22,23,45,27,
  17,21,6,32,14,0,26,17,19,30,14,20,22,18,20,18,
  11,2,3,4,13,2,-16,-29,-14,-10,-41,-31,-4,-7,-23,-33,
  -6,7,17,27,9,2,-7,9,32,35,20,42,55,13,23,10,
  29,34,11,45,44,50,65,60,47,27,57,68,56,36,40,60,
  66,78,74,53,27,23,32,42,18,27,22,23,43,20,17,32,
  19,2,-1,-1,10,3,28,26,28,64,47,20,8,-2,-8,-29,
  -13,-29,-23,-25,-18,-32,-44,-54,-82,-68,-76,-80,-71,-49,-29,-51,
  -47,-45,-45,-114,-108,-82,-94,-95,-95,-68,-64,-57,-103,-79,-89,-104,
  -105,-98,-113,-99,-59,-59,-36,-58,-79,-68,-69,-75,-83,-70,-86,-65,
  -30,-23,-47,-49,-68,-75,-65,-94,-72,-98,-116,-64,-71,-58,-71,-73,
  -60,-84,-80,-52,-23,-40,-26,-3,2,-4,-2,-5,15,4,-2,4,
  20,-6,20,30,9,16,27,14,2,15,23,32,26,11,18,41,
  48,53,40,36,16,15,38,37,29,32,11,39,24,0,-13,-7,
  22,-14,2,9,5,21,14,19,24,41,17,29,36,9,15,31,
  32,28,34,48,36,29,23,17,38,38,21,35,35,50,41,51,
  57,70,71,70,90,81,101,117,117,133,124,130,104,102,90,98,
  107,102,109,104,72,87,62,49,49,45,39,36,38,33,29,23,
  8,2,-17,-20,-34,-32,-25,-57,-58,-76,-61,-65,-61,-63,-102,-91,
  -102,-84,-67,-75,-53,-57,-55,-59,-84,-84,-61,-56,-66,-47,-43,-52,
  -60,-61,-69,-86,-78,-58,-82,-73,-71,-59,-47,-40,-34,-27,-31,-10,
  -2,-21,-3,8,-3,3,-5,4,4,0,6,-4,-25,-34,-41,-69,
  -70,-57,-50,-54,-45,-67,-38,-37,-56,-71,-62,-56,-67,-70,-49,-38,
  -39,-65,-73,-82,-75,-81,-75,-71,-58,-18,-40,-17,-9,-9,0,-4,
  0,10,22,44,53,58,58,49,84,72,63,34,40,49,49,65,
  37,46,50,49,47,41,38,25,40,46,68,42,54,64,58,67,
  61,50,57,52,47,63,51,45,68,55,44,53,39,68,63,49,
  82,82,88,106,95,99,102,94,94,89,81,69,70,71,84,79,
  65,52,66,77,48,50,79,80,66,51,72,87,94,106,86,73,
  57,64,86,91,77,95,119,79,85,70,80,87,54,78,75,73,
  87,82,70,43,68,81,68,43,37,51,52,61,57,36,5,-7,
  -6,0,-28,-31,-40,-51,-34,-57,-66,-51,-58,-76,-80,-84,-74,-85,
  -66,-68,-75,-39,-48,-75,-85,-93,-92,-110,-88,-96,-86,-79,-66,-68,
  -75,-76,-103,-90,-93,-100,-93,-73,-47,-64,-57,-48,-32,-88,-87,-47,
  -50,-43,-42,-11,-5,7,-40,-23,-28,-45,-48,-41,-52,-45,0,2,
  31,20,-1,12,17,18,13,30,16,31,66,76,50,39,15,-4,
  3,-31,-15,-36,-67,-19,-24,-19,-34,-51,-44,-80,-92,-79,-53,-75,
  -71,-52,-46,-58,-60,-70,-53,-65,-77,-74,-55,-82,-60,-41,-62,-55,
  -42,-50,-64,-50,-39,-22,-19,-28,-19,11,26,39,33,33,17,13,
  40,49,47,60,45,79,79,59,51,54,94,62,75,90,85,105,
  100,107,110,131,110,117,131,105,107,125,128,124,124,136,119,101,
  86,66,75,72,44,51,46,58,45,46,48,51,44,26,35,17,
  22,34,28,42,30,36,10,5,-8,-2,10,7,19,26,-3,17,
  -3,-14,-16,-15,-14,-17,-10,-14,-12,-12,-28,-29,-45,-48,-60,-62,
  -46,-80,-77,-98,-81,-74,-69,-58,-101,-89,-107,-83,-56,-76,-46,-47,
  -40,-36,-77,-78,-68,-44,-44,-25,-15,-39,-54,-60,-49,-76,-96,-35,
  -75,-76,-53,-51,-41,-41,-39,-31,-46,-53,-49,-49,-42,-60,-63,-46,
  -60,-61,-35,-44,-53,-64,-80,-66,-64,-75,-95,-59,-69,-73,-60,-45,
  -62,-78,-78,-106,-129,-118,-88,-97,-68,-76,-69,-86,-94,-93,-122,-121,
  -106,-105,-57,-40,-33,-29,-52,-52,-46,-30,-25,-49,-30,30,39,50,
  93,93,86,73,56,95,110,118,137,152,169,176,185,170,148,144,
  155,145,136,144,153,171,197,187,169,183,159,139,151,175,179,193,
  168,185,194,183,215,194,183,151,144,120,134,121,128,131,137,150,
  136,144,108,97,90,70,76,63,73,64,50,42,17,17,-15,-42,
  -63,-74,-102,-92,-88,-96,-101,-139,-151,-169,-176,-182,-170,-166,-170,-143,
  -133,-126,-151,-157,-150,-177,-186,-185,-202,-173,-186,-195,-177,-190,-208,-228,
  -216,-212,-211,-208,-193,-159,-145,-116,-92,-99,-103,-102,-112,-96,-69,-59,
  -69,-85,-68,-40,-17,-35,-67,-60,-86,-77,-43,-57,-19,18,42,75,
  63,55,55,56,40,74,92,89,113,129,131,137,115,68,45,41,
  23,11,21,38,47,40,48,51,20,5,16,0,9,29,31,56,
  66,55,27,17,-40,-81,-80,-75,-75,-67,-77,-48,-38,-72,-96,-128,
  -165,-166,-195,-163,-124,-101,-78,-62,-77,-92,-118,-161,-197,-212,-208,-213,
  -161,-133,-94,-70,-91,-96,-134,-145,-175,-198,-156,-112,-64,-36,15,35,
  35,21,-24,-31,-46,-37,-6,40,94,124,174,135,121,113,78,74,
  48,45,89,153,162,204,208,183,175,135,88,78,79,88,109,160,
  191,209,194,134,108,15,-34,-61,-68,-46,-9,26,50,43,6,-52,
  -105,-138,-152,-156,-143,-122,-73,-69
};
