// VocalBridge Final_V1 — 'HELP' voice (user's own recording: help_own_v2.wav)
// 24000 Hz, mono, 16-bit PCM, 35466 samples (1.48 s). Do not edit by hand.
// Regenerate: python3 make_word_header.py help_own_v2.wav HELP
#pragma once
#include <Arduino.h>

#define HELP_VOICE_VERSION "Final_V1 - HELP - own voice x2"

static const uint32_t HELP_SAMPLE_RATE = 24000;
static const uint32_t HELP_NUM_SAMPLES = 35466;
static const int16_t HELP_PCM[] = {
  730,620,360,164,16,-19,69,140,166,213,235,142,12,-118,-140,-62,
  28,73,0,-120,-169,-80,-42,-32,57,-2,-83,-50,-94,-131,-41,-32,
  -21,-30,-129,-185,-153,-196,-247,-193,-200,-183,-105,-126,-139,-101,-46,-52,
  -146,-259,-349,-329,-296,-253,-145,-42,16,-7,-59,-157,-201,-100,-9,7,
  -16,-39,-48,-85,-125,-79,-12,51,131,101,-53,-146,-148,-75,-84,-143,
  -77,12,92,178,160,27,-27,108,176,143,129,65,-7,-45,-62,12,
  153,314,507,494,177,-21,-1,96,113,114,115,19,-81,-76,-85,-46,
  99,242,266,131,-22,-123,-142,-190,-252,-194,-146,-57,30,63,-1,-87,
  -87,-91,-96,-110,-103,-51,-36,-23,-62,-123,-98,-12,100,183,181,129,
  124,37,-72,-73,-63,27,211,317,339,304,180,101,111,183,252,289,
  261,187,112,85,142,224,322,337,344,329,264,309,321,262,197,90,
  19,16,73,206,292,359,366,232,81,-49,-150,-130,-66,-56,-58,-35,
  5,19,7,-12,-115,-250,-326,-346,-374,-332,-271,-223,-167,-172,-219,-266,
  -318,-243,-92,-42,-65,-153,-271,-320,-325,-255,-125,-40,28,82,62,-36,
  -96,-126,-154,-174,-186,-180,-137,-102,-83,-62,-129,-176,-148,-165,-215,-215,
  -134,-87,-120,-182,-276,-354,-242,-135,-132,-199,-276,-240,-128,-68,-22,-52,
  -107,-89,-138,-210,-275,-216,-68,64,188,202,186,198,153,124,109,52,
  109,189,228,269,318,308,259,197,198,253,289,344,346,290,179,76,
  53,61,94,181,251,271,245,164,51,-22,-56,-14,71,65,43,0,
  -86,-86,-61,-35,31,0,-35,-37,-78,-117,-171,-196,-192,-167,-78,16,
  40,53,4,-78,-119,-145,-123,-83,-35,30,35,-75,-148,-98,-36,87,
  130,58,-13,-62,-51,-27,-36,5,72,46,40,40,39,78,82,139,
  141,72,114,180,189,181,137,64,31,134,242,267,278,281,285,220,
  105,49,98,171,265,332,318,242,195,208,174,41,-28,-25,-51,14,
  118,157,138,91,42,-85,-216,-255,-247,-244,-244,-236,-215,-204,-198,-192,
  -185,-180,-209,-293,-396,-491,-496,-464,-381,-286,-212,-137,-105,-99,-175,-317,
  -422,-427,-399,-324,-205,-127,-103,-66,13,36,29,37,19,-16,-18,-44,
  -74,-77,-27,111,199,194,200,209,136,90,-11,-90,-141,-143,-21,93,
  184,240,298,286,246,170,83,63,49,55,90,104,129,233,370,416,
  344,226,119,65,57,63,7,-43,10,55,100,122,128,206,210,133,
  35,-147,-267,-193,-93,-97,-57,-29,-29,62,147,72,-99,-274,-391,-419,
  -376,-238,-69,43,72,33,-122,-244,-238,-227,-184,-187,-204,-225,-180,-50,
  -7,-36,-67,-55,-47,10,89,113,97,77,36,7,-29,5,185,291,
  355,291,169,84,70,132,173,140,113,116,137,172,214,218,195,203,
  200,152,79,76,125,115,109,90,88,139,199,263,252,171,92,15,
  -32,-64,-49,-35,21,140,228,260,246,159,76,-3,-113,-182,-175,-106,
  -4,102,172,204,180,108,-21,-149,-187,-186,-205,-187,-113,-46,-6,53,
  61,-16,-92,-140,-181,-192,-262,-287,-241,-206,-126,-93,-135,-172,-154,-131,
  -161,-247,-251,-231,-209,-191,-182,-226,-223,-158,-132,-160,-196,-156,-123,-135,
  -102,-138,-219,-198,-128,-87,-54,-32,9,68,49,-53,-139,-139,-87,1,
  79,66,45,50,30,2,0,15,70,103,95,46,-4,-6,10,19,
  52,35,-12,5,35,83,115,72,63,44,-5,2,7,17,43,66,
  85,103,133,132,145,166,111,62,35,-32,-58,-6,14,65,132,132,
  87,20,-45,-72,-63,12,109,159,142,42,-56,-147,-181,-103,35,123,
  171,150,30,-109,-165,-187,-121,9,55,77,135,149,116,95,37,-66,
  -108,-50,25,106,156,178,123,-11,-96,-96,-66,21,143,160,52,-61,
  -116,-130,-123,-73,31,97,123,48,-42,-79,-71,-35,-2,41,86,212,
  378,364,244,59,-48,-21,11,51,77,188,599,1237,1488,964,336,89,
  63,111,-7,-184,-237,-4,247,122,-191,-301,-101,-9,-290,-741,-1003,-1053,
  -1040,-860,-804,-841,-572,-147,20,-86,-427,-755,-879,-744,-492,-303,-85,285,
  612,682,443,151,156,320,375,304,186,248,517,673,678,592,488,378,
  204,35,-72,-33,95,152,69,3,-44,-126,-131,-164,-243,-242,-360,-448,
  -359,-291,-201,-123,-80,-3,62,19,-93,-198,-225,-97,61,234,400,455,
  428,292,101,-46,-107,-46,23,138,273,319,246,119,-62,-237,-498,-602,
  -492,-313,-329,-181,-159,-398,-243,-255,-554,-459,-479,-553,-252,-136,-158,31,
  28,-60,-102,-156,-43,83,190,398,348,272,400,400,362,389,422,459,
  458,376,367,349,312,429,458,327,283,251,127,20,-27,6,62,35,
  27,25,-67,-79,-89,-155,-134,-155,-207,-221,-176,-147,-133,-89,-57,-91,
  -42,-4,-69,-101,-108,-150,-164,-140,-53,94,158,139,108,74,-61,-113,
  -71,-76,3,97,165,233,152,120,173,106,64,109,64,87,157,137,
  204,202,86,150,134,-48,-31,26,15,88,79,25,-41,-121,-88,-38,
  -72,-62,-55,-21,11,-38,-89,-23,7,-17,49,14,-57,-23,-11,-70,
  -55,-35,-42,14,48,52,78,104,78,-1,-89,-202,-273,-179,-64,-32,
  -32,12,81,40,-166,-321,-394,-455,-385,-238,-263,-242,-53,62,-28,-130,
  -124,-105,-145,-207,-208,-196,-97,54,204,273,195,140,73,-136,-222,-84,
  24,86,237,363,324,252,236,154,15,-40,13,50,60,103,163,194,
  180,157,29,-176,-253,-178,-147,-210,-215,-80,36,35,39,-47,-192,-231,
  -199,-214,-297,-285,-126,-101,-89,49,84,-46,-108,-144,-201,-202,-128,7,
  91,69,71,30,-101,-133,-108,-141,-36,100,170,212,136,56,26,-42,
  -15,16,-7,59,153,116,57,46,57,86,142,180,199,215,172,92,
  12,31,110,155,221,241,237,207,102,26,47,87,76,52,-3,-89,
  -110,-139,-124,-44,48,118,84,-30,-121,-148,-164,-181,-147,-53,52,94,
  129,164,98,-6,-45,-93,-177,-162,-92,-85,35,193,167,77,-23,-169,
  -265,-272,-317,-272,-107,-37,21,65,-7,-135,-174,-203,-225,-158,-103,-89,
  -32,76,106,120,189,246,268,265,199,44,-2,18,105,294,507,629,
  614,472,248,5,-103,-35,56,185,354,491,484,315,137,-57,-235,-250,
  -183,-175,-56,128,180,198,194,28,-109,-257,-354,-319,-323,-224,-22,129,
  225,222,67,-141,-326,-363,-373,-330,-168,21,194,269,194,9,-133,-230,
  -336,-405,-319,-155,22,158,129,5,-86,-186,-340,-407,-413,-308,-111,28,
  51,20,-93,-166,-175,-237,-214,-161,-141,12,65,44,75,73,64,45,
  -31,-55,-89,-65,49,170,200,210,273,250,129,52,-30,-126,-123,83,
  156,89,166,200,127,108,47,-91,-180,-149,-99,-104,-18,160,230,217,
  92,-53,-230,-376,-339,-142,0,189,433,380,187,66,-79,-299,-333,-205,
  -118,51,377,506,395,316,218,6,-164,-190,-210,-148,81,271,323,373,
  377,223,17,-151,-295,-250,-94,12,116,176,147,109,93,-26,-224,-204,
  -72,-13,78,155,157,192,247,193,17,-98,-65,63,218,268,296,308,
  273,202,45,-99,-189,-124,11,24,35,82,-14,-19,-75,-302,-389,-303,
  -311,-283,-141,-125,-164,-75,-141,-352,-400,-365,-365,-293,-86,55,49,27,
  -71,-148,-107,-104,-82,48,113,129,82,-45,-111,21,168,150,112,121,
  60,9,61,62,-42,10,112,25,-22,18,19,-44,4,87,-16,-80,
  -17,-67,-144,-89,26,0,-4,129,139,9,-15,-51,-144,-93,24,53,
  43,91,167,151,47,-113,-235,-267,-259,-122,13,86,228,322,155,-168,
  -368,-469,-510,-367,-90,103,128,202,161,-107,-260,-264,-353,-363,-198,-5,
  204,296,294,183,-38,-113,-82,-205,-183,52,239,388,395,254,204,123,
  63,23,-140,-139,92,137,197,316,285,215,129,-16,-185,-266,-149,-22,
  51,164,208,109,11,-35,-18,-81,-135,-103,-58,52,87,43,29,24,
  80,119,41,6,7,-86,-96,59,127,209,346,250,74,-9,-96,-94,
  -42,65,212,282,226,104,-46,-116,-38,64,21,5,77,67,-74,-189,
  -169,-118,6,158,118,49,49,23,-92,-91,-59,-105,-56,-38,-130,-26,
  99,49,139,201,151,174,120,-12,-69,-39,-46,-129,-78,77,223,311,
  261,213,72,-92,-153,-264,-317,-66,142,110,71,91,-11,-302,-409,-277,
  -236,-10,275,128,-12,-33,-175,-375,-358,-237,-78,72,52,25,92,9,
  -30,5,-76,-52,79,-165,-341,-167,-86,-49,158,293,271,267,172,-218,
  -541,-492,-338,-179,157,373,342,322,124,-185,-321,-374,-409,-197,99,227,
  373,394,168,50,66,-117,-325,-287,-202,33,346,426,317,235,77,-141,
  -324,-505,-465,-164,125,305,331,273,198,1,-288,-479,-551,-486,-239,-73,
  86,331,372,239,118,-67,-109,-54,-151,-210,-160,-117,46,162,228,329,
  303,233,161,-44,-193,-101,19,61,61,-23,-10,52,149,368,351,166,
  40,-148,-407,-411,-302,-175,55,276,352,174,-62,-173,-118,-4,-9,-11,
  -84,-78,34,77,295,532,535,306,-11,-268,-489,-468,-172,145,632,1008,
  856,316,-168,-430,-682,-696,-340,97,444,789,661,104,-173,-323,-500,-391,
  -166,-25,51,-15,-62,169,370,288,262,196,-130,-321,-485,-713,-402,292,
  805,894,683,269,-364,-851,-966,-915,-535,165,590,630,475,7,-401,-572,
  -667,-535,-250,-187,-83,123,98,129,345,299,245,215,-180,-502,-534,-461,
  -210,264,821,1120,1045,703,65,-768,-1079,-991,-674,109,763,1034,1126,807,
  186,-471,-1042,-1126,-907,-502,193,670,756,736,553,-19,-631,-1054,-1083,-698,
  -168,598,991,727,477,99,-450,-675,-566,-357,-74,377,783,554,127,-5,
  -156,-344,-351,-351,-370,-234,-131,-252,-433,-320,-101,-46,21,-4,-219,-458,
  -736,-795,-633,-155,381,603,811,848,423,-91,-469,-652,-434,137,714,824,
  822,836,314,-227,-538,-711,-394,129,472,584,505,240,-118,-428,-671,-634,
  -210,144,312,474,392,234,94,-145,-281,-204,25,213,339,411,393,371,
  294,121,-98,-26,98,-93,80,281,118,248,335,176,84,3,-163,-306,
  -381,-94,111,67,401,478,-23,-295,-285,-433,-373,-4,-41,-105,133,267,
  5,-134,92,66,-127,-197,-238,-341,-93,164,158,144,115,26,-99,-248,
  -231,92,235,126,262,183,-171,-130,160,103,140,398,243,-78,38,109,
  -153,-79,258,247,231,473,352,-83,-71,-23,-438,-452,-170,-338,-265,170,
  205,96,272,202,-119,-265,-490,-722,-460,-144,-41,400,548,280,172,-63,
  -242,-199,28,-33,-206,26,50,-294,-110,488,333,290,372,-534,-955,-627,
  -652,-482,310,839,659,225,-170,-741,-1074,-768,-328,66,558,806,624,208,
  -135,-417,-609,-529,-98,377,438,360,322,-50,-362,-231,-155,-233,297,577,
  49,-235,-48,-103,-140,288,350,217,341,-16,-601,-615,-236,7,159,568,
  775,386,215,-238,-748,-452,-458,-585,-133,406,677,714,317,-376,-722,-811,
  -905,-774,-280,408,753,889,508,-318,-480,-750,-1144,-401,179,374,890,715,
  339,147,-197,-416,-312,116,514,432,274,144,-340,87,614,317,801,1072,
  282,-19,-40,-653,-693,-121,341,690,895,943,536,182,63,-372,-542,-319,
  -146,107,262,259,279,361,264,278,378,128,-272,-470,-647,-811,-289,367,
  653,1028,1101,520,-251,-917,-1327,-1021,-294,541,1090,1273,1579,981,-416,-886,
  -1049,-1019,-40,499,377,717,918,278,-865,-1265,-702,117,606,317,-177,-402,
  -673,-1176,-1438,-1276,-449,908,985,267,-114,-528,-777,-1167,-943,-303,57,664,
  750,456,304,-113,-549,-662,-713,-85,658,296,99,602,269,-235,-42,-591,
  -1047,-429,126,83,-129,390,384,-174,-6,-450,-1253,-561,-104,-458,-90,208,
  -41,215,364,372,653,494,35,-513,-770,-561,-479,-171,629,1325,1481,1055,
  5,-499,-1132,-1209,-555,-672,-82,751,750,459,504,354,-512,-728,-508,-1017,
  -1277,-332,195,471,1402,1387,417,40,-99,-1072,-1577,-1107,-162,756,1596,2016,
  1686,920,102,-776,-1881,-1698,-527,545,1463,1899,2015,1120,28,-657,-1723,-1926,
  -672,91,359,1419,2049,1170,-85,-1127,-1650,-1382,-1246,-673,417,1432,2072,1313,
  45,-909,-1073,-917,-1302,-857,426,744,868,1257,468,-99,575,230,-1016,-959,
  -687,-819,-327,154,418,846,1449,1051,-645,-1304,-1236,-1631,-1260,90,985,1839,
  2234,933,-203,-528,-1310,-1925,-1655,-709,609,1628,2145,1982,1236,542,-770,-2153,
  -2033,-1198,-734,30,1080,1283,1470,1600,361,-291,-286,-1362,-2103,-1785,-1114,194,
  1321,1960,2311,1602,884,-415,-2094,-2053,-1240,-694,837,2213,2387,2710,1884,-39,
  -1271,-1922,-1879,-1276,-355,1010,1975,2162,1768,679,-401,-1341,-2175,-2434,-1762,-802,
  -138,818,1617,2123,2019,736,-997,-2523,-3199,-2683,-1751,-576,1920,3741,3212,1811,
  111,-1372,-2434,-2182,-1760,-1543,667,2092,1679,1708,1002,-343,-1068,-1704,-1925,-1097,
  -321,54,727,1420,1919,1120,-618,-1390,-2146,-1456,-412,-735,888,2105,1532,1589,
  265,-1915,-1746,-1009,-1296,-323,1064,1403,1421,969,228,-965,-841,-220,-858,-164,
  475,-424,53,826,538,1040,1370,538,227,-780,-2266,-2772,-2656,-425,1838,2714,
  3336,2430,526,-1587,-4008,-4369,-3073,-1296,1607,3232,3329,3350,1654,-1030,-1778,-2060,
  -2761,-1544,183,721,1665,2145,1246,678,744,309,-499,-718,-594,-479,-516,41,
  606,823,1152,959,657,75,-762,-1147,-1016,-796,260,1708,1284,951,1046,-705,
  -1800,-1696,-1817,-923,770,1717,1825,1519,480,-17,-1100,-2275,-1223,-919,86,1704,
  1287,1195,991,71,-365,-384,-869,-521,-333,-305,667,805,303,35,-66,112,
  -178,-780,-748,-594,563,1056,-167,23,548,25,-240,-581,-1043,15,735,538,
  643,590,1145,450,-685,-1150,-1602,-603,68,242,701,1328,851,-382,-407,-1385,
  -1933,-781,3,739,1270,1130,195,-496,178,416,-341,-348,-69,334,640,36,
  -66,643,1175,1102,726,-425,-871,-889,-1982,-1889,-849,-190,926,1420,935,-78,
  -755,-1324,-2305,-1639,-1162,-1594,815,1929,686,902,972,-690,-1122,-245,-483,-41,
  1235,889,192,92,1051,177,-1736,-379,-108,-526,581,717,518,688,561,-4,
  -1364,-900,411,-563,-564,536,779,711,660,-85,-264,488,49,-450,-1564,-1491,
  156,39,-372,635,1198,449,206,-391,-1641,-522,167,-1225,-691,759,801,200,
  227,261,437,1902,1809,-236,-88,-47,-711,-289,-295,241,609,1666,2159,874,
  193,-544,-1748,-2389,-2153,-1461,-1191,-243,753,475,53,-209,-1030,-1874,-1198,-542,
  -1089,-321,857,854,910,731,762,826,1322,1074,-228,-507,273,698,576,670,
  1784,1805,1137,443,-1097,-1812,-979,207,-183,-177,1353,1506,699,-165,-1135,-2055,
  -1714,-574,-781,-19,2005,1924,429,-551,-582,-1162,-1227,-951,-982,-269,222,-83,
  -743,-394,64,275,80,-401,11,-299,-1331,-1158,-621,-550,-218,150,-28,1050,
  3468,2774,41,-243,93,-1332,-664,-627,-1974,-94,2806,2839,1037,874,1468,1174,
  331,-1155,-1212,-606,1736,2916,83,61,1963,1058,522,972,-147,238,1344,532,
  -373,-558,-1716,-2081,-331,3,-855,298,402,-200,1308,-564,-4846,-2737,-1282,-2237,
  1100,121,502,4064,2707,1568,1004,1068,1902,547,396,-334,47,3210,2657,1043,
  3008,3014,1861,1069,-810,-1032,-82,-284,357,-41,650,2561,705,-347,-1538,-2137,
  -2951,-3360,-930,-758,-419,1230,-161,-2568,-3119,-3557,-3618,-2719,-1715,-1263,-914,-998,
  -2025,-2812,-2228,-2101,-2317,-2110,-329,648,-649,-1634,-1397,-1107,-665,-524,-1245,-977,
  -124,-105,-773,-1443,-941,-459,-1587,-1000,-986,-2272,-2007,-1377,-982,-70,1303,748,
  -951,-1494,-2276,-2588,-1537,-671,889,2973,2866,1571,645,-264,-282,-400,-518,628,
  2219,3955,3463,2371,2666,1191,-598,-222,319,482,2299,3447,3432,3357,2220,340,
  -735,249,883,1517,1682,907,2423,2320,511,1227,-478,-2039,85,1054,-277,458,
  2089,663,-1736,458,1191,-752,1525,2278,57,185,283,-465,-1310,728,1836,-255,
  -1442,2149,797,-2456,-1199,1052,1604,1226,1499,-2709,-3081,5392,5112,2668,6053,4511,
  1147,4035,3053,-913,3281,6509,6278,6215,7760,8252,2769,1727,2264,-807,3488,4812,
  993,1491,2399,391,-2591,-3821,-2859,-2014,-2925,-2731,-3637,-7204,-6370,-7863,-8900,-3576,
  -3301,-4255,-3782,-6545,-6585,-8096,-9063,-5846,-2801,-713,-431,-1973,-2620,-2306,-3885,-6385,
  -4256,-1278,1556,2274,477,-167,100,-299,-1909,-2790,-2118,-176,-1055,-1931,-595,-395,
  -276,-1204,-2093,-2056,-1904,-2077,-3530,-3061,-1291,-823,-800,-685,-1119,-1112,-774,-1674,
  -1637,189,1024,2012,2378,2139,1527,250,1517,1798,1291,3237,3127,3139,3639,3185,
  2927,2432,2009,1255,399,277,572,1077,1824,2110,658,-733,-792,-2193,-2778,-2142,
  -1490,24,-505,-1290,-772,-1377,-1524,-1129,-1524,-381,2150,1803,80,-79,161,1221,
  1292,1097,3117,5187,3811,1296,-436,-488,1037,4081,4781,3021,7505,7214,812,411,
  -1510,-3117,596,-1285,17,3822,2126,3630,1585,-1457,1952,4275,5320,6206,5118,3667,
  995,-397,3509,4177,5653,14397,14076,10937,13913,6629,2302,3842,280,1170,2803,5834,
  7463,4121,6068,4408,624,-3171,-7273,-9064,-11772,-7672,-6160,-7619,-3399,-3235,-4866,-7460,
  -10246,-11951,-15162,-13799,-10530,-8756,-5631,-1837,-3205,-4674,-4079,-8383,-9377,-6700,-5789,-3653,
  -2192,731,2295,2308,2537,-1671,-2251,-1145,-3331,-3127,-2405,-809,3178,4305,4039,3388,
  527,-1997,-5502,-7603,-6669,-5275,-2582,521,1997,2958,1155,-2165,-3151,-4647,-5600,-4007,
  -3941,-1757,2733,3369,4626,5354,2986,3932,2434,-410,599,1885,5398,6880,7706,8823,
  6121,4793,3977,-218,-1712,1394,2381,2573,6459,6069,2102,633,-2021,-6334,-7165,-5097,
  -4118,-2785,472,1876,199,-407,-1336,-5408,-7655,-6849,-6346,-3782,-1085,1654,2804,2489,
  4175,2927,-1930,-2513,-1739,-1477,-210,-47,267,3232,6455,7479,6074,1914,1886,-361,
  -2671,-1198,-2462,-1378,1799,4772,7002,8297,3077,-647,1332,-3462,-3559,-4156,-5835,1272,
  4149,4072,2345,673,9327,11905,5830,6073,1843,-1020,5378,4244,6618,17673,21639,19996,
  18446,13135,6116,3752,-2375,-1515,6450,7375,14384,12200,5212,7680,-1301,-10238,-11271,-15340,
  -15606,-11287,-9746,-7576,-6052,-9615,-11304,-13860,-17622,-16092,-20042,-20347,-12881,-11167,-7904,-2648,
  -1706,-1811,-4985,-7435,-8801,-8601,-3368,-1026,186,6113,8861,6696,3639,2428,741,-972,
  599,1316,863,929,2371,1478,119,2248,444,-2386,-1790,-2973,-6358,-7331,-6058,-5299,
  -3429,23,180,-1286,-1100,-2955,-5516,-4793,-3281,-1092,1669,4339,7440,8804,6568,4758,
  3903,1825,3070,5258,5894,10388,12796,10075,8805,5616,3611,3014,449,-4,-164,1170,
  3058,909,-566,-997,-5822,-7132,-5547,-8923,-7591,-4363,-6679,-5112,-3442,-5148,-5123,-4209,
  -3532,-4164,-4337,-2164,-2972,-3038,2213,1965,721,4365,2305,2039,3603,3146,3181,3824,
  5928,6039,2554,1892,1706,985,4152,6510,1704,1121,4427,2833,303,245,-3045,-5529,
  -741,4248,-528,2804,5271,-4180,-4924,-3436,-5891,-6493,-4304,-678,561,15479,21601,11545,
  10589,13981,6716,10003,16197,7679,13173,21337,19251,21570,20290,14582,13819,8275,6864,1384,
  -6438,-4197,-2471,-1522,-1219,-6011,-8231,-11030,-17831,-19859,-24006,-24792,-19741,-19369,-21297,-15832,
  -13677,-13877,-13626,-16276,-17696,-17216,-12280,-9004,-7858,-486,5089,1408,4384,4708,-757,1332,
  2068,-643,4305,7603,6785,7779,7640,6600,4427,2310,54,-2091,-1205,-376,-1289,-1524,
  373,-1436,-4280,-3019,-6194,-6917,-3474,-6274,-6042,-3502,-4531,-1616,-720,40,504,764,
  2291,3390,6464,5064,4334,8519,10219,11146,12135,9267,6223,7571,9143,7949,8778,9932,
  8271,8246,6726,2498,-899,-2001,-3563,-5019,-5802,-5662,-4004,-3956,-5974,-6702,-9692,-11290,
  -11177,-11138,-10426,-11185,-8337,-6257,-5927,-1697,-1431,-3468,-227,-1475,-3641,-341,516,2154,
  6661,6281,7219,8219,5887,6138,4859,4991,4858,3070,4862,2309,3249,7172,3606,4683,
  2022,-3527,1015,-504,-3778,-1572,-2256,-346,3676,861,-266,681,3185,-1106,-6626,-5245,
  -9833,-4729,3954,-4433,-2846,-3137,-1874,14175,23150,22762,18194,24033,19801,13394,12839,-6960,
  -3018,21175,27451,27780,26184,25556,17523,9233,1357,-19482,-20142,-6523,-4699,-3880,1249,1697,
  -7862,-14952,-22267,-28194,-27722,-27522,-27005,-25191,-22583,-15610,-15416,-17254,-12342,-12926,-17490,-18839,
  -17521,-15990,-10605,-994,2351,6207,13312,11181,3847,1386,530,-3637,660,8775,9981,13134,
  16669,12514,8697,8124,1207,-3630,-4235,-2576,1373,1446,4496,5495,1250,-645,-2376,-8633,
  -9717,-7151,-7020,-4165,263,2545,1688,1227,3653,293,-1757,4300,1644,936,7351,4445,
  5265,13443,12743,7468,7056,5948,3374,5049,6951,2677,5209,10695,7146,3858,2504,-3635,
  -6524,-7932,-8314,-7456,-2923,-1516,-3917,-6318,-8679,-9838,-10413,-12957,-11796,-9410,-8505,-3928,
  -1233,-2093,-1878,-100,-1308,-2477,-1957,-2877,-3170,1836,5536,6179,8591,10584,7339,6633,
  5470,1469,-374,2254,44,6302,12647,8712,9838,7997,1035,-126,-2602,-11753,-7708,2098,
  -675,4994,7947,2359,1265,-2850,-7730,-6340,-9908,-10429,-14784,-14689,-10679,-8854,10675,27019,
  29602,31462,31315,16577,4801,1885,-21846,-5824,18972,24748,31949,32277,31798,26764,7098,-16148,
  -28762,-27833,-20592,-16418,2815,15690,7818,-5180,-14437,-28663,-31359,-31385,-31621,-31303,-29502,-26098,
  -18436,-12020,-8511,-7146,-13880,-18456,-24334,-25227,-21752,-10564,5024,16068,24538,25881,22592,13702,
  5649,1741,-1562,4761,13937,15687,23019,24935,19506,15767,9934,529,-4332,-4148,-8170,-9309,
  -3103,-1659,-1695,-521,-1459,-4279,-9865,-11832,-17607,-22429,-15245,-10809,-8208,1453,3757,1378,
  4084,2679,-3835,-3134,216,1728,8786,14335,14177,16461,18087,15319,10748,8501,7387,6008,
  9163,9387,8826,10651,9674,5079,-101,-4515,-9891,-13328,-13154,-11155,-8709,-5623,-7875,-11025,
  -11015,-17220,-19649,-18749,-21462,-15900,-6361,-3961,549,3259,-1652,-1942,-1922,-2878,-759,1652,
  5579,9906,13142,15842,16944,13486,11908,9497,4867,6451,8094,3465,7085,11053,6921,8636,
  7151,-435,-2901,-6313,-7777,-7549,-5419,2542,-1380,-434,2531,-8515,-11147,-6653,-19188,-15729,
  -6904,-13613,-13587,-5071,23178,32263,32333,32170,28708,-16327,-14776,-1910,-20893,6030,30614,32164,
  32426,32412,28296,-9465,-25320,-28718,-30393,-28070,-11081,1556,15822,20621,-5391,-28289,-30737,-32098,
  -32299,-32063,-31739,-30500,-26369,-21743,-16391,-13177,-10950,-13111,-21395,-25162,-25526,-22612,-11580,8413,
  25611,29550,29844,26323,17296,7017,4489,6721,4880,13325,24607,25946,26818,24143,12938,5002,
  -1063,-8924,-14738,-15695,-13809,-8723,-2317,-1144,-1946,-8789,-13554,-17217,-24467,-24835,-22169,-17026,
  -3242,6501,7797,5102,1983,-4382,-6079,-778,1941,10115,17103,20288,23126,21874,20127,14555,
  11028,12758,10483,11953,12437,12715,14208,11614,8508,-57,-2067,-1289,-9326,-12841,-17657,-20561,
  -14242,-8476,-7216,-8340,-12536,-17254,-19383,-20946,-20188,-17804,-16738,-9674,-833,474,2817,3106,
  -1702,-1738,598,892,1942,7458,14645,15676,17109,15946,11326,10303,11451,5342,2045,5149,
  6845,8542,13838,14425,5841,4121,-43,-10986,-12656,-15483,-12051,-5468,-583,3704,3959,917,
  -2165,-14840,-22562,-19385,-22299,-14573,-13459,-17232,27067,32428,32432,32259,28545,-27140,-30856,4147,
  -20442,-7113,32075,32406,32436,32435,28465,-27722,-31212,-30431,-31198,-29941,-6995,7481,20806,27957,
  890,-30603,-31408,-32315,-32419,-32318,-32044,-30909,-19345,-15561,-11733,-6761,-5690,-8536,-21429,-26754,
  -30393,-28182,-11121,14086,31004,32071,31697,30134,20960,5441,-1720,-3694,-1321,11847,27023,29444,
  28778,24568,14693,4164,-3587,-16453,-27238,-28511,-25719,-19221,-5340,5200,3596,-4562,-14387,-24291,
  -29913,-30342,-27640,-21264,-832,20939,23065,22582,11254,-6324,-6281,-8743,-253,14796,21051,27897,
  29879,28106,27043,24652,14957,6273,1084,-4049,3314,15388,19323,19179,15559,5711,-6332,-15466,
  -23325,-27489,-25975,-22522,-14963,-2720,-588,-5967,-16191,-24071,-26101,-26766,-22345,-15312,-13442,-4431,
  5430,8003,12360,8699,-2186,-3465,-2842,-1499,7015,13670,16573,23265,24190,19881,18337,11878,
  1565,821,1162,4551,9502,14357,16330,13195,9653,-90,-15084,-15210,-14918,-14256,-7117,2382,
  3747,604,2471,-7478,-18519,-16078,-24408,-25696,-16525,-13434,-11083,5477,31045,32433,32432,31886,
  6279,-32145,-31572,7423,-5450,22937,32352,32424,32437,32425,3511,-32229,-32226,-31039,-25998,-15445,
  858,11901,25042,28300,-7356,-32068,-32291,-32351,-32335,-32119,-31833,-28710,-13272,-956,3539,-6808,
  -8757,-14724,-25514,-29175,-29088,-18613,4192,28528,32039,32122,31493,26917,9228,-4778,-6578,-2021,
  2462,18342,29899,30433,28703,21781,2270,-11228,-14640,-24698,-29405,-29135,-25572,-11410,5184,7229,
  -1709,-15931,-24604,-28212,-29975,-29685,-27830,-17572,4890,22091,26883,22597,5201,-4250,-5417,-5041,
  3633,14089,21575,29399,30923,29519,26156,19459,12277,6885,3322,4342,4868,12448,17632,13185,
  8232,-717,-11487,-17588,-23836,-27442,-26814,-23658,-14093,-1831,-3377,-11653,-21175,-26953,-24844,-22510,
  -19088,-11804,-9106,23,11143,10971,10764,2905,-6162,-1840,1996,7667,17875,20412,22286,24563,
  20209,12152,8017,3479,8520,13185,6451,4476,5965,479,5200,10310,-2841,-3408,-317,-12098,
  -12133,-11265,-13985,-13367,-4521,-4867,-16525,-14667,-14351,-22634,-21649,-4679,28147,32415,32435,31587,
  3184,-26564,-30958,4536,14301,5636,32078,32420,32436,32424,14960,-32047,-32219,-27215,-18126,-18167,
  -2277,1993,17144,26510,-10392,-32232,-32344,-32244,-32273,-31725,-31543,-31653,-26052,-11932,-7438,-9173,
  -10372,-12410,-22564,-23453,-27269,-21818,8585,28042,31918,32233,31684,29050,17481,3101,4052,6974,
  14304,26193,30745,30929,28476,18170,-2450,-15026,-20092,-24732,-26991,-25363,-19459,-12193,-7864,-9354,
  -19399,-24302,-27714,-29116,-29225,-28839,-26752,-19136,-1804,14414,20161,18794,7662,-1225,-2739,346,
  11023,18100,27158,30752,31443,30541,24836,19265,9344,4959,12083,10541,17518,25918,19949,9770,
  1479,-14653,-17361,-19322,-25718,-27190,-24273,-19626,-12940,-6593,-10718,-21400,-26027,-27789,-27874,-26040,
  -22654,-18185,-3475,9749,16450,15699,6480,-1263,-8053,-5634,236,7779,19620,27008,28079,26203,
  23871,13387,7169,11265,6065,4324,9995,6756,1890,7525,3994,-392,3295,-4632,-11979,-7098,
  -10125,-20161,-19965,-18565,-16571,-9837,-15097,-16086,-18181,-20319,-14411,13515,32276,32436,32266,23560,
  -16508,-32048,-6075,26908,9817,31773,32429,32437,32435,30357,-31855,-32389,-29982,-13779,-9667,-7552,
  4439,17413,26153,2885,-32290,-32429,-32368,-32351,-32177,-31861,-31859,-28160,-10832,-4531,-14681,-21342,
  -18234,-27084,-28677,-27212,-19487,12863,31372,32268,32314,32107,29497,18174,11428,8206,15627,24410,
  29109,31510,31748,30553,25131,5553,-11216,-20156,-26807,-29501,-28839,-24901,-13037,-6190,-11371,-21142,
  -28428,-30337,-30731,-31567,-31534,-29246,-21890,-6184,13463,16375,9681,6916,-1019,-9344,331,12369,
  18158,27942,31176,31463,31586,31073,28434,18824,11417,9559,1532,11654,24408,21860,22913,17290,
  -3058,-13884,-21312,-28101,-29898,-29028,-25659,-15021,-5168,-5223,-19078,-27874,-29591,-29604,-27293,-24301,
  -21582,-12446,-2227,9977,18037,11163,4929,661,-3181,2441,10932,16384,21658,25991,27432,27820,
  27549,21030,10930,5406,4142,5628,7337,7742,4674,2230,5982,8254,-3514,-12948,-12115,-16019,
  -15757,-13204,-27711,-27933,-19476,-20766,-14842,-8722,-20828,-14591,27664,32392,32429,30220,376,-28459,
  -31426,24858,28357,10558,32412,32435,32437,32430,11052,-32366,-32140,-19285,-6312,-4436,5373,12451,
  20428,24692,-20022,-32428,-32428,-32348,-32402,-31920,-31530,-31847,-19466,-4087,-21059,-28106,-29425,-29079,
  -29657,-23208,-24293,-10493,27103,31898,32286,32309,31356,23095,13740,11621,15084,25613,30407,31487,
  32212,32207,30136,19537,-3038,-21171,-25499,-26765,-27995,-24115,-12159,-1469,-4345,-16069,-28570,-31635,
  -31954,-31750,-31726,-30864,-26369,-20321,-4820,12138,7752,4094,-1079,-10527,-6723,-190,9228,21034,
  29648,31666,31987,31822,29106,21115,14904,7741,11784,19391,23732,29199,27798,17425,-570,-15471,
  -22066,-20898,-18575,-24457,-26897,-23524,-19376,-14028,-15837,-25447,-29811,-30091,-27899,-24329,-20552,-16532,
  -12149,-6248,4698,8236,4105,875,-1100,1013,11817,21598,25608,26443,26279,27498,23466,20828,
  19988,16735,16003,17432,12494,8414,11702,6347,-173,4565,-737,-6116,-9581,-13074,-25359,-27291,
  -26014,-27753,-25511,-19826,-16380,-8795,27984,32388,32290,21530,-4859,-31372,-31524,25903,21259,16115,
  32422,32434,32436,32433,12564,-32244,-31085,-18047,-14288,15,23319,25397,30615,29525,-21391,-32412,
  -32428,-32365,-32396,-32024,-31551,-31787,-14731,-7136,-26780,-30676,-30650,-31318,-30573,-28833,-30646,-18147,
  16662,29923,32014,32199,31452,26848,18217,11234,12489,24755,28930,31336,32255,32273,31859,28785,
  9956,-7684,-11532,-15421,-23698,-25773,-19647,-8750,3027,352,-20900,-30292,-31752,-32069,-32048,-31613,
  -29976,-22773,-5694,7562,5252,-5493,-13891,-16695,-14446,984,15556,18341,28140,31111,31118,31107,
  29441,22239,15375,15589,17317,17972,26689,29244,24515,20214,6694,-15741,-19394,-21325,-28327,-28010,
  -21372,-17437,-9612,-7910,-22574,-29744,-30996,-31188,-30536,-25724,-17168,-6794,2461,2484,564,338,
  -2064,-3171,-3345,622,11167,20253,27988,29347,28790,29754,27781,20992,16893,5672,7366,21752,
  20846,17156,17389,10406,8828,3792,-12326,-25489,-24202,-23870,-26964,-23524,-20688,-23548,-11999,-14039,
  -8875,31808,32421,29252,-5715,-28208,-32340,-5339,31873,8964,31725,32435,32435,32432,30063,-31984,
  -32347,-962,23147,15931,21585,22838,20917,27698,2340,-32370,-32425,-31906,-32204,-31986,-31350,-31819,
  -28692,-12598,-29020,-31895,-31978,-30699,-30793,-29232,-28381,-24965,7360,30061,31042,30432,28794,21847,
  16043,14772,21220,28422,31383,32181,32306,32218,31082,23754,2010,-6694,2422,2388,-1185,-3113,
  -6303,-4756,-3741,-18458,-30210,-31714,-31646,-30656,-29663,-28881,-26642,-25346,-18961,-4504,-12134,-18002,
  -17218,-25362,-17101,3696,15601,27175,29490,29355,29659,28046,26158,20934,16521,21233,24387,26727,
  29533,29103,24414,16515,806,-10094,-15562,-19652,-21972,-27330,-27856,-21382,-17346,-9953,-15556,-29045,
  -31029,-31116,-30577,-26859,-24539,-20882,-11907,-3003,9536,10408,-65,-1979,-3763,-1060,14306,17007,
  19407,26451,27909,28983,29879,27144,17562,13162,15077,16462,18235,15207,15414,14001,9277,13755,
  5959,-19710,-22271,-22446,-27791,-23684,-25566,-27888,-11601,1670,28935,32408,32384,8376,-22085,-31808,
  -32234,14752,27538,26524,32426,32435,32435,32359,-9407,-32341,-31759,-8802,3405,14552,25719,28617,
  27678,24240,-22769,-32432,-32418,-32319,-32395,-31389,-29964,-30363,-10966,-8785,-29288,-31660,-31669,-31905,
  -31599,-28966,-29628,-16150,26017,31667,31933,31912,28446,10956,3752,7452,14414,28456,31493,32214,
  32352,32280,30499,14615,-4669,-10091,-7922,-6000,-10730,-10849,-1650,5521,-651,-20560,-29909,-31439,
  -31423,-30794,-31223,-30538,-24694,-15940,-17,6746,-941,-1804,-10082,-19820,-11323,-4626,10316,28705,
  30247,31083,31407,29529,23100,14959,10874,10969,19547,25437,25602,26847,22788,7344,-6850,-18469,
  -25697,-27497,-26072,-26392,-24182,-14551,-12522,-17352,-24675,-30796,-31565,-30972,-28153,-20193,-14304,-5517,
  1694,6424,13052,5280,-5840,-4772,-3347,7550,25053,28062,28170,29160,27152,24790,24067,17919,
  10690,9069,11017,17985,18283,17729,14182,683,-141,-3941,-23505,-25902,-27989,-30371,-27371,-16897,
  -10958,26984,32427,32435,26435,-18089,-32127,-32412,6111,27944,6881,32408,32438,32438,32426,4417,
  -32413,-32306,-6687,5070,10543,23463,28238,30898,31452,-7940,-32428,-32425,-32362,-32410,-31937,-31795,
  -31504,-10274,4226,-19411,-31482,-32092,-32235,-32309,-31554,-31213,-23151,24260,31889,32059,31663,27259,
  8082,-1145,4338,9869,24592,31214,32208,32334,32341,31828,24097,6013,-7246,-14688,-14332,-15934,
  -12822,2997,19136,20383,-1222,-28418,-31991,-32224,-31982,-31297,-29480,-22778,-9758,8300,9838,-7409,
  -18401,-24759,-24825,-7161,7151,20471,30354,30234,29816,31006,27744,21065,18922,13293,18360,26281,
  26413,26810,27860,25361,14106,-7270,-22818,-27579,-25608,-20481,-23866,-22698,-16286,-20727,-21305,-26475,
  -31308,-31636,-31299,-30002,-20171,-14444,-8952,-6905,-9402,-589,5516,6396,9184,376,581,11680,
  22306,29129,30579,29616,28860,25225,15703,9419,9441,15060,23734,27415,25861,19190,2902,-8391,
  -11111,-27081,-30293,-28195,-28676,-18057,13672,31533,32409,32399,6181,-30672,-32246,-32257,-1879,15040,
  21389,32418,32439,32439,32309,-26040,-32398,-31869,-14636,3132,12896,26654,31995,32254,29417,-24817,
  -32421,-32416,-32252,-32229,-31608,-30123,-27812,-7516,-1058,-26773,-31368,-31745,-32227,-32229,-32061,-31778,
  -20483,20455,30581,30795,29708,19689,77,-10578,-8178,2372,26613,31954,32228,32310,32245,31064,
  25364,4199,-11276,-8377,-1321,4227,9285,11524,15912,12697,-11032,-29422,-31761,-31948,-31274,-29067,
  -26834,-15375,-2804,-1068,-8972,-21309,-26087,-25435,-19448,-10134,8653,25736,29792,30436,28558,26167,
  22130,14046,13406,14560,22402,28120,30206,30888,30298,25593,7001,-13484,-23179,-24942,-18289,-17075,
  -16346,-10678,-11717,-12146,-20191,-29905,-31917,-32030,-31707,-29882,-22548,-16117,-7132,1403,677,-5478,
  -14844,-19336,-18965,-8767,6093,17259,28454,31101,30803,29695,21390,2608,-1113,8466,19057,26762,
  29560,28440,30094,20657,-9953,-20664,-29214,-26215,-22730,-21722,-2435,31651,32436,32434,15447,-31456,
  -32352,-32389,-4443,11953,-9677,32381,32438,32438,32416,-14276,-32431,-32299,-15355,1391,4908,21681,
  31636,32308,32192,-2516,-32422,-32420,-32248,-32260,-30879,-26151,-18185,14084,14703,-22868,-31915,-31936,
  -31993,-32123,-31846,-31754,-23595,20135,31066,30371,25436,12513,-4450,-17737,-18631,-14632,10577,31090,
  32240,32280,32182,31032,22530,156,-16946,-17687,-8216,2621,14162,17197,23036,23788,3889,-17223,
  -30724,-32085,-31517,-29925,-27525,-13948,-4508,6937,11853,-6787,-20384,-26462,-29327,-24008,-3149,14941,
  25388,30038,29116,27554,26505,15365,7342,2732,5977,15791,24225,29395,29844,28234,19014,-3702,
  -20066,-23797,-21120,-22339,-17048,-7079,-1858,2571,-903,-21086,-31083,-31773,-31607,-29878,-17630,-12218,
  -11011,-4464,-4051,-1609,-2916,-16398,-20082,-11624,2128,17672,23604,21795,24102,25763,23810,22095,
  14128,1244,4282,22212,24317,25042,25381,13995,1602,-9800,-21736,-25960,-20422,-17288,13195,32341,
  32436,32421,1106,-31488,-32409,-32236,18828,1341,18045,32425,32438,32437,31761,-31806,-32429,-31289,
  -13355,-2217,11604,25324,31497,32220,29256,-30014,-32419,-32259,-32263,-32196,-29161,-28682,-10363,25140,
  10264,-25159,-31429,-31909,-32118,-31831,-31661,-30656,-360,30952,31744,29854,17658,-2727,-12076,-15030,
  -16447,-12324,19674,31696,32241,32218,31436,28147,20534,-4153,-24960,-22921,-12110,4297,22373,24192,
  23755,24022,5255,-27051,-31996,-32177,-31861,-27371,-12508,-6595,5264,22337,15651,-10866,-29090,-31892,
  -31270,-14127,12070,25291,30775,31658,29808,25761,12844,-16215,-10372,3854,8978,27747,30186,29036,
  29536,24849,2070,-18002,-25458,-26785,-22283,-15326,-11011,-10095,277,6395,-8044,-23960,-31019,-31933,
  -30962,-25840,-15743,-7554,-1834,-420,-775,388,-4976,-15112,-15011,-8526,3683,22433,23028,22452,
  25243,24211,23411,18574,9906,7874,11288,14600,17447,27635,21858,165,-3949,-21365,-25071,-11889,
  -10762,29013,32423,32435,31063,-22014,-32160,-32394,-14956,14487,2596,32173,32436,32437,32276,-10534,
  -32417,-32335,-14195,-7475,-2749,16470,30388,32048,31296,-10938,-32394,-32371,-31787,-32010,-30618,-29104,
  -23119,10894,23065,-1621,-30419,-31487,-31370,-31663,-31195,-31641,-27473,22202,31953,31660,26973,5044,
  -9258,-11438,-19134,-22799,-6348,27700,32256,32292,31750,27288,11371,-920,-13545,-25370,-22565,-4639,
  11256,23794,26175,20488,6996,-17137,-29369,-31575,-31634,-30420,-25619,-4952,13107,20987,19514,-1861,
  -21213,-28819,-28151,-18914,-4850,14048,25967,29636,30728,28766,16809,7363,-174,-4645,12260,16535,
  19633,28021,25967,19712,8876,-7172,-19024,-20749,-19412,-19297,-16663,-9368,-7346,-12116,-13886,-21146,
  -28268,-28369,-29571,-28109,-13393,-3756,-1905,-4034,-13604,-12034,-9145,-8334,-5048,-5419,3069,19815,
  25805,26573,22114,13555,11919,14061,14421,17776,15504,17973,26565,20783,9500,4887,-4203,-22248,
  -24299,-21394,28568,32437,32438,31621,-26373,-32121,-32340,-8105,1099,-27753,31394,32437,32439,32374,
  -20567,-32428,-32225,-7693,-10383,-25145,-4404,30050,32202,31820,-8719,-32394,-32270,-29437,-31804,-31578,
  -30844,-24136,19520,26921,-5238,-30793,-29856,-24298,-26343,-30201,-32113,-30903,10021,31581,31278,25211,
  6651,2458,-1933,-15410,-25423,-20152,18118,31980,32230,31369,24964,11055,-1063,-8825,-19996,-19314,
  -2426,12046,14122,11524,3959,-373,-2565,-16145,-27872,-29588,-27545,-24865,-16237,-5650,-161,13756,
  17311,2528,-20651,-27455,-25783,-7066,22406,27908,27712,27076,20437,11551,4007,72,-1629,8734,
  22633,26963,28642,25137,5697,-14944,-19431,-17467,-11700,-3742,-7353,-13492,-7913,-7976,-16203,-22517,
  -27358,-29714,-26915,-22870,-24872,-19883,-9695,-2569,6215,1692,-11295,-19327,-20531,-15204,-6561,7984,
  24314,28302,29150,27038,9620,1078,6842,7610,16661,25507,26778,23782,16947,4210,-4762,-15641,
  -16808,-7658,30505,32433,32437,31599,-23056,-31631,-31842,-2654,17091,-19614,28306,32432,32438,32333,
  -24276,-32432,-32331,-2989,3575,-15591,-14677,21341,31753,30324,-14937,-32406,-32393,-29372,-30713,-30847,
  -30415,-25111,10615,23795,-7856,-31261,-31095,-24810,-16957,-15386,-29442,-27509,12629,30936,30904,21821,
  -5371,-8617,4794,7078,-5240,-6813,16284,31211,32076,30183,8981,-5097,-2573,20,-4241,-10280,
  -8174,8031,21056,13752,-3267,-15500,-21636,-23360,-24816,-27631,-27133,-14975,1531,3417,3910,-1294,
  -13281,-14923,-18112,-20997,-5809,10403,19075,27571,29124,25376,18093,7865,-8139,-7863,5814,12389,
  19239,25514,26454,25684,20707,-81,-24200,-28229,-25835,-17631,-4158,-319,-4964,-5913,-5328,-13053,
  -24978,-30153,-31242,-30489,-25492,-12446,-4447,2844,5433,-2569,-7365,-16308,-19001,-11523,-7552,378,
  9121,22099,28895,29211,25021,18172,7437,2034,6858,16668,28101,25175,20180,17212,2627,-3713,
  -17484,-23608,19065,32433,32439,32384,-12468,-32251,-32215,-10054,22603,-17627,25503,32436,32438,32386,
  -14725,-32433,-32411,-9098,402,-17329,-12472,19346,31666,31184,-13172,-32405,-32419,-30895,-30557,-31573,
  -30981,-27980,5470,24316,-3518,-30705,-31737,-29747,-27255,-23326,-27821,-25848,11685,31544,31608,24629,
  -5457,-19895,-3316,7628,3073,897,18653,31534,32221,31403,15836,-6451,-1011,5791,966,-3864,
  -7865,5445,25841,24227,3757,-15744,-23745,-23974,-22235,-26848,-28661,-21960,-5507,3838,2294,-2791,
  -11821,-17679,-18319,-24868,-19692,1459,16908,25107,26121,22649,15649,6866,1440,-6595,5443,18062,
  21074,24494,23125,19075,14143,4375,-9465,-18567,-14521,-12400,-9202,-8233,-8495,-7155,-5122,-10362,
  -25169,-29968,-29977,-28180,-21761,-15344,-13317,-9402,-4188,-5943,-13112,-19042,-18672,-11708,-3656,3688,
  10753,15533,22267,25468,22470,14990,7358,5910,18690,28095,24987,17370,18183,14673,6581,412,
  -4729,31211,32437,32437,30776,-18424,-31867,-29953,25464,11876,-16542,31649,32430,32437,31974,-30985,
  -32435,-31989,20,-4894,-19757,-3643,24522,31117,23260,-31353,-32436,-32329,-29954,-30322,-28029,-29254,
  -24822,12713,11402,-25482,-31603,-31517,-30071,-21318,-19276,-24807,-11010,23890,31499,31069,18345,-18948,
  -25531,-10220,8466,13962,20078,26261,31227,32058,29911,2266,-14622,-9110,1617,10262,9108,1826,
  13519,23423,18550,-224,-18403,-25397,-26141,-22633,-20249,-23153,-12663,1008,1690,-1294,-10493,-25246,
  -25123,-19588,-14281,-5879,6076,18380,19409,13774,12915,1113,3014,9732,3612,9244,20868,23205,
  22288,21113,17755,10350,4352,-6268,-18462,-11824,2092,632,-5243,-7837,-14169,-9390,-8215,-21733,
  -28662,-29093,-27753,-19554,-13121,-12252,-12323,-15199,-14198,-11815,-14469,-15621,-14555,-9927,-1544,11816,
  13906,10308,14586,15745,13963,14971,15402,19317,18699,21880,20439,11348,-2192,-5328,-836,30228,
  32438,32439,32182,-912,-31502,-32292,9204,28001,-17039,31737,32437,32437,32384,-20489,-32437,-32419,
  -5098,11308,-18739,-5869,26953,28788,28559,-14464,-32433,-32424,-30897,-31847,-31250,-26928,-25991,3154,
  25587,-4609,-31080,-31482,-31262,-30720,-27327,-28745,-18888,23570,31859,31802,25580,-9774,-25043,-20874,
  -9023,3632,17060,29774,31486,31647,30471,11994,-6085,-1717,136,976,4525,1580,5302,22298,
  26539,16952,-4882,-23354,-30263,-29364,-22892,-18638,-8351,7159,10539,3915,-5182,-24168,-30007,-28771,
  -22965,-1836,18303,23852,17728,11371,12452,8393,608,-1323,-6952,2002,18911,22114,18684,20828,
  20583,18018,7196,-8619,-21541,-16358,-1469,5182,-1527,-2020,-9726,-15357,-11346,-20667,-28590,-25710,
  -24377,-20688,-9325,-11274,-16350,-13703,-11566,-10617,-12125,-14698,-17158,-18451,-1438,12822,9926,13400,
  13383,10352,13200,13289,8602,11735,21244,17759,17514,10131,-8306,-8204,16486,32369,32438,32438,
  31019,-25189,-31392,-30976,5172,21413,16616,32413,32438,32436,28654,-32171,-32436,-32041,-4127,-1798,
  -7543,10848,29578,30939,5093,-32015,-32436,-32375,-30963,-30947,-28745,-26721,-17600,17155,12185,-23131,
  -31335,-31233,-29772,-26182,-23629,-25848,-3124,29706,32157,31697,19461,-16771,-27098,-24496,-7062,7739,
  24422,31311,32048,31519,25933,-4781,-22217,-17533,-5137,2325,9768,12148,14201,18627,17406,-231,
  -17273,-23925,-28496,-28853,-23486,-20692,-9191,13226,18104,11985,-1331,-22945,-30263,-30072,-21064,-794,
  21244,29044,25623,21318,15466,-1235,-7881,-6302,-1768,15063,22042,17916,17304,20675,21426,13539,
  -7778,-21916,-22840,-9475,3922,-430,-5691,-4279,-8607,-9292,-19377,-29528,-29298,-23046,-15145,-7260,
  -9061,-17261,-15870,-15958,-19116,-15261,-11110,-7131,-5143,-1195,554,4560,6541,8755,11771,10390,
  12803,12738,8586,11077,14525,10699,12155,9004,2541,27596,32370,32436,32430,21561,-19408,-27877,
  -20373,28996,25777,24479,32421,32437,32417,21803,-32105,-32426,-29024,7466,1007,-5405,15886,30058,
  27101,-12786,-32369,-32437,-32367,-30862,-30227,-28359,-25455,-11287,97,-11799,-30680,-32231,-31611,-28769,
  -27242,-18460,-13707,10296,30842,31115,25284,9450,-13652,-8132,958,-1927,8801,27996,31880,32318,
  31900,21016,-10195,-19635,-10939,1465,6062,10965,15690,22524,25078,11818,-20057,-29697,-30060,-26481,
  -14992,-10857,-19529,-16992,-6035,494,-1305,-11953,-25704,-28642,-25902,-14229,3352,17230,25829,24587,
  19446,18986,3963,-9921,-7094,-4768,20258,30498,29622,27291,18144,6107,2261,-9523,-16084,-16393,
  -9536,5087,15069,7234,-2455,-16303,-25584,-28215,-30431,-30852,-26678,-17978,-2048,3792,-9488,-19750,
  -27100,-29529,-24699,-15213,-10790,-5977,1386,6105,13665,15078,6884,6024,7263,10914,18459,3667,
  3439,20025,20041,18396,19109,12769,32115,32438,32436,29273,-16281,-28361,-21791,30274,31112,3477,
  32311,32438,32437,31574,-31151,-32437,-32316,15606,18862,-11844,4858,29089,30349,16841,-31600,-32439,
  -32437,-30261,-29226,-26939,-22627,-19831,1914,5961,-30390,-32412,-32380,-30832,-26604,-16336,-14156,-4610,
  27052,31985,29232,1648,-20879,-19170,-2379,9450,17262,26767,31565,32265,32103,27760,-929,-16709,
  -10684,1485,7382,18268,21867,22085,23321,15128,-7561,-24456,-29620,-30747,-26872,-10160,-4916,-2939,
  -493,-4788,-15077,-19035,-25975,-29542,-28261,-17443,4845,21737,28217,23800,10894,4105,-1218,-322,
  -144,4970,19801,28039,30695,29036,19791,10275,2819,-5716,-5309,-8235,-6804,3403,6025,1517,
  -4299,-12603,-14558,-23194,-29343,-31165,-30996,-26309,-15820,-6175,-8731,-16355,-22155,-27884,-27760,-26775,
  -23753,-10339,303,4250,9283,9996,6541,7374,3423,5336,16579,17420,17384,15370,14113,22539,
  18760,18117,30729,32414,32437,32419,13650,-25455,-22023,4314,31798,29558,26765,32420,32438,32415,
  4705,-32394,-32428,-25895,24708,12768,-11319,5449,27852,26407,-11415,-32413,-32439,-32404,-29621,-27833,
  -27108,-25823,-9060,8533,-8690,-31940,-32424,-32317,-29671,-20769,-6836,-9439,10767,31408,31314,15546,
  -15667,-27043,-10332,14913,20313,23897,28084,31324,32167,31067,15248,-7477,-15238,-3733,10080,13043,
  16692,19975,22681,20667,9832,-11095,-26485,-30382,-29687,-22457,-7093,1043,4125,-2798,-7380,-10136,
  -22059,-29639,-28303,-23919,-7420,17286,22658,18677,19915,18532,2968,-5989,-1390,-3690,8279,27010,
  27907,28214,30052,23785,443,-6423,-13514,-15543,1624,11821,9691,5432,978,-11702,-20429,-20721,
  -27469,-30090,-29374,-25396,-20586,-14635,-15035,-24719,-23670,-23305,-27272,-26457,-24681,-22860,-10710,2723,
  1628,3173,10257,3231,-998,8010,7504,10247,16306,10697,11368,22773,22610,20504,23964,32309,
  32437,32435,30883,-11450,-28461,-11909,31429,31738,26614,32390,32438,32435,30361,-31665,-32431,-31863,
  19729,23277,-6388,2291,24441,28675,7839,-32249,-32439,-32432,-30598,-27184,-29430,-31126,-26816,4066,
  3795,-29998,-32406,-32414,-31673,-24175,-13790,-17818,-3481,28946,31809,26419,-6233,-27107,-23194,9268,
  24518,25169,28921,31614,32187,31905,24748,-5161,-16375,20,17108,18817,19734,19297,19231,21741,
  18261,-2292,-22167,-30527,-31152,-27830,-16379,-631,5839,-4621,-6979,-11769,-24797,-29434,-30115,-28772,
  -17004,10458,22158,22508,22482,9208,-4040,-211,-826,-674,12285,21036,26275,29966,28731,23939,
  18065,6483,-2644,-7328,-6700,6262,15470,16827,4271,-6867,-12319,-17747,-23476,-27915,-29998,-27370,
  -18141,-12488,-16486,-22755,-26408,-26958,-28954,-26823,-26004,-24474,-9489,-6834,-9595,-4104,-5650,-5961,
  2140,3521,4037,11857,6409,8814,13130,15152,22818,23070,23437,31870,32422,32434,32086,6998,
  -812,-5824,27312,32282,25162,31919,32436,32434,32118,-7260,-32294,-32044,7314,27385,2289,-8189,
  17197,25728,4530,-29563,-32435,-32437,-31707,-27852,-29536,-31137,-30868,-21399,-14232,-28943,-32355,-32417,
  -31745,-28425,-21943,-18471,-16882,12754,30504,27076,4537,-16870,-17532,10164,25216,25658,26835,30484,
  32184,32196,30479,15790,-4367,3657,22759,25045,20999,18901,20346,21112,17161,102,-20083,-27400,
  -26688,-21864,-13729,-16121,-18173,-12647,-21087,-23736,-22933,-29536,-28418,-21737,-22419,-11987,1500,4277,
  6862,4168,-3544,-1317,3652,8281,14019,17230,25330,26176,23343,24008,20124,19088,17906,7353,
  4692,10548,14533,13501,9258,-1124,-5402,-1725,-9295,-23340,-27621,-26865,-19743,-11432,-15007,-26180,
  -29214,-26648,-26220,-24393,-23513,-28050,-24870,-14851,-12981,-14068,-12526,-10730,-6144,2811,8271,4908,
  587,5423,9649,10767,18304,27135,29011,32160,32433,32421,23900,6943,10865,-527,31991,32355,
  22469,32337,32438,32414,30190,-11153,-32074,-28506,26482,27207,-12348,-582,28500,25884,787,-31500,
  -32437,-32434,-30789,-28489,-31165,-31042,-29397,-22034,-18992,-31603,-32430,-32420,-31739,-30226,-23331,-22604,
  -20032,18411,29934,14624,-15282,-26198,-14144,20940,29515,28228,26136,30755,32312,32249,30148,17971,
  2276,15712,29886,29011,24285,24766,26987,25668,22036,1956,-21340,-26362,-25573,-21470,-12782,-5421,
  -7292,-17169,-23822,-27451,-30974,-31148,-29863,-27725,-16014,-4001,-7641,-7543,-6343,-9388,-15129,-9081,
  1349,7782,18936,22823,20065,24231,27286,23664,21142,17080,7782,11625,17115,18327,25217,23959,
  13968,1930,-4409,-6832,-11279,-15071,-22731,-22529,-11175,-8576,-13471,-25606,-30202,-29831,-29424,-26675,
  -23655,-26903,-23225,-16170,-19617,-17660,-17161,-22177,-15006,-6256,-568,8624,-460,2863,16302,17149,
  13648,10873,13863,30063,32419,32438,32274,12534,13284,9830,27582,32301,23481,27076,32436,32438,
  32408,16507,-30974,-31654,6410,31149,4630,-22369,15914,30428,26496,-9813,-32413,-32438,-32272,-28855,
  -31118,-31924,-31868,-28286,-14614,-23687,-32375,-32436,-32259,-30957,-30629,-27957,-30271,-16044,28840,28950,
  -545,-24815,-24092,2316,25217,26767,22809,26584,32071,32399,32178,27114,15402,14939,27731,30999,
  29014,22354,26005,29988,29561,23141,185,-17745,-21778,-20899,-16291,-15972,-15252,-12200,-14256,-20377,
  -27371,-31168,-31834,-31326,-28854,-21570,-12114,-9564,-12477,-15707,-16408,-18096,-15271,-5206,2507,11029,
  18877,22437,22712,23538,24569,20155,16735,15615,12112,16194,25926,27739,24686,20296,9793,2450,
  2086,-5766,-16143,-16517,-7845,-3406,-2737,-13661,-28310,-29336,-27116,-26486,-23805,-26986,-28225,-25370,
  -22750,-19970,-21190,-23937,-21279,-18381,-13069,-4324,-3720,-5823,1390,6554,10394,12265,19802,26470,
  31058,32356,32425,31873,21641,22110,13806,29068,32326,31528,31805,32429,32434,32183,16656,-21962,
  -28307,5735,30404,20276,-190,12599,20790,12810,-21566,-32376,-32428,-32238,-30504,-29270,-31696,-32046,
  -29639,-27700,-30894,-32375,-32429,-32324,-31966,-30838,-29070,-29083,-9657,16107,14534,-6290,-25983,-21213,
  4137,17696,24655,27224,29352,32114,32372,32019,27998,24084,25931,29398,31130,30770,28578,30331,
  31661,30565,24892,6960,-12182,-15800,-10066,-8762,-11106,-10816,-11680,-13967,-19702,-28339,-31581,-31808,
  -31380,-30434,-26539,-23668,-22966,-18379,-17157,-22017,-25261,-23056,-18746,-13320,-2131,6896,14234,23315,
  25465,22781,17187,15509,12578,12606,20334,25359,27589,28726,26686,20818,15058,9726,90,-5596,
  -4406,-178,3433,2371,-9607,-21120,-24200,-24843,-23412,-21795,-25239,-27068,-27634,-26745,-22547,-19947,
  -21993,-24354,-23534,-20587,-14349,-9744,-10861,-9457,-1202,9233,13185,5393,11327,20957,31137,32407,
  32401,28205,19447,22092,22374,31926,32179,28449,32143,32435,32433,31920,4403,-28343,-15860,30396,
  31878,16199,-4109,8231,21263,11482,-26055,-32374,-32399,-31003,-23166,-30414,-32182,-32091,-31238,-27449,
  -30517,-32409,-32420,-32257,-31906,-30715,-30930,-31324,-22683,8158,6086,-17237,-25525,-20035,-4057,10399,
  16441,16752,26922,32142,32316,31671,29528,28040,28034,30358,31110,28846,30022,32015,32034,31587,
  28951,14812,8076,10016,4273,-3575,-4275,-1971,-2264,-3365,-12993,-24753,-29165,-30183,-30554,-30579,
  -29839,-28736,-28468,-26225,-21646,-24689,-26117,-26224,-30210,-29583,-21348,-13828,-1803,8798,7566,6813,
  10014,3382,-1068,3118,10419,21516,26565,25967,23313,21150,23332,22098,17669,10893,5919,10020,
  12540,10273,4744,1796,4649,1715,-3229,-13207,-23258,-21285,-18430,-17158,-12102,-12986,-17649,-16726,
  -19350,-22337,-21305,-21053,-19260,-17422,-11619,-3946,-6138,-6750,3233,13754,28445,31716,30403,8902,
  4236,16002,23573,30576,30902,27377,31931,32417,32387,30736,7963,-7828,17403,31328,31550,21462,
  5085,25571,30483,21717,-10392,-30907,-30828,-16160,-8847,-26590,-31619,-31085,-24862,-19045,-29170,-32294,
  -32340,-31632,-29893,-31015,-32231,-32238,-29920,-12610,-6071,-24840,-31084,-29103,-21074,-13878,-14269,-17456,
  -3617,24209,30549,28039,16264,12585,20074,27297,28596,25769,25655,29718,31564,31657,30203,26571,
  26227,28166,28902,24330,13019,8935,13946,18215,20278,15038,1673,-2487,-3877,-12398,-17655,-21560,
  -24511,-20864,-12427,-12465,-19515,-24693,-27350,-27197,-25215,-23208,-24260,-26232,-22725,-16758,-16079,-15279,
  -15403,-13876,-6358,-4818,-11751,-14374,-12066,-4356,9364,14378,6709,4259,4779,4860,6814,7962,
  4536,5043,11114,12416,9550,9879,7646,4710,4470,5050,1274,-354,2277,289,-1522,3359,
  3951,737,-584,-3403,-7412,-6794,-5619,-5145,-1718,9563,21134,23288,13217,-3803,-5839,7583,
  19526,23097,14299,959,18694,30525,30861,27440,9564,4058,21689,29768,28769,6355,-3510,14484,
  27588,29134,15256,-8078,-4844,13668,19260,-4646,-26434,-28376,-17331,4754,-605,-24139,-27176,-20842,
  -14206,-18830,-30567,-31911,-29450,-15716,-10542,-26616,-31329,-30037,-20866,-8784,-17228,-28693,-28350,-14600,
  -3330,-11171,-21519,-22798,-7141,16588,18577,3310,-7539,-2735,8295,15293,10997,4461,13433,25589,
  28563,24586,11120,8590,17697,24671,25824,19047,10233,14582,21479,23240,21233,15362,14750,19990,
  17903,5551,-1694,-1087,1897,11715,12620,2014,-937,-4145,-8350,-6656,-10372,-13190,-11378,-10362,
  -8915,-14474,-19817,-19962,-21190,-15102,-10232,-16434,-21795,-26027,-26370,-19053,-12160,-12962,-16798,-18856,
  -17023,-12795,-9587,-12048,-17580,-13819,-4668,-2192,-517,-2139,-5409,-1070,7883,9919,6178,3238,
  3657,6671,11251,9617,4217,3792,8868,13151,12395,10926,16662,27014,30212,24984,362,-6759,
  8721,27949,31236,26801,2068,10391,30100,31816,29970,6620,-2430,22542,31670,31197,-882,-21896,
  2870,29590,31659,21657,-15078,-13127,13749,22887,-6677,-30744,-30723,-8015,21069,6730,-28278,-31346,
  -26328,-6981,-15200,-31437,-32082,-30190,-15406,-11915,-30828,-32272,-31275,-14625,-1220,-19574,-31583,-31968,
  -26041,-7289,-15608,-27962,-28521,-11707,14855,15906,-5985,-22614,-14251,12266,23267,16239,3970,5344,
  21227,29795,28868,19747,17620,25529,29711,30702,27813,17676,18656,26848,29523,29405,26842,23609,
  22861,25949,25941,18136,6788,3184,3992,7792,13091,10574,2622,1986,-1280,-11933,-19092,-22513,
  -22800,-15808,-13350,-20073,-25112,-27412,-26776,-24362,-23285,-26466,-29401,-28700,-27392,-26529,-25264,-26848,
  -26931,-21916,-16203,-16080,-19285,-22798,-21695,-14771,-5590,-458,-380,471,3723,3958,4040,4802,
  8906,16054,20526,19271,12580,10725,16157,18391,21317,22201,17696,20902,26227,28510,30030,28832,
  15070,8326,17093,26343,30439,29337,14634,6943,24609,30905,30610,23831,1453,1990,23802,29637,
  17514,-7639,-5566,14277,26639,22377,-7328,-20419,-5628,12898,3913,-24012,-30485,-26377,-4517,2789,
  -19258,-30497,-29520,-20171,-14828,-27650,-31809,-31633,-26563,-15976,-25350,-31676,-31690,-26757,-8850,-11832,
  -28480,-31403,-29137,-15669,-8699,-19808,-24641,-16595,6415,19222,10827,-8183,-8109,4025,15251,17611,
  11409,10752,24112,29085,29228,25288,20104,21312,26525,28330,27046,22430,19961,22742,26434,28158,
  28073,26068,21439,15023,10893,9122,10522,11737,9879,8544,6105,4431,1257,-2362,-4788,-7921,
  -13362,-16210,-18386,-19257,-17740,-18940,-22004,-22661,-22008,-19117,-18995,-23737,-28822,-29585,-27195,-23158,
  -19429,-20271,-24348,-23108,-17694,-11763,-13040,-19106,-22124,-18917,-11694,-4482,-2030,-2639,1066,7373,
  9126,7013,3574,3076,5746,11427,14454,14073,16758,19894,21253,22189,19020,13286,11875,16578,
  22426,27908,30350,29427,18073,8176,15280,23262,28007,27457,10673,3377,25843,30980,29832,21666,
  4203,4875,24199,29355,12619,-14989,-9218,13768,27551,24028,-3842,-19444,-7159,10355,-53,-25951,
  -30662,-26742,-2507,8201,-16070,-30576,-30442,-23712,-17216,-27721,-31778,-31831,-28475,-15698,-22707,-31292,
  -31642,-28071,-13245,-10426,-25673,-30806,-28731,-14573,-7456,-15492,-21832,-14495,5613,17413,11434,-2447,
  -4821,7309,18035,17916,13374,13021,22761,29454,29892,25005,18145,19384,25467,28935,27846,20292,
  15172,20356,26329,28683,27608,21709,15807,17972,17833,9990,4219,1801,3985,12013,12041,2972,
  -4182,-6905,-7269,-10268,-14948,-18164,-19408,-15281,-13169,-20218,-24412,-24292,-22160,-18606,-19051,-23550,
  -27121,-26617,-22451,-20556,-20717,-22547,-23908,-19385,-12769,-11179,-14819,-19458,-18643,-12214,-4203,-269,
  -2611,-4008,757,4780,6551,6437,5330,10533,18758,20426,15646,8336,7293,15544,24249,25341,
  20157,12501,11001,13854,19696,21608,21076,25839,29370,25727,10672,6880,10460,20616,28990,24153,
  2210,7736,26086,28387,26988,13873,-2616,9186,26286,22727,-3935,-17287,-3526,19454,26898,11973,
  -14112,-16967,-441,5842,-12931,-29541,-30530,-21944,-142,-4477,-25947,-30277,-27394,-20512,-22787,-30643,
  -31640,-29795,-18977,-15274,-28420,-31515,-29471,-14851,-2277,-14307,-28755,-30070,-21493,-4011,-3510,-14955,
  -17872,-5078,14106,18838,7377,-2555,2239,12763,19787,16516,8198,11041,24098,29126,29013,24843,
  19676,21154,25025,24994,20522,16565,19768,25250,26503,23538,17890,16906,20275,20128,12519,-603,
  -4893,1787,7390,7657,588,-4213,-1270,-134,-5805,-17735,-24281,-22342,-14370,-7534,-10909,-20890,
  -24456,-20521,-17142,-18664,-21034,-23665,-23496,-18490,-18577,-23486,-22991,-19674,-14170,-8078,-10102,-14910,
  -14629,-11680,-7151,-5730,-6578,-2223,5456,9183,7407,1679,381,6675,13992,16967,15739,10823,
  10480,12321,13010,16686,20015,20374,19150,13814,7034,4465,6057,13969,19599,20291,24918,27700,
  20977,3169,-1895,2424,12805,23621,21134,1967,3271,23752,27938,25434,12438,-3428,3012,21504,
  23591,-701,-18710,-8041,15605,26986,19831,-6887,-17385,-4390,5777,-6469,-26229,-29823,-22581,495,
  6305,-13901,-27935,-25738,-18850,-18646,-27347,-30679,-29566,-20549,-11853,-22760,-30115,-28515,-17065,-4914,
  -10330,-24895,-29003,-22826,-8204,-6454,-16296,-19628,-9094,9956,17107,10560,-1879,-1781,5465,9976,
  7767,5157,9148,22974,28799,27926,19630,12655,14446,21320,23808,20188,11579,12132,18977,23811,
  24163,21223,13311,14284,18512,15206,5032,-4782,-8221,1921,15174,16582,8494,148,-5113,-5130,
  -7000,-11923,-18246,-17612,-7556,-3477,-10061,-17911,-20812,-17613,-8817,-8401,-19272,-25083,-24606,-20431,
  -15161,-13753,-16288,-18054,-13485,-7948,-9289,-12710,-14946,-15453,-10870,-6361,-5970,-5811,-1737,1764,
  3464,4586,4033,4761,8441,8995,6299,5188,5653,9362,15189,17587,18330,15824,12836,11558,
  8320,7008,5648,2888,8703,17737,23331,28454,28969,16488,-1850,1348,7820,15756,23964,16039,
  1120,14173,27783,27436,22650,9340,916,10016,23098,19141,-6274,-15550,2960,22599,26642,15766,
  -9896,-16477,-454,5340,-12558,-28847,-30275,-21800,4404,6950,-17002,-29010,-28297,-22519,-20908,-29131,
  -31134,-30005,-19486,-9208,-23856,-30741,-29574,-18179,-878,-6201,-24808,-29335,-23556,-8943,-4132,-12079,
  -14663,-609,18828,20977,6933,-8104,-5386,5601,14579,14106,9767,12668,26079,29134,25145,13517,
  7887,12279,21808,23286,18267,11856,14190,19289,23045,21826,17924,15586,14668,11692,7398,1885,
  484,4003,8185,9314,8655,5479,4206,356,-4764,-9131,-11970,-12370,-9760,-3635,-1681,-7273,
  -12596,-15450,-15044,-12899,-10803,-14906,-21224,-20794,-17750,-14971,-12574,-14845,-17458,-14037,-8851,-9697,
  -15678,-20986,-20785,-14815,-6855,-2617,-3376,-5111,-3444,-1355,-1321,-2646,-3495,-909,5261,8433,
  7283,7425,9684,14257,18658,15321,8795,6829,7435,13110,16997,11351,7934,9695,12207,16573,
  19986,18296,19364,23229,19991,3168,-2891,6146,17591,25883,25771,6838,-1941,17336,27063,24335,
  10529,-6035,-917,21183,28017,12273,-14763,-14413,7343,23115,19886,-6185,-21669,-10475,8042,1857,
  -21344,-30012,-26926,-4549,8210,-9674,-27734,-29075,-21605,-13365,-23094,-30181,-29886,-21866,-3818,-10315,
  -28482,-30440,-24647,-6759,-582,-16548,-28116,-26446,-10903,640,-5072,-16627,-13648,2707,15196,11177,
  -5624,-13786,-2560,12358,16825,11918,5627,11354,24295,26959,20085,6551,3035,14694,25051,25962,
  19715,10419,12572,22406,24866,20435,13360,10233,14005,20043,16712,6560,2376,5363,13726,18951,
  13939,2796,-1545,877,831,-3770,-8687,-10448,-5593,1615,750,-10604,-18171,-17293,-13653,-11236,
  -13970,-22982,-24891,-18769,-14097,-15405,-19952,-23432,-20144,-14829,-14544,-19813,-24162,-23334,-16726,-9812,
  -6937,-8992,-9439,-5726,-1776,-3338,-5048,-4426,-845,5844,10899,9375,8347,10548,13313,14632,
  15722,14275,14918,14833,15176,16198,16618,17637,19219,15447,12361,10905,9739,9559,13972,13975,
  17728,23466,23714,10445,-3188,-4267,3280,14178,20829,9775,-3203,5505,21052,20944,15202,-505,
  -4379,7363,20228,12187,-8841,-15403,1192,18889,21261,3898,-14867,-14468,5405,8324,-9804,-27736,
  -28911,-16666,5597,2233,-16578,-25790,-22382,-14545,-14850,-27543,-30046,-27175,-11746,-5100,-20906,-29804,
  -27282,-13725,247,-7615,-24724,-28783,-20736,-4790,-2040,-14060,-19280,-8673,10778,16573,6457,-8392,
  -7331,4765,15336,13634,6076,4895,19987,27459,26220,16849,9102,11576,22217,24602,19751,11918,
  12771,21190,25700,23131,17022,12956,16292,20962,18201,5350,-2102,1171,9046,14224,12317,3603,
  449,1799,637,-4224,-12261,-19069,-15765,-6833,-5060,-9322,-14473,-16773,-13470,-9807,-12707,-21581,
  -25496,-23158,-16444,-11944,-13411,-18748,-20147,-13556,-5805,-7337,-14830,-19944,-19334,-12500,-5162,-4203,
  -5715,-2592,3374,6350,3689,-2669,-6038,-758,8696,11740,8257,6228,8196,13349,17131,13666,
  7209,6504,11015,16318,15776,11299,9383,10292,14615,17103,12083,6043,6044,5735,3585,3287,
  3750,6411,13342,20420,21073,8642,-6262,-6642,-141,8763,18591,13873,-1628,347,13506,17602,
  15899,7519,-2386,2166,14125,14612,-1629,-15301,-9715,9654,20604,14650,-4949,-14568,-6635,2292,
  -4195,-19332,-26827,-21403,-1219,7411,-6370,-20798,-22686,-15666,-11477,-20682,-27994,-27094,-15863,-1274,
  -9609,-25826,-27117,-17493,-3767,-1023,-14769,-24628,-20689,-6857,-870,-8719,-17055,-9057,7844,16604,
  9531,-4690,-9925,183,12284,14070,6315,1569,10221,21621,22060,14081,6088,6342,15448,22042,
  19382,9763,4250,9678,17536,18907,15823,11749,10715,13793,14202,7504,692,-913,4350,10819,
  11099,7215,4333,1667,1205,669,-3343,-7599,-6782,-3043,-171,-2221,-6925,-10648,-8893,-5042,
  -3468,-8585,-16098,-17665,-13636,-10297,-8357,-11840,-14832,-12478,-7800,-7334,-12047,-18846,-19189,-13911,
  -8126,-6668,-8522,-10585,-7522,-3672,-3765,-6990,-9036,-6546,611,4584,4123,2627,1769,3334,
  7907,10284,9897,9278,9688,10674,11774,11946,11083,10483,11941,14171,15238,14109,12597,10907,
  8826,7696,5991,4974,5337,7256,9374,10326,9958,12773,17518,12037,-3359,-8132,-4644,2423,
  12822,11934,-3601,-3781,10744,18763,14804,1618,-10012,-5162,8280,14748,-1804,-16726,-9318,11762,
  21878,14735,-10045,-20381,-9381,5306,494,-15104,-25652,-19582,1008,9977,-4128,-17817,-19830,-10360,
  -6677,-17337,-26472,-24679,-12459,3563,-2946,-20648,-23403,-11595,-434,5,-13579,-23114,-19999,-6897,
  -793,-4545,-11052,-4584,8703,13164,3105,-9267,-12600,-3407,5891,8471,3308,1651,9635,20039,
  19429,10662,2061,1529,6796,12923,12346,7560,6120,12215,17333,17726,13735,8604,5260,6932,
  8784,6542,3046,2651,5922,12440,14484,9937,3828,683,201,-246,-2455,-5114,-5388,-3,
  4787,1590,-5023,-7182,-6632,-4951,-4000,-9824,-16539,-14130,-8081,-5484,-7897,-12458,-13158,-9203,
  -4981,-6497,-13323,-16873,-15660,-11371,-7416,-7993,-8818,-5881,-2304,-1068,-3354,-7302,-8701,-5202,
  -62,2183,1795,2435,5657,9072,9719,8345,6390,5474,7496,9212,8686,10150,11945,12509,
  14389,15954,14398,11522,9248,7164,7294,7633,7166,8417,8274,7457,6926,3872,279,-926,
  72,1282,3029,5370,8222,2676,-7991,-9043,-5199,-1058,6493,4246,-7884,-8309,2433,7485,
  6617,-709,-7135,-1388,7609,9189,-3727,-14620,-7108,8607,16189,9983,-5488,-9661,-329,7831,
  2075,-9536,-16381,-8255,6116,9974,-2343,-11565,-11136,-3206,-599,-8195,-16103,-13296,-4843,3427,
  -4749,-17777,-17953,-6499,3225,2783,-9435,-15866,-14392,-7926,-4450,-8481,-13907,-7047,2743,6211,
  35,-8540,-12125,-6358,-1614,467,-2922,-4409,1810,9670,8712,4651,-490,-787,4360,9294,
  6811,2633,-591,3773,11792,15004,11905,9085,6118,7781,9520,5976,977,330,4475,13313,
  15074,10161,5494,3885,4768,6756,2535,-4670,-6372,-847,5076,5860,146,-3606,-2395,1315,
  3752,-1064,-10676,-10831,-6052,-2843,-1979,-6524,-9301,-4850,226,2036,-3368,-10449,-11898,-8809,
  -5558,-4673,-7058,-6881,-1842,670,-981,-3209,-5958,-4743,-333,-468,-3698,-5248,-3150,1940,
  4553,3896,2331,58,1093,3662,2715,1526,1977,1895,3432,5681,5959,6402,6935,6227,
  4273,2197,1076,2186,2702,3244,4941,4139,2666,2107,-391,-811,-1132,-2748,-3488,-2501,
  -2685,-1058,2793,8225,10051,-1028,-10074,-7143,-3868,3894,11773,2119,-7377,1794,11494,13260,
  11471,1003,-1656,8153,18889,13745,-5877,-10852,4626,19395,23358,13265,-2602,-1814,12230,13284,
  2728,-11278,-14752,-114,14829,9905,-3722,-10701,-5462,3221,-461,-15863,-21523,-16834,-1280,4114,
  -12160,-23138,-18507,-7689,-165,-5512,-19195,-23980,-18471,-10043,-7753,-14473,-17458,-9840,-1668,-1579,
  -7917,-16201,-15525,-8924,-3524,-3349,-7553,-7573,1855,7498,6014,550,-4198,-3421,4544,9095,
  7266,3760,3856,7200,12153,12424,11663,10268,9830,13227,13989,9804,8061,8210,12685,17746,
  16987,14512,14033,13357,13720,12154,6708,4150,7759,11964,11711,7550,3737,4610,6383,6636,
  3948,-4402,-7200,-2408,-1126,-2442,-6481,-11498,-10503,-6754,-5519,-8713,-14529,-16809,-14882,-13910,
  -15024,-17252,-18002,-14166,-9302,-9487,-12231,-15066,-17130,-13854,-8963,-8883,-10088,-9390,-7073,-3121,
  -1061,-653,-1677,-1853,1230,3531,3269,4632,5241,5838,8273,10493,10092,10362,11116,11603,
  12314,10612,8493,8189,7611,9766,11895,11525,10691,8376,5977,6095,5039,3669,785,-1179,
  74,2526,1951,725,-2846,90,9405,10211,-5770,-12663,-11936,-5814,6228,11076,-3787,-7475,
  3969,13708,9038,142,-7985,-1453,10770,19922,4421,-12269,-5965,15280,22416,17622,-2141,-9653,
  3157,17434,8300,-5825,-17098,-7794,10647,14521,-1757,-13707,-12867,-851,436,-11764,-22902,-20664,
  -10219,3170,-2879,-20108,-24041,-14259,-5701,-5777,-14546,-20434,-19085,-11056,-6503,-8965,-16164,-12184,
  -2548,2756,-276,-7542,-12093,-6389,741,5408,1823,-2437,1049,10491,13636,11089,3901,-26,
  3844,11786,13999,11148,5821,6863,13378,16025,13386,9005,4827,8274,14114,13276,8204,3363,
  3353,9377,12619,10039,7672,5400,5067,7086,4588,-1604,-4028,-744,4725,4757,1205,-1344,
  -3083,-3121,-244,-2643,-8972,-8875,-5681,-5068,-5394,-8128,-10937,-10289,-6882,-5200,-7164,-10823,
  -12208,-12057,-11381,-10493,-10531,-9451,-5745,-4557,-6099,-7571,-9519,-10046,-5816,-2343,-2432,-4558,
  -4845,-2524,780,3845,3767,371,-486,2716,5142,5984,6237,4322,5019,7679,8638,7450,
  6593,8031,9802,9820,7859,6317,5614,6381,10431,10089,6828,4636,4149,4823,5876,4221,
  1967,1943,2926,3596,2455,-2552,-5807,-5828,-2619,-870,-178,2095,4958,1681,-6388,-8236,
  -9487,-7424,2024,4957,-1690,-3712,1749,5210,3693,1432,-2465,1968,9043,12628,2419,-7840,
  -4277,7954,13899,13133,5169,2032,5278,9070,1878,-5253,-11121,-4403,6293,10200,3484,-3325,
  -5298,-1061,-2375,-7553,-13446,-11103,-5617,1411,-3554,-12733,-15473,-10165,-5572,-3657,-6762,-10485,
  -14331,-11479,-8801,-9127,-12300,-8102,-2442,1625,69,-4060,-8821,-7998,-5240,-834,-1512,-1344,
  1098,6009,5799,4728,466,-1232,1614,6984,7129,5779,3211,4415,5986,7052,5734,6509,
  7191,8884,8252,5126,1660,1405,2820,6344,6904,6588,7309,7034,5746,4613,1139,-1927,
  -198,4472,5815,3195,1330,1354,1174,2003,3342,637,-2384,-1851,-1741,-3097,-2937,-3999,
  -4254,-2043,-313,-1068,-4123,-7456,-7990,-7311,-6084,-6747,-8349,-8356,-5786,-4455,-4437,-5240,
  -7104,-8361,-7385,-7118,-6815,-7000,-6010,-3853,-1528,-922,-442,-796,-345,569,706,551,
  1433,1148,3686,7126,8176,7635,7481,6652,7577,7907,7248,7023,7619,8863,10343,8253,
  7604,7986,7781,8904,9704,6345,2621,638,698,1525,3097,2297,1504,-805,-3070,-4870,
  -6090,-7311,-7726,-9325,-7562,-2810,2315,-2981,-11437,-14515,-11776,-7295,-1175,-3488,-9429,-7349,
  1405,3431,-69,-5229,-3150,4304,12131,10597,-1240,-6844,871,9915,13506,10833,7364,9670,
  15634,13947,4824,-1751,-1046,6426,12865,13066,6608,2738,5203,7153,3439,-1130,-2102,-484,
  2203,3357,-2007,-8996,-9349,-3666,-1617,-3296,-5476,-7361,-8218,-7740,-9228,-13214,-15248,-11058,
  -4995,-2475,-5260,-9367,-12505,-11927,-9107,-7150,-8664,-8425,-6397,-3970,-3098,-4660,-7418,-5982,
  -3695,-705,-344,-2519,-4776,-3334,-966,2276,1823,699,837,3466,5176,5393,1581,-1215,
  721,5537,6812,7018,6267,6378,7183,8595,7081,2752,1161,4693,7828,8877,7979,6013,
  5303,6972,8457,7248,4679,3643,3355,3589,4823,4293,2883,2949,4315,5465,4446,1223,
  -1621,-1509,-138,-606,-2258,-2798,-1688,-1084,-1116,-741,-1982,-4403,-5302,-5008,-4900,-5252,
  -5613,-5224,-3542,-2302,-3678,-6099,-6798,-6088,-4167,-3683,-5121,-5077,-5109,-5276,-3560,-2262,
  -1928,-2175,-2498,-1856,-2158,-3120,-2980,-1728,-637,647,1403,1688,1932,1555,-337,-463,
  942,1934,2550,3083,1720,1002,1263,2172,1749,1388,745,658,546,536,-287,-1523,
  -2382,-493,-685,1805,7115,8143,1233,-2174,-3053,-1872,2058,6119,3218,3653,8892,12645,
  9770,4540,716,4765,10927,16812,12001,2730,1863,8627,13220,14020,9328,7077,10814,13239,
  7889,1869,-3199,-1848,4145,7711,5486,1393,-1239,-353,-1287,-6298,-10905,-12267,-10080,-4698,
  -3993,-9056,-14737,-14678,-11571,-10849,-12587,-14485,-16149,-15237,-12825,-12927,-16670,-17660,-13781,-8494,
  -6992,-8403,-11373,-13682,-12456,-7917,-6794,-8129,-6087,-2051,1002,2960,603,-2781,-3034,664,
  5384,6666,5278,4535,5371,8691,11309,10284,7514,7493,9478,11745,12989,9969,6370,7905,
  10327,12063,12539,10951,9512,8994,8520,7247,3856,3411,6315,6938,5945,4764,2003,834,
  2905,3323,150,-2032,-2521,-2854,-1811,-1966,-3228,-5322,-5607,-3579,-2879,-3827,-4648,-6282,
  -6526,-6217,-6221,-6627,-6098,-4728,-3624,-3987,-4261,-4980,-5267,-3861,-2862,-3188,-3307,-2888,
  -2595,-1855,-920,-1016,-989,322,1018,688,-609,-602,45,1024,2812,3016,1331,1442,
  1875,1534,1448,2030,1851,2150,2614,1515,255,523,634,1223,1183,258,-707,-878,
  -533,-336,-836,-625,-644,-1571,-1635,-1819,-2899,-2552,-1238,-435,-1000,-2115,-3306,-3708,
  -2521,-2460,-2800,-2856,-1035,3556,7169,3880,-1351,-2321,232,3105,5227,1754,-430,4286,
  11674,13223,8240,2163,3851,9884,15281,13385,4735,580,6045,11362,12799,10053,7444,9504,
  13225,10241,3972,-1355,-2836,1531,6143,5897,3040,749,1335,2040,-1456,-5490,-7417,-7999,
  -5479,-2841,-5031,-8378,-9582,-9037,-8690,-8220,-7319,-8885,-11327,-11969,-12326,-13845,-14340,-11932,
  -9320,-6691,-5902,-8065,-10779,-12815,-12348,-10166,-9218,-7550,-5978,-5198,-4052,-3896,-4510,-4819,
  -4768,-3055,-1368,-1067,-1028,-704,-332,966,2404,3708,5364,6357,5432,4165,2640,2556,
  5312,6877,7409,8672,9314,9944,9925,7886,7090,6715,7317,9071,8863,7148,7326,8628,
  9209,9212,8789,7411,7418,7713,6492,4478,3039,3972,5986,5634,4370,2694,1954,2815,
  2550,772,-1735,-3985,-3300,-1298,-1191,-2163,-3811,-5000,-4593,-4250,-5080,-6708,-7808,-7459,
  -7083,-8405,-9069,-8378,-7367,-5945,-5757,-7944,-8989,-9154,-8371,-6907,-6578,-6609,-6266,-6007,
  -5138,-4791,-4776,-4470,-3822,-3183,-2263,-2467,-2838,-2308,-1121,491,1458,2000,1921,1991,
  2711,2882,2328,2298,3004,4294,6030,6233,5331,5634,5892,5351,5470,4997,4634,5527,
  6860,6521,5151,4070,4622,5025,4867,3770,2198,1557,2371,3246,4449,5155,4828,3598,
  2720,1562,913,1238,301,-48,1824,4398,5324,4244,1838,386,1172,3873,4555,1754,
  124,601,1698,3252,3563,2152,1995,4069,4576,2702,-7,-2589,-3060,-2018,-717,-112,
  188,1833,2824,366,-3026,-5632,-6927,-5087,-3229,-3171,-3753,-3633,-3402,-4133,-6108,-6852,
  -6025,-4643,-4285,-5036,-7886,-8961,-8142,-7384,-7283,-6806,-5490,-3716,-3636,-4973,-7882,-10174,
  -9502,-6813,-5084,-4081,-3843,-3506,-2582,-2686,-3703,-4560,-4556,-3348,-2337,-1984,-1517,-1107,
  -270,1621,2100,1469,1716,1194,842,1881,2741,3215,3772,4570,5242,5141,5494,6135,
  6000,6239,6859,6382,5290,4837,5015,6091,8007,8861,8078,7019,6758,6762,6396,5563,
  4411,3994,4966,6315,6403,5666,4625,4334,4177,3605,2212,1006,623,1099,926,581,
  -230,-839,-1055,-913,-1449,-2325,-4012,-5227,-5632,-5345,-5148,-5187,-6021,-6562,-6579,-6135,
  -6049,-6660,-7955,-8625,-8143,-7556,-7123,-7192,-7451,-6406,-4984,-4455,-4638,-5442,-5744,-5018,
  -3400,-2630,-2775,-2805,-1929,-273,1208,1073,943,686,871,1783,2174,2123,3134,4082,
  5133,5322,4684,3640,3493,4424,6088,6544,6176,5096,4355,4080,4632,4563,4183,4589,
  5363,5407,4943,3264,1659,1179,2328,3192,2636,1254,1192,2308,3592,3473,2382,882,
  574,1260,1528,916,370,385,1492,2671,3017,2475,2186,2724,3016,2168,920,561,
  1745,2764,2653,1948,1330,1633,2113,2056,1484,492,25,-55,-920,-2184,-3007,-2996,
  -1921,-969,-915,-1785,-3215,-4487,-4495,-4697,-5057,-5382,-5943,-6437,-6100,-5696,-5455,-5825,
  -6090,-5984,-6231,-6789,-7095,-7299,-7049,-6228,-5663,-5673,-5956,-5687,-4848,-3941,-3939,-4369,
  -5006,-4867,-3692,-2437,-1908,-1808,-1780,-1254,-804,-578,-592,-258,91,1019,2133,2172,
  1672,2023,2971,3700,4016,4001,3819,3935,4716,5317,4962,5245,6022,6804,7201,6799,
  5749,5181,5506,6272,6304,5914,5244,5506,5944,5679,4675,3691,3194,3267,3121,2745,
  1804,1096,911,1001,720,69,-813,-1518,-2324,-2834,-3320,-4058,-4190,-3624,-3819,-4298,
  -4442,-4751,-5227,-5137,-5377,-5529,-5566,-5581,-5256,-4491,-4221,-3946,-4018,-3931,-3522,-3064,
  -2714,-2279,-2153,-1812,-1373,-971,-357,635,1254,1393,1646,1768,1841,2279,2751,2859,
  3039,3721,4530,4726,4518,4243,4220,4438,4630,4324,3874,4103,4435,4572,4161,3165,
  2805,3176,3306,2995,1850,722,308,656,873,548,-7,-311,-554,-1284,-2259,-2520,
  -2520,-2004,-1519,-2046,-2610,-2586,-2736,-2684,-2620,-2687,-2513,-2477,-2533,-2288,-1988,-1796,
  -1467,-924,-658,-329,-385,-835,-925,-707,-112,876,1063,833,752,1157,1493,1391,
  1385,1301,1344,1823,1682,1258,1062,1211,1870,2307,2269,2150,1593,1020,1008,885,
  594,1070,1711,1543,1057,656,174,225,424,236,-87,-176,-223,-437,-1030,-1137,
  -750,-198,8,-558,-1486,-1842,-1720,-1333,-1293,-1817,-2087,-1372,-597,-967,-1716,-2208,
  -2174,-1599,-971,-1076,-1618,-1920,-1518,-1232,-1296,-1451,-1552,-1483,-1073,-1046,-1319,-1777,
  -1917,-1678,-1197,-1083,-1123,-1264,-1348,-1121,-687,-716,-1196,-1449,-1131,-813,-771,-554,
  -613,-944,-538,15,-454,-630,-398,-491,-429,-126,-228,-372,37,541,505,409,
  279,154,209,436,555,510,810,901,640,635,728,744,942,911,532,371,
  866,1335,1189,620,237,208,633,1171,1305,784,643,697,472,539,711,676,
  1015,1127,669,330,321,849,1549,1795,1420,765,668,1015,1350,1397,1380,1317,
  1500,1872,2048,1665,1453,1746,2241,2327,2160,1659,1258,1687,2243,2304,2126,1856,
  1710,1614,1564,1762,1466,992,900,963,1027,1229,1091,856,555,348,-27,-448,
  -717,-709,-475,-96,-332,-1022,-1684,-1987,-1805,-1425,-1328,-1826,-2418,-2698,-2628,-2375,
  -2287,-2198,-2136,-2216,-2265,-2489,-3060,-3325,-2995,-2588,-2214,-2220,-2591,-2721,-2403,-1962,
  -1755,-2207,-2688,-2543,-1803,-1128,-803,-1277,-1790,-1476,-776,-321,-440,-906,-777,-274,
  367,455,-86,-220,293,1084,1738,1514,688,337,946,1701,1955,1652,1366,1495,
  1907,2370,2483,1973,1534,1633,1909,2242,2674,2625,1962,1847,2099,1992,2096,2209,
  1984,1976,2156,1931,1376,1007,1029,1494,1772,1836,1073,218,297,565,481,275,
  -149,-306,-255,-102,-594,-1296,-1362,-1148,-1013,-824,-1181,-1942,-2137,-1962,-1999,-2095,
  -2198,-2356,-2243,-2206,-2335,-2659,-2814,-2492,-2203,-2368,-2470,-2576,-2742,-2471,-2268,-2274,
  -2091,-1744,-1725,-1869,-1844,-1750,-1417,-883,-805,-1016,-1040,-628,-265,-182,-114,-24,
  221,695,803,372,309,701,1190,1516,1575,1351,1266,1571,2037,1983,1758,1812,
  1875,1964,2152,2072,2027,2259,2464,2371,2038,1863,1938,1946,1928,1837,1526,1425,
  1667,1689,1651,1579,1429,1512,1574,1214,694,532,641,787,866,664,350,224,
  404,584,343,-59,-266,-300,-248,-194,-369,-556,-503,-320,-253,-304,-584,-881,
  -1043,-1119,-1269,-1127,-991,-1074,-904,-822,-1040,-1109,-1173,-1334,-1420,-1319,-1228,-1304,
  -1228,-1169,-1315,-1343,-979,-464,-350,-665,-1169,-1593,-1390,-756,-423,-438,-620,-512,
  -257,-163,-353,-564,-422,-109,62,-114,-534,-623,-35,667,862,513,167,87,
  169,381,350,203,208,414,743,805,733,733,663,612,699,713,528,349,
  432,559,618,782,974,928,726,570,338,198,165,283,375,516,535,456,
  44,-158,127,372,228,-60,-607,-664,-322,31,114,-157,-365,-157,-93,-250,
  -456,-642,-745,-480,-252,-283,-446,-433,-317,-272,-413,-509,-551,-452,-303,-378,
  -465,-352,-335,-252,-52,-158,-228,-128,-176,-311,-148,74,267,235,197,179,
  279,350,508,309,20,228,411,306,267,188,171,346,523,287,-168,-280,
  -54,107,174,164,-78,-128,-11,-42,-89,-155,-195,-176,-61,24,-28,-45,
  -47,22,251,700,706,243,45,229,331,616,848,644,415,743,945,828,
  854,799,747,1024,1004,595,183,221,520,791,739,514,250,207,326,93,
  -335,-451,-456,-314,54,-125,-782,-1071,-919,-740,-675,-841,-1207,-1417,-1246,-973,
  -1166,-1482,-1576,-1403,-1001,-746,-952,-1380,-1478,-1073,-736,-782,-1031,-1147,-841,-233,
  20,-189,-409,-399,-22,480,456,27,-104,77,484,784,654,253,208,660,
  1048,929,793,649,491,584,501,292,235,409,713,604,186,-107,-258,-57,
  157,-122,-468,-507,-488,-403,-302,-287,-292,-145,-204,-380,-543,-441,-232,-35,
  44,92,46,308,597,621,769,774,502,469,588,752,1005,1163,1265,1138,
  1080,1219,1171,1105,1045,800,829,940,786,708,790,766,801,516,128,-10,
  126,215,47,-347,-638,-603,-296,-74,-85,-340,-760,-1008,-930,-911,-1009,-934,
  -970,-925,-728,-768,-902,-972,-1101,-1102,-923,-704,-767,-1082,-1399,-1233,-785,-381,
  -346,-748,-1023,-818,-480,-370,-561,-801,-925,-574,-122,-116,-417,-402,-276,-111,
  126,46,-183,1,270,575,648,471,528,769,986,1234,1151,921,1004,1290,
  1519,1716,1598,1327,1360,1535,1654,1882,1937,1710,1621,1731,1636,1547,1464,1328,
  1268,1302,1176,1053,825,675,661,582,532,483,164,-13,-109,-393,-547,-659,
  -596,-539,-610,-845,-1056,-1225,-1273,-1342,-1408,-1483,-1262,-1018,-1158,-1546,-1662,-1513,
  -1189,-974,-1139,-1536,-1593,-1311,-1076,-1090,-1365,-1448,-1335,-1060,-783,-1029,-1482,-1652,
  -1524,-1308,-1276,-1388,-1346,-1144,-921,-984,-1338,-1539,-1466,-1091,-746,-623,-752,-934,
  -949,-711,-574,-505,-427,-216,-26,125,68,-25,106,488,900,1058,1011,844,
  793,1090,1508,1720,1617,1624,1653,1729,1878,1899,1892,2002,2129,2149,1868,1833,
  1898,1861,1868,1963,1768,1498,1439,1349,1200,1317,1305,1159,917,650,521,601,
  703,770,552,267,211,91,-5,102,35,-27,-60,-71,-151,-245,-270,-291,
  -263,-252,-473,-608,-575,-439,-293,-244,-379,-642,-780,-765,-788,-703,-809,-978,
  -924,-879,-905,-922,-1036,-971,-887,-1031,-1293,-1538,-1669,-1500,-1175,-1068,-1028,-990,
  -1188,-1112,-1083,-1199,-1188,-975,-778,-596,-678,-707,-623,-361,-35,409,493,310,
  162,159,365,716,910,968,1015,1176,1383,1575,1609,1466,1285,1323,1473,1580,
  1598,1493,1421,1553,1620,1411,1163,1132,1146,1119,997,642,360,452,590,500,
  193,-131,-361,-266,-120,-315,-695,-930,-868,-774,-802,-833,-997,-1134,-1067,-1144,
  -1303,-1341,-1313,-1233,-1099,-1065,-1164,-1224,-1166,-1104,-1027,-994,-1020,-902,-745,-712,
  -712,-811,-734,-457,-340,-237,-165,-244,-347,-378,-358,-256,18,217,308,278,
  149,168,229,268,213,196,390,595,554,412,288,285,511,617,524,354,
  134,61,234,396,439,438,458,342,227,232,215,90,-16,-56,3,107,
  69,-94,-124,-102,14,-21,-348,-553,-462,-229,-40,-11,-274,-580,-607,-448,
  -366,-384,-479,-430,-235,-160,-412,-641,-530,-137,140,99,-134,-383,-383,-57,
  210,163,55,98,170,356,550,469,360,423,539,681,836,917,821,758,
  883,1050,1104,1144,1219,1308,1399,1331,1083,924,1064,1402,1524,1421,1119,855,
  928,1182,1289,1221,998,779,705,758,654,419,328,494,532,380,96,-139,
  -226,-106,-97,-304,-577,-734,-674,-500,-471,-609,-923,-1061,-953,-971,-1009,-1100,
  -1225,-1091,-951,-979,-1051,-1101,-1079,-937,-845,-908,-1006,-979,-876,-767,-720,-722,
  -600,-513,-455,-432,-405,-392,-250,-201,-273,-323,-198,-63,-32,-86,-289,-375,
  -154,9,73,-105,-383,-462,-343,-305,-364,-442,-428,-338,-191,-295,-586,-793,
  -808,-542,-428,-612,-719,-736,-626,-340,-246,-464,-600,-481,-280,-156,-182,-261,
  -199,193,524,528,320,183,329,605,815,823,646,668,964,1219,1299,1269,
  1146,1142,1297,1357,1212,1125,1059,1180,1374,1325,1132,1025,913,964,1014,949,
  720,472,296,373,431,311,184,82,17,-3,-211,-442,-563,-643,-590,-557,
  -713,-874,-922,-852,-836,-929,-1062,-1234,-1267,-1147,-1174,-1260,-1291,-1256,-1180,-1112,
  -1039,-1087,-1208,-1123,-1052,-1000,-869,-835,-873,-784,-595,-480,-444,-368,-379,-324,
  -121,23,6,3,122,309,495,647,614,577,768,956,988,1036,1072,1131,
  1153,1215,1236,1241,1398,1570,1564,1516,1504,1427,1310,1364,1490,1581,1620,1632,
  1400,1266,1333,1342,1229,1181,1131,1047,1034,1052,859,637,703,720,600,448,
  346,263,224,145,-22,-103,-145,-177,-262,-412,-561,-660,-580,-486,-624,-859,
  -985,-1136,-1178,-988,-1024,-1266,-1381,-1404,-1337,-1289,-1329,-1372,-1451,-1489,-1435,-1496,
  -1644,-1636,-1538,-1368,-1203,-1271,-1386,-1519,-1490,-1339,-1240,-1207,-1239,-1284,-1135,-965,
  -908,-837,-773,-773,-716,-700,-738,-654,-439,-220,-111,-139,-116,-38,103,308,
  335,301,376,429,443,595,710,768,915,1063,1097,1029,951,941,1094,1305,
  1348,1287,1211,1264,1444,1501,1365,1219,1104,1170,1347,1300,1056,903,832,936,
  947,836,694,581,600,595,383,159,128,191,206,136,-67,-191,-199,-137,
  -177,-407,-556,-528,-476,-437,-548,-715,-681,-577,-548,-621,-804,-826,-701,-610,
  -648,-817,-963,-874,-695,-557,-573,-727,-874,-816,-797,-828,-812,-741,-682,-582,
  -554,-616,-752,-753,-594,-462,-419,-379,-432,-411,-314,-175,-120,-107,15,111,
  159,214,192,171,219,372,563,743,857,873,789,836,884,923,1052,1231,
  1312,1348,1303,1285,1300,1403,1489,1490,1436,1390,1372,1311,1242,1166,1165,1252,
  1325,1218,995,833,779,762,764,699,570,477,429,377,284,133,-42,-126,
  -112,-177,-291,-454,-594,-601,-528,-603,-766,-912,-1012,-974,-916,-960,-1098,-1203,
  -1224,-1124,-1030,-1124,-1241,-1304,-1305,-1176,-1171,-1197,-1194,-1237,-1188,-1140,-1177,-1141,
  -1079,-1064,-1016,-1029,-1080,-1011,-891,-778,-739,-766,-834,-815,-754,-610,-573,-579,
  -523,-416,-384,-374,-453,-443,-291,-101,-4,-61,-148,-47,204,346,288,203,
  257,468,681,720,610,540,646,847,980,1010,912,918,1073,1142,1103,1006,
  981,1154,1329,1341,1181,1003,1060,1216,1249,1088,933,944,939,936,846,644,
  518,597,664,581,361,145,26,-11,-31,-95,-221,-284,-317,-384,-532,-668,
  -734,-677,-659,-779,-910,-960,-962,-918,-930,-1041,-1066,-999,-961,-948,-1033,-1045,
  -940,-850,-846,-850,-854,-788,-646,-571,-561,-526,-483,-380,-253,-200,-116,-43,
  35,107,127,141,173,260,417,550,608,639,658,654,690,898,988,939,
  950,988,1035,1082,1094,1070,1124,1216,1362,1308,1151,1062,1058,1185,1222,1089,
  945,949,1041,1081,988,843,719,733,766,640,448,346,312,367,401,253,
  26,-18,-48,-84,-144,-367,-547,-515,-518,-557,-626,-743,-861,-906,-879,-917,
  -1024,-1119,-1167,-1210,-1258,-1239,-1250,-1242,-1186,-1168,-1275,-1353,-1357,-1291,-1229,-1177,
  -1158,-1111,-1057,-1037,-1030,-966,-861,-720,-644,-651,-700,-683,-512,-344,-280,-237,
  -191,-121,25,141,126,44,89,270,436,482,383,325,412,604,721,625,
  467,431,546,714,719,574,467,504,662,762,684,513,461,545,633,593,
  384,267,395,570,632,463,220,184,325,431,373,244,137,148,254,265,
  139,54,67,126,143,117,45,-40,-14,45,5,-64,-116,-105,-42,12,
  -12,-106,-193,-209,-176,-164,-190,-240,-245,-248,-283,-272,-284,-345,-322,-309,
  -359,-411,-458,-459,-391,-365,-345,-395,-449,-441,-416,-378,-379,-379,-340,-297,
  -305,-303,-226,-144,-64,-18,-67,-102,-62,80,223,300,328,327,311,362,
  455,506,544,625,698,715,692,632,631,752,887,918,872,823,812,818,
  797,768,720,775,906,898,730,593,495,558,672,636,526,363,250,250,
  211,142,122,128,120,81,-104,-296,-341,-293,-241,-217,-332,-464,-529,-513,
  -518,-592,-662,-650,-632,-669,-722,-773,-819,-749,-692,-717,-752,-811,-788,-731,
  -730,-740,-750,-678,-624,-631,-639,-663,-638,-526,-506,-522,-581,-584,-449,-390,
  -346,-296,-347,-306,-284,-304,-230,-167,-100,-47,-64,-81,-63,46,128,180,
  163,121,157,213,222,212,199,216,307,357,385,360,279,333,385,389,
  372,335,373,458,481,438,382,372,426,499,481,404,354,339,347,362,
  347,320,315,322,356,328,217,192,213,188,242,213,48,21,96,107,
  71,23,-32,-90,-103,-108,-231,-328,-276,-206,-209,-297,-387,-455,-457,-424,
  -409,-442,-482,-469,-493,-520,-512,-515,-407,-328,-374,-422,-443,-446,-339,-264,
  -245,-254,-206,-86,-20,-16,-20,-19,80,211,309,283,267,357,494,583,
  618,593,600,645,752,824,781,738,785,838,887,870,803,825,848,860,
  814,698,585,588,673,661,586,502,371,295,295,259,157,97,119,42,
  -86,-195,-276,-311,-293,-352,-453,-551,-579,-535,-535,-612,-729,-793,-783,-744,
  -732,-799,-839,-845,-830,-746,-752,-820,-820,-770,-679,-645,-677,-719,-735,-634,
  -489,-418,-416,-442,-416,-366,-290,-250,-257,-189,-84,-18,45,45,14,81,
  159,206,254,299,335,365,365,381,431,475,496,477,480,508,554,561,
  512,473,493,547,565,520,459,416,413,407,380,350,317,287,259,182,
  128,103,62,22,2,-32,-66,-107,-174,-257,-270,-263,-288,-317,-358,-398,
  -360,-354,-425,-515,-512,-474,-417,-391,-427,-485,-473,-386,-324,-324,-372,-376,
  -302,-189,-152,-176,-211,-167,-52,51,63,36,40,88,110,188,230,210,
  252,312,340,347,321,327,334,361,398,425,446,407,407,408,389,438,
  450,424,402,374,363,370,353,343,328,312,333,308,231,192,204,190,
  165,118,92,89,121,140,100,1,-41,-5,-1,-14,-30,-62,-72,-58,
  -81,-122,-139,-111,-49,-27,-93,-122,-127,-141,-126,-95,-83,-78,-97,-118,
  -158,-182,-180,-133,-121,-163,-201,-238,-268,-252,-213,-211,-244,-257,-273,-288,
  -309,-329,-343,-326,-279,-252,-263,-290,-329,-355,-315,-238,-230,-240,-232,-220,
  -184,-178,-169,-158,-147,-93,-50,-24,-41,-56,-8,7,64,92,51,52,
  52,54,63,65,80,130,159,161,133,90,70,98,140,144,133,131,
  143,158,128,125,139,135,165,175,146,135,120,103,84,80,118,165,
  196,168,96,41,53,110,117,115,104,78,84,92,77,73,70,94,
  83,47,12,-18,-24,-17,-8,5,17,4,-10,-40,-58,-115,-163,-134,
  -146,-145,-146,-203,-249,-254,-256,-229,-206,-272,-322,-343,-342,-339,-337,-370,
  -368,-319,-256,-291,-320,-318,-333,-270,-256,-264,-234,-145,-75,-67,-91,-90,
  -8,104,163,137,80,100,207,301,382,376,389,429,458,498,485,480,
  507,548,593,625,623,611,622,635,643,600,547,538,581,604,572,525,
  505,471,456,448,385,367,360,329,270,211,180,129,119,79,7,1,
  -25,-90,-128,-172,-188,-190,-215,-263,-346,-392,-389,-363,-376,-396,-419,-440,
  -471,-493,-532,-521,-495,-459,-442,-507,-541,-518,-474,-421,-411,-424,-411,-418,
  -405,-382,-381,-380,-344,-304,-283,-272,-319,-341,-326,-264,-226,-208,-207,-242,
  -257,-218,-167,-149,-113,-93,-119,-125,-105,-93,-73,-62,-27,-13,-4,39,
  48,51,41,39,64,71,106,119,105,117,153,184,179,182,197,212,
  234,242,213,189,177,234,273,269,267,246,233,242,246,221,228,236,
  287,312,276,230,223,272,309,300,262,215,211,267,250,196,181,190,
  203,214,172,109,81,86,102,79,31,0,-16,12,15,-37,-80,-101,
  -107,-92,-69,-113,-157,-173,-164,-128,-143,-152,-184,-193,-154,-154,-167,-187,
  -223,-187,-133,-113,-121,-155,-164,-147,-113,-112,-120,-106,-90,-98,-95,-95,
  -83,-61,-32,-41,-47,-32,-16,-29,-47,-22,18,19,13,19,1,44,
  101,76,67,81,118,166,196,196,172,218,243,249,267,268,287,321,
  353,333,296,316,350,375,405,369,326,316,345,349,312,261,235,259,
  285,241,156,76,54,64,85,31,-84,-159,-168,-180,-201,-252,-330,-364,
  -342,-339,-412,-495,-536,-523,-486,-492,-537,-602,-613,-552,-555,-572,-580,-597,
  -570,-524,-502,-508,-511,-476,-449,-431,-436,-400,-326,-278,-195,-162,-201,-183,
  -126,-76,-31,-5,8,17,34,78,75,79,128,167,195,194,192,187,
  234,278,287,289,286,274,307,297,271,302,326,356,366,332,295,285,
  324,321,287,250,257,293,309,313,269,213,224,262,248,216,198,174,
  170,198,183,141,110,135,154,127,87,18,41,97,96,71,1,-24,
  15,27,-8,-54,-79,-53,-13,-32,-89,-130,-99,-44,-46,-79,-128,-143,
  -100,-71,-91,-129,-154,-115,-46,-56,-112,-137,-146,-118,-70,-92,-125,-113,
  -74,-37,-36,-93,-129,-106,-21,0,0,-8,-59,-53,-20,3,1,7,
  39,40,27,22,12,37,81,121,122,107,117,100,75,110,139,158,
  168,184,160,128,147,159,155,143,137,164,156,117,72,55,93,125,
  117,66,15,22,19,3,-29,-57,-48,-38,-56,-85,-120,-142,-140,-163,
  -165,-160,-188,-179,-209,-242,-245,-264,-238,-219,-229,-215,-226,-246,-239,-226,
  -221,-169,-150,-193,-193,-199,-195,-163,-134,-135,-134,-114,-106,-93,-97,-78,
  -69,-58,-41,-59,-91,-66,-44,-34,-28,-36,-36,-19,7,-12,-23,-32,
  -22,9,19,-3,-34,-36,-26,-8,5,2,-1,-15,-20,-11,-12,-9,
  -2,-12,-6,10,14,25,14,19,52,61,53,51,25,57,63,58,
  83,80,78,83,73,58,68,105,114,115,98,74,98,145,165,148,
  141,124,147,198,200,162,156,168,163,183,194,162,169,189,190,170,
  141,134,153,163,183,169,137,117,130,101,83,91,103,120,93,76,
  55,33,58,67,46,20,16,9,19,6,-7,1,26,51,21,-14,
  -38,-27,17,16,1,-6,-21,-6,4,10,-6,-17,-8,-8,-15,-21,
  -37,-7,9,-12,-19,-10,-5,-3,-6,-25,-35,-20,-5,9,-23,-48,
  -42,-55,-35,-49,-76,-103,-101,-91,-79,-82,-125,-141,-131,-131,-128,-147,
  -165,-166,-170,-174,-197,-218,-200,-161,-151,-165,-204,-254,-221,-167,-131,-156,
  -183,-190,-166,-117,-129,-151,-140,-140,-114,-100,-118,-123,-97,-82,-62,-82,
  -86,-88,-89,-61,-41,-65,-62,-23,-9,-13,-43,-45,-46,-35,-4,-11,
  -44,-44,-23,-4,-1,-3,-24,-26,-33,-18,-4,-5,-9,-12,2,5,
  6,12,18,17,16,6,3,-8,24,64,62,53,62,59,50,65,
  75,82,107,127,152,0,0,0,0,0,0,0,0,0,0,0,
  0,0,0,0,0,0,0,0,0,0,0,0,0,0,0,0,
  0,0,0,0,0,0,0,0,0,0,0,0,0,0,0,0,
  0,0,0,0,0,0,0,0,0,0,0,0,0,0,0,0,
  0,0,0,0,0,0,0,0,0,0,0,0,0,0,0,0,
  0,0,0,0,0,0,0,0,0,0,0,0,0,0,0,0,
  0,0,0,0,0,0,0,0,0,0,0,0,0,0,0,0,
  0,0,0,0,0,0,0,0,0,0,0,0,0,0,0,0,
  0,0,0,0,0,0,0,0,0,0,0,0,0,0,0,0,
  0,0,0,0,0,0,0,0,0,0,0,0,0,0,0,0,
  0,0,0,0,0,0,0,0,0,0,0,0,0,0,0,0,
  0,0,0,0,0,0,0,0,0,0,0,0,0,0,0,0,
  0,0,0,0,0,0,0,0,0,0,0,0,0,0,0,0,
  0,0,0,0,0,0,0,0,0,0,0,0,0,0,0,0,
  0,0,0,0,0,0,0,0,0,0,0,0,0,0,0,0,
  0,0,0,0,0,0,0,0,0,0,0,0,0,0,0,0,
  0,0,0,0,0,0,0,0,0,0,0,0,0,0,0,0,
  0,0,0,0,0,0,0,0,0,0,0,0,0,0,0,0,
  0,0,0,0,0,0,0,0,0,0,0,0,0,0,0,0,
  0,0,0,0,0,0,0,0,0,0,0,0,0,0,0,0,
  0,0,0,0,0,0,0,0,0,0,0,0,0,0,0,0,
  0,0,0,0,0,0,0,0,0,0,0,0,0,0,0,0,
  0,0,0,0,0,0,0,0,0,0,0,0,0,0,0,0,
  0,0,0,0,0,0,0,0,0,0,0,0,0,0,0,0,
  0,0,0,0,0,0,0,0,0,0,0,0,0,0,0,0,
  0,0,0,0,0,0,0,0,0,0,0,0,0,0,0,0,
  0,0,0,0,0,0,0,0,0,0,0,0,0,0,0,0,
  0,0,0,0,0,0,0,0,0,0,0,0,0,0,0,0,
  0,0,0,0,0,0,0,0,0,0,0,0,0,0,0,0,
  0,0,0,0,0,0,0,0,0,0,0,0,0,0,0,0,
  0,0,0,0,0,0,0,0,0,0,0,0,0,0,0,0,
  0,0,0,0,0,0,0,0,0,0,0,0,0,0,0,0,
  0,0,0,0,0,0,0,0,0,0,0,0,0,0,0,0,
  0,0,0,0,0,0,0,0,0,0,0,0,0,0,0,0,
  0,0,0,0,0,0,0,0,0,0,0,0,0,0,0,0,
  0,0,0,0,0,0,0,0,0,0,0,0,0,0,0,0,
  0,0,0,0,0,0,0,0,0,0,0,0,0,0,0,0,
  0,0,0,0,0,0,0,0,0,0,0,0,0,0,0,0,
  0,0,0,0,0,0,0,0,0,0,0,0,0,0,0,0,
  0,0,0,0,0,0,0,0,0,0,0,0,0,0,0,0,
  0,0,0,0,0,0,0,0,0,0,0,0,0,0,0,0,
  0,0,0,0,0,0,0,0,0,0,0,0,0,0,0,0,
  0,0,0,0,0,0,0,0,0,0,0,0,0,0,0,0,
  0,0,0,0,0,0,0,0,0,0,0,0,0,0,0,0,
  0,0,0,0,0,0,0,0,0,0,0,0,0,0,0,0,
  0,0,0,0,0,0,0,0,0,0,0,0,0,0,0,0,
  0,0,0,0,0,0,0,0,0,0,0,0,0,0,0,0,
  0,0,0,0,0,0,0,0,0,0,0,0,0,0,0,0,
  0,0,0,0,0,0,0,0,0,0,0,0,0,0,0,0,
  0,0,0,0,0,0,0,0,0,0,0,0,0,0,0,0,
  0,0,0,0,0,0,0,0,0,0,0,0,0,0,0,0,
  0,0,0,0,0,0,0,0,0,0,0,0,0,0,0,0,
  0,0,0,0,0,0,0,0,0,0,0,0,0,0,0,0,
  0,0,0,0,0,0,0,0,0,0,0,0,0,0,0,0,
  0,0,0,0,0,0,0,0,0,0,0,0,0,0,0,0,
  0,0,0,0,0,0,0,0,0,0,0,0,0,0,0,0,
  0,0,0,0,0,0,0,0,0,0,0,0,0,0,0,0,
  0,0,0,0,0,0,0,0,0,0,0,0,0,0,0,0,
  0,0,0,0,0,0,0,0,0,0,0,0,0,0,0,0,
  0,0,0,0,0,0,0,0,0,0,0,0,0,0,0,0,
  0,0,0,0,0,0,0,0,0,0,0,0,0,0,0,0,
  0,0,0,0,0,0,0,0,0,0,0,0,0,0,0,0,
  0,0,0,0,0,0,0,0,0,0,0,0,0,0,0,0,
  0,0,0,0,0,0,0,0,0,0,0,0,0,0,0,0,
  0,0,0,0,0,0,0,0,0,0,0,0,0,0,0,0,
  0,0,0,0,0,0,0,0,0,0,0,0,0,0,0,0,
  0,0,0,0,0,0,0,0,0,0,0,0,0,0,0,0,
  0,0,0,0,0,0,0,0,0,0,0,0,0,0,0,0,
  0,0,0,0,0,0,0,0,0,0,0,0,0,0,0,0,
  0,0,0,0,0,0,0,0,0,0,0,0,0,0,0,0,
  0,0,0,0,0,0,0,0,0,0,0,0,0,0,0,0,
  0,0,0,0,0,0,0,0,0,0,0,0,0,0,0,0,
  0,0,0,0,0,0,0,0,0,0,0,0,0,0,0,0,
  0,0,0,0,0,0,0,0,0,0,0,0,0,0,0,0,
  0,0,0,0,0,0,0,0,0,0,0,0,0,0,0,0,
  0,0,0,0,0,0,0,0,0,0,0,0,0,0,0,0,
  0,0,0,0,0,0,0,0,0,0,0,0,0,0,0,0,
  0,0,0,0,0,0,0,0,0,0,0,0,0,0,0,0,
  0,0,0,0,0,0,0,0,0,0,0,0,0,0,0,0,
  0,0,0,0,0,0,0,0,0,0,0,0,0,0,0,0,
  0,0,0,0,0,0,0,0,0,0,0,0,0,0,0,0,
  0,0,0,0,0,0,0,0,0,0,0,0,0,0,0,0,
  0,0,0,0,0,0,0,0,0,0,0,0,0,0,0,0,
  0,0,0,0,0,0,0,0,0,0,0,0,0,0,0,0,
  0,0,0,0,0,0,0,0,0,0,0,0,0,0,0,0,
  0,0,0,0,0,0,0,0,0,0,0,0,0,0,0,0,
  0,0,0,0,0,0,0,0,0,0,0,0,0,0,0,0,
  0,0,0,0,0,0,0,0,0,0,0,0,0,0,0,0,
  0,0,0,0,0,0,0,0,0,0,0,0,0,0,0,0,
  0,0,0,0,0,0,0,0,0,0,0,0,0,0,0,0,
  0,0,0,0,0,0,0,0,0,0,0,0,0,0,0,0,
  0,0,0,0,0,0,0,0,0,0,0,0,0,0,0,0,
  0,0,0,0,0,0,0,0,0,0,0,0,0,0,0,0,
  0,0,0,0,0,0,0,0,0,0,0,0,0,0,0,0,
  0,0,0,0,0,0,0,0,0,0,0,0,0,0,0,0,
  0,0,0,0,0,0,0,0,0,0,0,0,0,0,0,0,
  0,0,0,0,0,0,0,0,0,0,0,0,0,0,0,0,
  0,0,0,0,0,0,0,0,0,0,0,0,0,0,0,0,
  0,0,0,0,0,0,0,0,0,0,0,0,0,0,0,0,
  0,0,0,0,0,0,0,0,0,0,0,0,0,0,0,0,
  0,0,0,0,0,0,0,0,0,0,0,0,0,0,0,0,
  0,0,0,0,0,0,0,0,0,0,0,0,0,0,0,0,
  0,0,0,0,0,0,0,0,0,0,0,0,0,0,0,0,
  0,0,0,0,0,0,0,0,0,0,0,0,0,0,0,0,
  0,0,0,0,0,0,0,0,0,0,0,0,0,0,0,0,
  0,0,0,0,0,0,0,0,0,0,0,0,0,0,0,0,
  0,0,0,0,0,0,0,0,0,0,0,0,0,0,0,0,
  0,0,0,0,0,0,0,0,0,0,0,0,0,0,0,0,
  0,0,0,0,0,0,0,0,0,0,0,0,0,0,0,0,
  0,0,0,0,0,0,0,0,0,0,0,0,0,0,0,0,
  0,0,0,0,0,0,0,0,0,0,0,0,0,0,0,0,
  0,0,0,0,0,0,0,0,0,0,0,0,0,0,0,0,
  0,0,0,0,0,0,0,0,0,0,0,0,0,0,0,0,
  0,0,0,0,0,0,0,0,0,0,0,0,0,0,0,0,
  0,0,0,0,0,0,0,0,0,0,0,0,0,0,0,0,
  0,0,0,0,0,0,0,0,0,0,0,0,0,0,0,0,
  0,0,0,0,0,0,0,0,0,0,0,0,0,0,0,0,
  0,0,0,0,0,0,0,0,0,0,0,0,0,0,0,0,
  0,0,0,0,0,0,0,0,0,0,0,0,0,0,0,0,
  0,0,0,0,0,0,0,0,0,0,0,0,0,0,0,0,
  0,0,0,0,0,0,0,0,0,0,0,0,0,0,0,0,
  0,0,0,0,0,0,0,0,0,0,0,0,0,0,0,0,
  0,0,0,0,0,0,0,0,0,0,0,0,0,0,0,0,
  0,0,0,0,0,0,0,0,0,0,0,0,0,0,0,0,
  0,0,0,0,0,0,0,0,0,0,0,0,0,0,0,0,
  0,0,0,0,0,0,0,0,0,0,0,0,0,0,0,0,
  0,0,0,0,0,0,0,0,0,0,0,0,0,0,0,0,
  0,0,0,0,0,0,0,0,0,0,0,0,0,0,0,0,
  0,0,0,0,0,0,0,0,0,0,0,0,0,0,0,0,
  0,0,0,0,0,0,0,0,0,0,0,0,0,0,0,0,
  0,0,0,0,0,0,0,0,0,0,0,0,0,0,0,0,
  0,0,0,0,0,0,0,0,0,0,0,0,0,0,0,0,
  0,0,0,0,0,0,0,0,0,0,0,0,0,0,0,0,
  0,0,0,0,0,0,0,0,0,0,0,0,0,0,0,0,
  0,0,0,0,0,0,0,0,0,0,0,0,0,0,0,0,
  0,0,0,0,0,0,0,0,0,0,0,0,0,0,0,0,
  0,0,0,0,0,0,0,0,0,0,0,0,0,0,0,0,
  0,0,0,0,0,0,0,0,0,0,0,0,0,0,0,0,
  0,0,0,0,0,0,0,0,0,0,0,0,0,0,0,0,
  0,0,0,0,0,0,0,0,0,0,0,0,0,0,0,0,
  0,0,0,0,0,0,0,0,0,0,0,0,0,0,0,0,
  0,0,0,0,0,0,0,0,0,0,0,0,0,0,0,0,
  0,0,0,0,0,0,0,0,0,0,0,0,0,0,0,0,
  0,0,0,0,0,0,0,0,0,0,0,0,0,0,0,0,
  0,0,0,0,0,0,0,0,0,0,0,0,0,0,0,0,
  0,0,0,0,0,0,0,0,0,0,0,0,0,0,0,0,
  0,0,0,0,0,0,0,0,0,0,0,0,0,0,0,0,
  0,0,0,0,0,0,0,0,0,0,0,0,0,0,0,0,
  0,0,0,0,0,0,0,0,0,0,0,0,0,0,0,0,
  0,0,0,0,0,0,0,0,0,0,0,0,0,0,0,0,
  0,0,0,0,0,0,0,0,0,0,0,0,0,0,0,0,
  0,0,0,0,0,0,0,0,0,0,0,0,0,0,0,0,
  0,0,0,0,0,0,0,0,0,0,0,0,0,0,0,0,
  0,0,0,0,0,0,0,0,0,0,0,0,0,0,0,0,
  0,0,0,0,0,0,0,0,0,0,0,0,0,0,0,0,
  0,0,0,0,0,0,0,0,0,0,0,0,0,0,0,0,
  0,0,0,0,0,0,0,0,0,0,0,0,0,0,0,0,
  0,0,0,0,0,0,0,0,0,0,0,0,0,0,0,0,
  0,0,0,0,0,0,0,0,0,0,0,0,0,0,0,0,
  0,0,0,0,0,0,0,0,0,0,0,0,0,0,0,0,
  0,0,0,0,0,0,0,0,0,0,0,0,0,0,0,0,
  0,0,0,0,0,0,0,0,0,0,0,0,0,0,0,0,
  0,0,0,0,0,0,0,0,0,0,0,0,0,0,0,0,
  0,0,0,0,0,0,0,0,0,0,0,0,0,0,0,0,
  0,0,0,0,0,0,0,0,0,0,0,0,0,0,0,0,
  0,0,0,0,0,0,0,0,0,0,0,0,0,0,0,0,
  0,0,0,0,0,0,0,0,0,0,0,0,0,0,0,0,
  0,0,0,0,0,0,0,0,0,0,0,0,0,0,0,0,
  0,0,0,0,0,0,0,0,0,0,0,0,0,0,0,0,
  0,0,0,0,0,0,0,0,0,0,0,0,0,0,0,0,
  0,0,0,0,0,0,0,0,0,0,0,0,0,0,0,0,
  0,0,0,0,0,0,0,0,0,0,0,0,0,0,0,0,
  0,0,0,0,0,0,0,0,0,0,0,0,0,0,0,0,
  0,0,0,0,0,0,0,0,0,0,0,0,0,0,0,0,
  0,0,0,0,0,0,0,0,0,0,0,0,0,0,0,0,
  0,0,0,0,0,0,0,0,0,0,0,0,0,0,0,0,
  0,0,0,0,0,0,0,0,0,0,0,0,0,0,0,0,
  0,0,0,0,0,0,0,0,0,0,0,0,0,0,0,0,
  0,0,0,0,0,0,0,0,0,0,0,0,0,0,0,0,
  0,0,0,0,0,0,0,0,0,0,0,0,0,0,0,0,
  0,0,0,0,0,0,0,0,0,0,0,0,0,0,0,0,
  0,0,0,0,0,0,0,0,0,0,0,0,0,0,0,0,
  0,0,0,0,0,0,0,0,0,0,0,0,0,0,0,0,
  0,0,0,0,0,0,0,0,0,0,0,0,0,0,0,0,
  0,0,0,0,0,0,0,0,0,0,0,0,0,0,0,0,
  0,0,0,0,0,0,0,0,0,0,0,0,0,0,0,0,
  0,0,0,0,0,0,0,0,0,0,0,0,0,0,0,0,
  0,0,0,0,0,0,0,0,0,0,0,0,0,0,0,0,
  0,0,0,0,0,0,0,0,0,0,0,0,0,0,0,0,
  0,0,0,0,0,0,0,0,0,0,0,0,0,0,0,0,
  0,0,0,0,0,0,0,0,0,0,0,0,0,0,0,0,
  0,0,0,0,0,0,0,0,0,0,0,0,0,0,0,0,
  0,0,0,0,0,0,0,0,0,0,0,0,0,0,0,0,
  0,0,0,0,0,0,0,0,0,0,0,0,0,0,0,0,
  0,0,0,0,0,0,0,0,0,0,0,0,0,0,0,0,
  0,0,0,0,0,0,0,0,0,0,0,0,0,0,0,0,
  0,0,0,0,0,0,0,0,0,0,0,0,0,0,0,0,
  0,0,0,0,0,0,0,0,0,0,0,0,0,0,0,0,
  0,0,0,0,0,0,0,0,0,0,0,0,0,0,0,0,
  0,0,0,0,0,0,0,0,0,0,0,0,0,0,0,0,
  0,0,0,0,0,0,0,0,0,0,0,0,0,0,0,0,
  0,0,0,0,0,0,0,0,0,0,0,0,0,0,0,0,
  0,0,0,0,0,0,0,0,0,0,0,0,0,0,0,0,
  0,0,0,0,0,0,0,0,0,0,0,0,0,0,0,0,
  0,0,0,0,0,0,0,0,0,0,0,0,0,0,0,0,
  0,0,0,0,0,0,0,0,0,0,0,0,0,0,0,0,
  0,0,0,0,0,0,0,0,0,0,0,0,0,0,0,0,
  0,0,0,0,0,0,0,0,0,0,0,0,0,0,0,0,
  0,0,0,0,0,0,0,0,0,0,0,0,0,0,0,0,
  0,0,0,0,0,0,0,0,0,0,0,0,0,0,0,0,
  0,0,0,0,0,0,0,0,0,0,0,0,0,0,0,0,
  0,0,0,0,0,0,0,0,0,0,0,0,0,0,0,0,
  0,0,0,0,0,0,0,0,0,0,0,0,0,0,0,0,
  0,0,0,0,0,0,0,0,0,0,0,0,0,0,0,0,
  0,0,0,0,0,0,0,0,0,0,0,0,0,0,0,0,
  0,0,0,0,0,0,0,0,0,0,0,0,0,0,0,0,
  0,0,0,0,0,0,0,0,0,0,0,0,0,0,0,0,
  0,0,0,0,0,0,0,0,0,0,0,0,0,0,0,0,
  0,0,0,0,0,0,0,0,0,0,0,0,0,0,0,0,
  0,0,0,0,0,0,0,0,0,0,0,0,0,0,0,0,
  0,0,0,0,0,0,0,0,0,0,0,0,0,0,0,0,
  0,0,0,0,0,0,0,0,0,0,0,0,0,0,0,0,
  0,0,0,0,0,0,0,0,0,0,0,0,0,0,0,0,
  0,0,0,0,0,0,0,0,0,0,0,0,0,0,0,0,
  0,0,0,0,0,0,0,0,0,0,0,0,0,0,0,0,
  0,0,0,0,0,0,0,0,0,0,0,0,0,0,0,0,
  0,0,0,0,0,0,0,0,0,0,0,0,0,0,0,0,
  0,0,0,0,0,0,0,0,0,0,0,0,0,0,0,0,
  0,0,0,0,0,0,0,0,0,0,0,0,0,0,0,0,
  0,0,0,0,0,0,0,0,0,0,0,0,0,0,0,0,
  0,0,0,0,0,0,0,0,0,0,0,0,0,0,0,0,
  0,0,0,0,0,0,0,0,0,0,0,0,0,0,0,0,
  0,0,0,0,0,0,0,0,0,0,0,0,0,0,0,0,
  0,0,0,0,0,0,0,0,0,0,0,0,0,0,0,0,
  0,0,0,0,0,0,0,0,0,0,0,0,0,0,0,0,
  0,0,0,0,0,0,0,0,0,0,0,0,0,0,0,0,
  0,0,0,0,0,0,0,0,0,0,0,0,0,0,0,0,
  0,0,0,0,0,0,0,0,0,0,0,0,0,0,0,0,
  0,0,0,0,0,0,0,0,0,0,0,0,0,0,0,0,
  0,0,0,0,0,0,0,0,0,0,0,0,0,0,0,0,
  0,0,0,0,0,0,0,0,0,0,0,0,0,0,0,0,
  0,0,0,0,0,0,0,0,0,0,0,0,0,0,0,0,
  0,0,0,0,0,0,0,0,0,0,0,0,0,0,0,0,
  0,0,0,0,0,0,0,0,0,0,0,0,0,0,0,0,
  0,0,0,0,0,0,0,0,0,0,0,0,0,0,0,0,
  0,0,0,0,0,0,0,0,0,0,0,0,0,0,0,0,
  0,0,0,0,0,0,0,0,0,0,0,0,0,0,0,0,
  0,0,0,0,0,0,0,0,0,0,0,0,0,0,0,0,
  0,0,0,0,0,0,0,0,0,0,0,0,0,0,0,0,
  0,0,0,0,0,0,0,0,0,0,0,0,0,0,0,0,
  0,0,0,0,0,0,0,0,0,0,0,0,0,0,0,0,
  0,0,0,0,0,0,0,0,0,0,0,0,0,0,0,0,
  0,0,0,0,0,0,0,0,0,0,0,0,0,0,0,0,
  0,0,0,0,0,0,0,0,0,0,0,0,0,0,0,0,
  0,0,0,0,0,0,0,0,0,0,0,0,0,0,0,0,
  0,0,0,0,0,0,0,0,0,0,0,0,0,0,0,0,
  0,0,0,0,0,0,0,0,0,0,0,0,0,0,0,0,
  0,0,0,0,0,0,0,0,0,0,0,0,0,0,0,0,
  0,0,0,0,0,0,0,0,0,0,0,0,0,0,0,0,
  0,0,0,0,0,0,0,0,0,0,0,0,0,0,0,0,
  0,0,0,0,0,0,0,0,0,0,0,0,0,0,0,0,
  0,0,0,0,0,0,0,0,0,0,0,0,0,0,0,0,
  0,0,0,0,0,0,0,0,0,0,0,0,0,0,0,0,
  0,0,0,0,0,0,0,0,0,0,0,0,0,0,0,0,
  0,0,0,0,0,0,0,0,0,0,0,0,0,0,0,0,
  0,0,0,0,0,0,0,0,0,0,0,0,0,0,0,0,
  0,0,0,0,0,0,0,0,0,0,0,0,0,0,0,0,
  0,0,0,0,0,0,0,0,0,0,0,0,0,0,0,0,
  0,0,0,0,0,0,0,0,0,0,0,0,0,0,0,0,
  0,0,0,0,0,0,0,0,0,0,0,0,0,0,0,0,
  0,0,0,0,0,0,0,0,0,0,0,0,0,0,0,0,
  0,0,0,0,0,0,0,0,0,0,0,0,0,0,0,0,
  0,0,0,0,0,0,0,0,0,0,0,0,0,0,0,0,
  0,0,0,0,0,0,0,0,0,0,0,0,0,0,0,0,
  0,0,0,0,0,0,0,0,0,0,0,0,0,0,0,0,
  0,0,0,0,0,0,0,0,0,0,0,0,0,0,0,0,
  0,0,0,0,0,0,0,0,0,0,0,0,0,0,0,0,
  0,0,0,0,0,0,0,0,0,0,0,0,0,0,0,0,
  0,0,0,0,0,0,0,0,0,0,0,0,0,0,0,0,
  0,0,0,0,0,0,0,0,0,0,0,0,0,0,0,0,
  0,0,0,0,0,0,0,0,0,0,0,0,0,0,0,0,
  0,0,0,0,0,0,0,0,0,0,0,0,0,0,0,0,
  0,0,0,0,0,0,0,0,0,0,0,0,0,0,0,0,
  0,0,0,0,0,0,0,0,0,0,0,0,0,0,0,0,
  0,0,0,0,0,0,0,0,0,0,0,0,0,0,0,0,
  0,0,0,0,0,0,0,0,0,0,0,0,0,0,0,0,
  0,0,0,0,0,0,0,0,0,0,0,0,0,0,0,0,
  0,0,0,0,0,0,0,0,0,0,0,0,0,0,0,0,
  0,0,0,0,0,0,0,0,0,0,0,0,0,0,0,0,
  0,0,0,0,0,0,0,0,0,0,0,0,0,0,0,0,
  0,0,0,0,0,0,0,0,0,0,0,0,0,0,0,0,
  0,0,0,0,0,0,0,0,0,0,0,0,0,0,0,0,
  0,0,0,0,0,0,0,0,0,0,0,0,0,0,0,0,
  0,0,0,0,0,0,0,0,0,0,0,0,0,0,0,0,
  0,0,0,0,0,0,0,0,0,0,0,0,0,0,0,0,
  0,0,0,0,0,0,0,0,0,0,0,0,0,0,0,0,
  0,0,0,0,0,0,0,0,0,0,0,0,0,0,0,0,
  0,0,0,0,0,0,0,0,0,0,0,0,0,0,0,0,
  0,0,0,0,0,0,0,0,0,0,0,0,0,0,0,0,
  0,0,0,0,0,0,0,0,0,0,0,0,0,0,0,0,
  0,0,0,0,0,0,0,0,0,0,0,0,0,0,0,0,
  0,0,0,0,0,0,0,0,0,0,0,0,0,0,0,0,
  0,0,0,0,0,0,0,0,0,0,0,0,0,0,0,0,
  0,0,0,0,0,0,0,0,0,0,0,0,0,0,0,0,
  0,0,0,0,0,0,0,0,0,0,0,0,0,0,0,0,
  0,0,0,0,0,0,0,0,0,0,0,0,0,0,0,0,
  0,0,0,0,0,0,0,0,0,0,0,0,0,0,0,0,
  0,0,0,0,0,0,0,0,0,0,0,0,0,0,0,0,
  0,0,0,0,0,0,0,0,0,0,0,0,0,0,0,0,
  0,0,0,0,0,0,0,0,0,0,0,0,0,0,0,0,
  0,0,0,0,0,0,0,0,0,0,0,0,0,0,0,0,
  0,0,0,0,0,0,0,0,0,0,0,0,0,0,0,0,
  0,0,0,0,0,0,0,0,0,0,0,0,0,0,0,0,
  0,0,0,0,0,0,0,0,0,0,0,0,0,0,0,0,
  0,0,0,0,0,0,0,0,0,0,0,0,0,0,0,0,
  0,0,0,0,0,0,0,0,0,0,0,0,0,0,0,0,
  0,0,0,0,0,0,0,0,0,0,0,0,0,0,0,0,
  0,0,0,0,0,0,0,0,0,0,0,0,0,0,0,0,
  0,0,0,0,0,0,0,0,0,0,0,0,0,0,0,0,
  0,0,0,0,0,0,0,0,0,0,0,0,0,0,0,0,
  0,0,0,0,0,0,0,0,0,0,0,0,0,0,0,0,
  0,0,0,0,0,0,0,0,0,0,0,0,0,0,0,0,
  0,0,0,0,0,0,0,0,0,0,0,0,0,0,0,0,
  0,0,0,0,0,0,0,0,0,0,0,0,0,0,0,0,
  0,0,0,0,0,0,0,0,0,0,0,0,0,0,0,0,
  0,0,0,0,0,0,0,0,0,0,0,0,0,0,0,0,
  0,0,0,0,0,0,0,0,0,0,0,0,0,0,0,0,
  0,0,0,0,0,0,0,0,0,0,0,0,0,0,0,0,
  0,0,0,0,0,0,0,0,0,0,0,0,0,0,0,0,
  0,0,0,0,0,0,0,0,0,0,0,0,0,0,0,0,
  0,0,0,0,0,730,620,360,164,16,-19,69,140,166,213,235,
  142,12,-118,-140,-62,28,73,0,-120,-169,-80,-42,-32,57,-2,-83,
  -50,-94,-131,-41,-32,-21,-30,-129,-185,-153,-196,-247,-193,-200,-183,-105,
  -126,-139,-101,-46,-52,-146,-259,-349,-329,-296,-253,-145,-42,16,-7,-59,
  -157,-201,-100,-9,7,-16,-39,-48,-85,-125,-79,-12,51,131,101,-53,
  -146,-148,-75,-84,-143,-77,12,92,178,160,27,-27,108,176,143,129,
  65,-7,-45,-62,12,153,314,507,494,177,-21,-1,96,113,114,115,
  19,-81,-76,-85,-46,99,242,266,131,-22,-123,-142,-190,-252,-194,-146,
  -57,30,63,-1,-87,-87,-91,-96,-110,-103,-51,-36,-23,-62,-123,-98,
  -12,100,183,181,129,124,37,-72,-73,-63,27,211,317,339,304,180,
  101,111,183,252,289,261,187,112,85,142,224,322,337,344,329,264,
  309,321,262,197,90,19,16,73,206,292,359,366,232,81,-49,-150,
  -130,-66,-56,-58,-35,5,19,7,-12,-115,-250,-326,-346,-374,-332,-271,
  -223,-167,-172,-219,-266,-318,-243,-92,-42,-65,-153,-271,-320,-325,-255,-125,
  -40,28,82,62,-36,-96,-126,-154,-174,-186,-180,-137,-102,-83,-62,-129,
  -176,-148,-165,-215,-215,-134,-87,-120,-182,-276,-354,-242,-135,-132,-199,-276,
  -240,-128,-68,-22,-52,-107,-89,-138,-210,-275,-216,-68,64,188,202,186,
  198,153,124,109,52,109,189,228,269,318,308,259,197,198,253,289,
  344,346,290,179,76,53,61,94,181,251,271,245,164,51,-22,-56,
  -14,71,65,43,0,-86,-86,-61,-35,31,0,-35,-37,-78,-117,-171,
  -196,-192,-167,-78,16,40,53,4,-78,-119,-145,-123,-83,-35,30,35,
  -75,-148,-98,-36,87,130,58,-13,-62,-51,-27,-36,5,72,46,40,
  40,39,78,82,139,141,72,114,180,189,181,137,64,31,134,242,
  267,278,281,285,220,105,49,98,171,265,332,318,242,195,208,174,
  41,-28,-25,-51,14,118,157,138,91,42,-85,-216,-255,-247,-244,-244,
  -236,-215,-204,-198,-192,-185,-180,-209,-293,-396,-491,-496,-464,-381,-286,-212,
  -137,-105,-99,-175,-317,-422,-427,-399,-324,-205,-127,-103,-66,13,36,29,
  37,19,-16,-18,-44,-74,-77,-27,111,199,194,200,209,136,90,-11,
  -90,-141,-143,-21,93,184,240,298,286,246,170,83,63,49,55,90,
  104,129,233,370,416,344,226,119,65,57,63,7,-43,10,55,100,
  122,128,206,210,133,35,-147,-267,-193,-93,-97,-57,-29,-29,62,147,
  72,-99,-274,-391,-419,-376,-238,-69,43,72,33,-122,-244,-238,-227,-184,
  -187,-204,-225,-180,-50,-7,-36,-67,-55,-47,10,89,113,97,77,36,
  7,-29,5,185,291,355,291,169,84,70,132,173,140,113,116,137,
  172,214,218,195,203,200,152,79,76,125,115,109,90,88,139,199,
  263,252,171,92,15,-32,-64,-49,-35,21,140,228,260,246,159,76,
  -3,-113,-182,-175,-106,-4,102,172,204,180,108,-21,-149,-187,-186,-205,
  -187,-113,-46,-6,53,61,-16,-92,-140,-181,-192,-262,-287,-241,-206,-126,
  -93,-135,-172,-154,-131,-161,-247,-251,-231,-209,-191,-182,-226,-223,-158,-132,
  -160,-196,-156,-123,-135,-102,-138,-219,-198,-128,-87,-54,-32,9,68,49,
  -53,-139,-139,-87,1,79,66,45,50,30,2,0,15,70,103,95,
  46,-4,-6,10,19,52,35,-12,5,35,83,115,72,63,44,-5,
  2,7,17,43,66,85,103,133,132,145,166,111,62,35,-32,-58,
  -6,14,65,132,132,87,20,-45,-72,-63,12,109,159,142,42,-56,
  -147,-181,-103,35,123,171,150,30,-109,-165,-187,-121,9,55,77,135,
  149,116,95,37,-66,-108,-50,25,106,156,178,123,-11,-96,-96,-66,
  21,143,160,52,-61,-116,-130,-123,-73,31,97,123,48,-42,-79,-71,
  -35,-2,41,86,212,378,364,244,59,-48,-21,11,51,77,188,599,
  1237,1488,964,336,89,63,111,-7,-184,-237,-4,247,122,-191,-301,-101,
  -9,-290,-741,-1003,-1053,-1040,-860,-804,-841,-572,-147,20,-86,-427,-755,-879,
  -744,-492,-303,-85,285,612,682,443,151,156,320,375,304,186,248,517,
  673,678,592,488,378,204,35,-72,-33,95,152,69,3,-44,-126,-131,
  -164,-243,-242,-360,-448,-359,-291,-201,-123,-80,-3,62,19,-93,-198,-225,
  -97,61,234,400,455,428,292,101,-46,-107,-46,23,138,273,319,246,
  119,-62,-237,-498,-602,-492,-313,-329,-181,-159,-398,-243,-255,-554,-459,-479,
  -553,-252,-136,-158,31,28,-60,-102,-156,-43,83,190,398,348,272,400,
  400,362,389,422,459,458,376,367,349,312,429,458,327,283,251,127,
  20,-27,6,62,35,27,25,-67,-79,-89,-155,-134,-155,-207,-221,-176,
  -147,-133,-89,-57,-91,-42,-4,-69,-101,-108,-150,-164,-140,-53,94,158,
  139,108,74,-61,-113,-71,-76,3,97,165,233,152,120,173,106,64,
  109,64,87,157,137,204,202,86,150,134,-48,-31,26,15,88,79,
  25,-41,-121,-88,-38,-72,-62,-55,-21,11,-38,-89,-23,7,-17,49,
  14,-57,-23,-11,-70,-55,-35,-42,14,48,52,78,104,78,-1,-89,
  -202,-273,-179,-64,-32,-32,12,81,40,-166,-321,-394,-455,-385,-238,-263,
  -242,-53,62,-28,-130,-124,-105,-145,-207,-208,-196,-97,54,204,273,195,
  140,73,-136,-222,-84,24,86,237,363,324,252,236,154,15,-40,13,
  50,60,103,163,194,180,157,29,-176,-253,-178,-147,-210,-215,-80,36,
  35,39,-47,-192,-231,-199,-214,-297,-285,-126,-101,-89,49,84,-46,-108,
  -144,-201,-202,-128,7,91,69,71,30,-101,-133,-108,-141,-36,100,170,
  212,136,56,26,-42,-15,16,-7,59,153,116,57,46,57,86,142,
  180,199,215,172,92,12,31,110,155,221,241,237,207,102,26,47,
  87,76,52,-3,-89,-110,-139,-124,-44,48,118,84,-30,-121,-148,-164,
  -181,-147,-53,52,94,129,164,98,-6,-45,-93,-177,-162,-92,-85,35,
  193,167,77,-23,-169,-265,-272,-317,-272,-107,-37,21,65,-7,-135,-174,
  -203,-225,-158,-103,-89,-32,76,106,120,189,246,268,265,199,44,-2,
  18,105,294,507,629,614,472,248,5,-103,-35,56,185,354,491,484,
  315,137,-57,-235,-250,-183,-175,-56,128,180,198,194,28,-109,-257,-354,
  -319,-323,-224,-22,129,225,222,67,-141,-326,-363,-373,-330,-168,21,194,
  269,194,9,-133,-230,-336,-405,-319,-155,22,158,129,5,-86,-186,-340,
  -407,-413,-308,-111,28,51,20,-93,-166,-175,-237,-214,-161,-141,12,65,
  44,75,73,64,45,-31,-55,-89,-65,49,170,200,210,273,250,129,
  52,-30,-126,-123,83,156,89,166,200,127,108,47,-91,-180,-149,-99,
  -104,-18,160,230,217,92,-53,-230,-376,-339,-142,0,189,433,380,187,
  66,-79,-299,-333,-205,-118,51,377,506,395,316,218,6,-164,-190,-210,
  -148,81,271,323,373,377,223,17,-151,-295,-250,-94,12,116,176,147,
  109,93,-26,-224,-204,-72,-13,78,155,157,192,247,193,17,-98,-65,
  63,218,268,296,308,273,202,45,-99,-189,-124,11,24,35,82,-14,
  -19,-75,-302,-389,-303,-311,-283,-141,-125,-164,-75,-141,-352,-400,-365,-365,
  -293,-86,55,49,27,-71,-148,-107,-104,-82,48,113,129,82,-45,-111,
  21,168,150,112,121,60,9,61,62,-42,10,112,25,-22,18,19,
  -44,4,87,-16,-80,-17,-67,-144,-89,26,0,-4,129,139,9,-15,
  -51,-144,-93,24,53,43,91,167,151,47,-113,-235,-267,-259,-122,13,
  86,228,322,155,-168,-368,-469,-510,-367,-90,103,128,202,161,-107,-260,
  -264,-353,-363,-198,-5,204,296,294,183,-38,-113,-82,-205,-183,52,239,
  388,395,254,204,123,63,23,-140,-139,92,137,197,316,285,215,129,
  -16,-185,-266,-149,-22,51,164,208,109,11,-35,-18,-81,-135,-103,-58,
  52,87,43,29,24,80,119,41,6,7,-86,-96,59,127,209,346,
  250,74,-9,-96,-94,-42,65,212,282,226,104,-46,-116,-38,64,21,
  5,77,67,-74,-189,-169,-118,6,158,118,49,49,23,-92,-91,-59,
  -105,-56,-38,-130,-26,99,49,139,201,151,174,120,-12,-69,-39,-46,
  -129,-78,77,223,311,261,213,72,-92,-153,-264,-317,-66,142,110,71,
  91,-11,-302,-409,-277,-236,-10,275,128,-12,-33,-175,-375,-358,-237,-78,
  72,52,25,92,9,-30,5,-76,-52,79,-165,-341,-167,-86,-49,158,
  293,271,267,172,-218,-541,-492,-338,-179,157,373,342,322,124,-185,-321,
  -374,-409,-197,99,227,373,394,168,50,66,-117,-325,-287,-202,33,346,
  426,317,235,77,-141,-324,-505,-465,-164,125,305,331,273,198,1,-288,
  -479,-551,-486,-239,-73,86,331,372,239,118,-67,-109,-54,-151,-210,-160,
  -117,46,162,228,329,303,233,161,-44,-193,-101,19,61,61,-23,-10,
  52,149,368,351,166,40,-148,-407,-411,-302,-175,55,276,352,174,-62,
  -173,-118,-4,-9,-11,-84,-78,34,77,295,532,535,306,-11,-268,-489,
  -468,-172,145,632,1008,856,316,-168,-430,-682,-696,-340,97,444,789,661,
  104,-173,-323,-500,-391,-166,-25,51,-15,-62,169,370,288,262,196,-130,
  -321,-485,-713,-402,292,805,894,683,269,-364,-851,-966,-915,-535,165,590,
  630,475,7,-401,-572,-667,-535,-250,-187,-83,123,98,129,345,299,245,
  215,-180,-502,-534,-461,-210,264,821,1120,1045,703,65,-768,-1079,-991,-674,
  109,763,1034,1126,807,186,-471,-1042,-1126,-907,-502,193,670,756,736,553,
  -19,-631,-1054,-1083,-698,-168,598,991,727,477,99,-450,-675,-566,-357,-74,
  377,783,554,127,-5,-156,-344,-351,-351,-370,-234,-131,-252,-433,-320,-101,
  -46,21,-4,-219,-458,-736,-795,-633,-155,381,603,811,848,423,-91,-469,
  -652,-434,137,714,824,822,836,314,-227,-538,-711,-394,129,472,584,505,
  240,-118,-428,-671,-634,-210,144,312,474,392,234,94,-145,-281,-204,25,
  213,339,411,393,371,294,121,-98,-26,98,-93,80,281,118,248,335,
  176,84,3,-163,-306,-381,-94,111,67,401,478,-23,-295,-285,-433,-373,
  -4,-41,-105,133,267,5,-134,92,66,-127,-197,-238,-341,-93,164,158,
  144,115,26,-99,-248,-231,92,235,126,262,183,-171,-130,160,103,140,
  398,243,-78,38,109,-153,-79,258,247,231,473,352,-83,-71,-23,-438,
  -452,-170,-338,-265,170,205,96,272,202,-119,-265,-490,-722,-460,-144,-41,
  400,548,280,172,-63,-242,-199,28,-33,-206,26,50,-294,-110,488,333,
  290,372,-534,-955,-627,-652,-482,310,839,659,225,-170,-741,-1074,-768,-328,
  66,558,806,624,208,-135,-417,-609,-529,-98,377,438,360,322,-50,-362,
  -231,-155,-233,297,577,49,-235,-48,-103,-140,288,350,217,341,-16,-601,
  -615,-236,7,159,568,775,386,215,-238,-748,-452,-458,-585,-133,406,677,
  714,317,-376,-722,-811,-905,-774,-280,408,753,889,508,-318,-480,-750,-1144,
  -401,179,374,890,715,339,147,-197,-416,-312,116,514,432,274,144,-340,
  87,614,317,801,1072,282,-19,-40,-653,-693,-121,341,690,895,943,536,
  182,63,-372,-542,-319,-146,107,262,259,279,361,264,278,378,128,-272,
  -470,-647,-811,-289,367,653,1028,1101,520,-251,-917,-1327,-1021,-294,541,1090,
  1273,1579,981,-416,-886,-1049,-1019,-40,499,377,717,918,278,-865,-1265,-702,
  117,606,317,-177,-402,-673,-1176,-1438,-1276,-449,908,985,267,-114,-528,-777,
  -1167,-943,-303,57,664,750,456,304,-113,-549,-662,-713,-85,658,296,99,
  602,269,-235,-42,-591,-1047,-429,126,83,-129,390,384,-174,-6,-450,-1253,
  -561,-104,-458,-90,208,-41,215,364,372,653,494,35,-513,-770,-561,-479,
  -171,629,1325,1481,1055,5,-499,-1132,-1209,-555,-672,-82,751,750,459,504,
  354,-512,-728,-508,-1017,-1277,-332,195,471,1402,1387,417,40,-99,-1072,-1577,
  -1107,-162,756,1596,2016,1686,920,102,-776,-1881,-1698,-527,545,1463,1899,2015,
  1120,28,-657,-1723,-1926,-672,91,359,1419,2049,1170,-85,-1127,-1650,-1382,-1246,
  -673,417,1432,2072,1313,45,-909,-1073,-917,-1302,-857,426,744,868,1257,468,
  -99,575,230,-1016,-959,-687,-819,-327,154,418,846,1449,1051,-645,-1304,-1236,
  -1631,-1260,90,985,1839,2234,933,-203,-528,-1310,-1925,-1655,-709,609,1628,2145,
  1982,1236,542,-770,-2153,-2033,-1198,-734,30,1080,1283,1470,1600,361,-291,-286,
  -1362,-2103,-1785,-1114,194,1321,1960,2311,1602,884,-415,-2094,-2053,-1240,-694,837,
  2213,2387,2710,1884,-39,-1271,-1922,-1879,-1276,-355,1010,1975,2162,1768,679,-401,
  -1341,-2175,-2434,-1762,-802,-138,818,1617,2123,2019,736,-997,-2523,-3199,-2683,-1751,
  -576,1920,3741,3212,1811,111,-1372,-2434,-2182,-1760,-1543,667,2092,1679,1708,1002,
  -343,-1068,-1704,-1925,-1097,-321,54,727,1420,1919,1120,-618,-1390,-2146,-1456,-412,
  -735,888,2105,1532,1589,265,-1915,-1746,-1009,-1296,-323,1064,1403,1421,969,228,
  -965,-841,-220,-858,-164,475,-424,53,826,538,1040,1370,538,227,-780,-2266,
  -2772,-2656,-425,1838,2714,3336,2430,526,-1587,-4008,-4369,-3073,-1296,1607,3232,3329,
  3350,1654,-1030,-1778,-2060,-2761,-1544,183,721,1665,2145,1246,678,744,309,-499,
  -718,-594,-479,-516,41,606,823,1152,959,657,75,-762,-1147,-1016,-796,260,
  1708,1284,951,1046,-705,-1800,-1696,-1817,-923,770,1717,1825,1519,480,-17,-1100,
  -2275,-1223,-919,86,1704,1287,1195,991,71,-365,-384,-869,-521,-333,-305,667,
  805,303,35,-66,112,-178,-780,-748,-594,563,1056,-167,23,548,25,-240,
  -581,-1043,15,735,538,643,590,1145,450,-685,-1150,-1602,-603,68,242,701,
  1328,851,-382,-407,-1385,-1933,-781,3,739,1270,1130,195,-496,178,416,-341,
  -348,-69,334,640,36,-66,643,1175,1102,726,-425,-871,-889,-1982,-1889,-849,
  -190,926,1420,935,-78,-755,-1324,-2305,-1639,-1162,-1594,815,1929,686,902,972,
  -690,-1122,-245,-483,-41,1235,889,192,92,1051,177,-1736,-379,-108,-526,581,
  717,518,688,561,-4,-1364,-900,411,-563,-564,536,779,711,660,-85,-264,
  488,49,-450,-1564,-1491,156,39,-372,635,1198,449,206,-391,-1641,-522,167,
  -1225,-691,759,801,200,227,261,437,1902,1809,-236,-88,-47,-711,-289,-295,
  241,609,1666,2159,874,193,-544,-1748,-2389,-2153,-1461,-1191,-243,753,475,53,
  -209,-1030,-1874,-1198,-542,-1089,-321,857,854,910,731,762,826,1322,1074,-228,
  -507,273,698,576,670,1784,1805,1137,443,-1097,-1812,-979,207,-183,-177,1353,
  1506,699,-165,-1135,-2055,-1714,-574,-781,-19,2005,1924,429,-551,-582,-1162,-1227,
  -951,-982,-269,222,-83,-743,-394,64,275,80,-401,11,-299,-1331,-1158,-621,
  -550,-218,150,-28,1050,3468,2774,41,-243,93,-1332,-664,-627,-1974,-94,2806,
  2839,1037,874,1468,1174,331,-1155,-1212,-606,1736,2916,83,61,1963,1058,522,
  972,-147,238,1344,532,-373,-558,-1716,-2081,-331,3,-855,298,402,-200,1308,
  -564,-4846,-2737,-1282,-2237,1100,121,502,4064,2707,1568,1004,1068,1902,547,396,
  -334,47,3210,2657,1043,3008,3014,1861,1069,-810,-1032,-82,-284,357,-41,650,
  2561,705,-347,-1538,-2137,-2951,-3360,-930,-758,-419,1230,-161,-2568,-3119,-3557,-3618,
  -2719,-1715,-1263,-914,-998,-2025,-2812,-2228,-2101,-2317,-2110,-329,648,-649,-1634,-1397,
  -1107,-665,-524,-1245,-977,-124,-105,-773,-1443,-941,-459,-1587,-1000,-986,-2272,-2007,
  -1377,-982,-70,1303,748,-951,-1494,-2276,-2588,-1537,-671,889,2973,2866,1571,645,
  -264,-282,-400,-518,628,2219,3955,3463,2371,2666,1191,-598,-222,319,482,2299,
  3447,3432,3357,2220,340,-735,249,883,1517,1682,907,2423,2320,511,1227,-478,
  -2039,85,1054,-277,458,2089,663,-1736,458,1191,-752,1525,2278,57,185,283,
  -465,-1310,728,1836,-255,-1442,2149,797,-2456,-1199,1052,1604,1226,1499,-2709,-3081,
  5392,5112,2668,6053,4511,1147,4035,3053,-913,3281,6509,6278,6215,7760,8252,2769,
  1727,2264,-807,3488,4812,993,1491,2399,391,-2591,-3821,-2859,-2014,-2925,-2731,-3637,
  -7204,-6370,-7863,-8900,-3576,-3301,-4255,-3782,-6545,-6585,-8096,-9063,-5846,-2801,-713,-431,
  -1973,-2620,-2306,-3885,-6385,-4256,-1278,1556,2274,477,-167,100,-299,-1909,-2790,-2118,
  -176,-1055,-1931,-595,-395,-276,-1204,-2093,-2056,-1904,-2077,-3530,-3061,-1291,-823,-800,
  -685,-1119,-1112,-774,-1674,-1637,189,1024,2012,2378,2139,1527,250,1517,1798,1291,
  3237,3127,3139,3639,3185,2927,2432,2009,1255,399,277,572,1077,1824,2110,658,
  -733,-792,-2193,-2778,-2142,-1490,24,-505,-1290,-772,-1377,-1524,-1129,-1524,-381,2150,
  1803,80,-79,161,1221,1292,1097,3117,5187,3811,1296,-436,-488,1037,4081,4781,
  3021,7505,7214,812,411,-1510,-3117,596,-1285,17,3822,2126,3630,1585,-1457,1952,
  4275,5320,6206,5118,3667,995,-397,3509,4177,5653,14397,14076,10937,13913,6629,2302,
  3842,280,1170,2803,5834,7463,4121,6068,4408,624,-3171,-7273,-9064,-11772,-7672,-6160,
  -7619,-3399,-3235,-4866,-7460,-10246,-11951,-15162,-13799,-10530,-8756,-5631,-1837,-3205,-4674,-4079,
  -8383,-9377,-6700,-5789,-3653,-2192,731,2295,2308,2537,-1671,-2251,-1145,-3331,-3127,-2405,
  -809,3178,4305,4039,3388,527,-1997,-5502,-7603,-6669,-5275,-2582,521,1997,2958,1155,
  -2165,-3151,-4647,-5600,-4007,-3941,-1757,2733,3369,4626,5354,2986,3932,2434,-410,599,
  1885,5398,6880,7706,8823,6121,4793,3977,-218,-1712,1394,2381,2573,6459,6069,2102,
  633,-2021,-6334,-7165,-5097,-4118,-2785,472,1876,199,-407,-1336,-5408,-7655,-6849,-6346,
  -3782,-1085,1654,2804,2489,4175,2927,-1930,-2513,-1739,-1477,-210,-47,267,3232,6455,
  7479,6074,1914,1886,-361,-2671,-1198,-2462,-1378,1799,4772,7002,8297,3077,-647,1332,
  -3462,-3559,-4156,-5835,1272,4149,4072,2345,673,9327,11905,5830,6073,1843,-1020,5378,
  4244,6618,17673,21639,19996,18446,13135,6116,3752,-2375,-1515,6450,7375,14384,12200,5212,
  7680,-1301,-10238,-11271,-15340,-15606,-11287,-9746,-7576,-6052,-9615,-11304,-13860,-17622,-16092,-20042,
  -20347,-12881,-11167,-7904,-2648,-1706,-1811,-4985,-7435,-8801,-8601,-3368,-1026,186,6113,8861,
  6696,3639,2428,741,-972,599,1316,863,929,2371,1478,119,2248,444,-2386,-1790,
  -2973,-6358,-7331,-6058,-5299,-3429,23,180,-1286,-1100,-2955,-5516,-4793,-3281,-1092,1669,
  4339,7440,8804,6568,4758,3903,1825,3070,5258,5894,10388,12796,10075,8805,5616,3611,
  3014,449,-4,-164,1170,3058,909,-566,-997,-5822,-7132,-5547,-8923,-7591,-4363,-6679,
  -5112,-3442,-5148,-5123,-4209,-3532,-4164,-4337,-2164,-2972,-3038,2213,1965,721,4365,2305,
  2039,3603,3146,3181,3824,5928,6039,2554,1892,1706,985,4152,6510,1704,1121,4427,
  2833,303,245,-3045,-5529,-741,4248,-528,2804,5271,-4180,-4924,-3436,-5891,-6493,-4304,
  -678,561,15479,21601,11545,10589,13981,6716,10003,16197,7679,13173,21337,19251,21570,20290,
  14582,13819,8275,6864,1384,-6438,-4197,-2471,-1522,-1219,-6011,-8231,-11030,-17831,-19859,-24006,
  -24792,-19741,-19369,-21297,-15832,-13677,-13877,-13626,-16276,-17696,-17216,-12280,-9004,-7858,-486,5089,
  1408,4384,4708,-757,1332,2068,-643,4305,7603,6785,7779,7640,6600,4427,2310,54,
  -2091,-1205,-376,-1289,-1524,373,-1436,-4280,-3019,-6194,-6917,-3474,-6274,-6042,-3502,-4531,
  -1616,-720,40,504,764,2291,3390,6464,5064,4334,8519,10219,11146,12135,9267,6223,
  7571,9143,7949,8778,9932,8271,8246,6726,2498,-899,-2001,-3563,-5019,-5802,-5662,-4004,
  -3956,-5974,-6702,-9692,-11290,-11177,-11138,-10426,-11185,-8337,-6257,-5927,-1697,-1431,-3468,-227,
  -1475,-3641,-341,516,2154,6661,6281,7219,8219,5887,6138,4859,4991,4858,3070,4862,
  2309,3249,7172,3606,4683,2022,-3527,1015,-504,-3778,-1572,-2256,-346,3676,861,-266,
  681,3185,-1106,-6626,-5245,-9833,-4729,3954,-4433,-2846,-3137,-1874,14175,23150,22762,18194,
  24033,19801,13394,12839,-6960,-3018,21175,27451,27780,26184,25556,17523,9233,1357,-19482,-20142,
  -6523,-4699,-3880,1249,1697,-7862,-14952,-22267,-28194,-27722,-27522,-27005,-25191,-22583,-15610,-15416,
  -17254,-12342,-12926,-17490,-18839,-17521,-15990,-10605,-994,2351,6207,13312,11181,3847,1386,530,
  -3637,660,8775,9981,13134,16669,12514,8697,8124,1207,-3630,-4235,-2576,1373,1446,4496,
  5495,1250,-645,-2376,-8633,-9717,-7151,-7020,-4165,263,2545,1688,1227,3653,293,-1757,
  4300,1644,936,7351,4445,5265,13443,12743,7468,7056,5948,3374,5049,6951,2677,5209,
  10695,7146,3858,2504,-3635,-6524,-7932,-8314,-7456,-2923,-1516,-3917,-6318,-8679,-9838,-10413,
  -12957,-11796,-9410,-8505,-3928,-1233,-2093,-1878,-100,-1308,-2477,-1957,-2877,-3170,1836,5536,
  6179,8591,10584,7339,6633,5470,1469,-374,2254,44,6302,12647,8712,9838,7997,1035,
  -126,-2602,-11753,-7708,2098,-675,4994,7947,2359,1265,-2850,-7730,-6340,-9908,-10429,-14784,
  -14689,-10679,-8854,10675,27019,29602,31462,31315,16577,4801,1885,-21846,-5824,18972,24748,31949,
  32277,31798,26764,7098,-16148,-28762,-27833,-20592,-16418,2815,15690,7818,-5180,-14437,-28663,-31359,
  -31385,-31621,-31303,-29502,-26098,-18436,-12020,-8511,-7146,-13880,-18456,-24334,-25227,-21752,-10564,5024,
  16068,24538,25881,22592,13702,5649,1741,-1562,4761,13937,15687,23019,24935,19506,15767,9934,
  529,-4332,-4148,-8170,-9309,-3103,-1659,-1695,-521,-1459,-4279,-9865,-11832,-17607,-22429,-15245,
  -10809,-8208,1453,3757,1378,4084,2679,-3835,-3134,216,1728,8786,14335,14177,16461,18087,
  15319,10748,8501,7387,6008,9163,9387,8826,10651,9674,5079,-101,-4515,-9891,-13328,-13154,
  -11155,-8709,-5623,-7875,-11025,-11015,-17220,-19649,-18749,-21462,-15900,-6361,-3961,549,3259,-1652,
  -1942,-1922,-2878,-759,1652,5579,9906,13142,15842,16944,13486,11908,9497,4867,6451,8094,
  3465,7085,11053,6921,8636,7151,-435,-2901,-6313,-7777,-7549,-5419,2542,-1380,-434,2531,
  -8515,-11147,-6653,-19188,-15729,-6904,-13613,-13587,-5071,23178,32263,32333,32170,28708,-16327,-14776,
  -1910,-20893,6030,30614,32164,32426,32412,28296,-9465,-25320,-28718,-30393,-28070,-11081,1556,15822,
  20621,-5391,-28289,-30737,-32098,-32299,-32063,-31739,-30500,-26369,-21743,-16391,-13177,-10950,-13111,-21395,
  -25162,-25526,-22612,-11580,8413,25611,29550,29844,26323,17296,7017,4489,6721,4880,13325,24607,
  25946,26818,24143,12938,5002,-1063,-8924,-14738,-15695,-13809,-8723,-2317,-1144,-1946,-8789,-13554,
  -17217,-24467,-24835,-22169,-17026,-3242,6501,7797,5102,1983,-4382,-6079,-778,1941,10115,17103,
  20288,23126,21874,20127,14555,11028,12758,10483,11953,12437,12715,14208,11614,8508,-57,-2067,
  -1289,-9326,-12841,-17657,-20561,-14242,-8476,-7216,-8340,-12536,-17254,-19383,-20946,-20188,-17804,-16738,
  -9674,-833,474,2817,3106,-1702,-1738,598,892,1942,7458,14645,15676,17109,15946,11326,
  10303,11451,5342,2045,5149,6845,8542,13838,14425,5841,4121,-43,-10986,-12656,-15483,-12051,
  -5468,-583,3704,3959,917,-2165,-14840,-22562,-19385,-22299,-14573,-13459,-17232,27067,32428,32432,
  32259,28545,-27140,-30856,4147,-20442,-7113,32075,32406,32436,32435,28465,-27722,-31212,-30431,-31198,
  -29941,-6995,7481,20806,27957,890,-30603,-31408,-32315,-32419,-32318,-32044,-30909,-19345,-15561,-11733,
  -6761,-5690,-8536,-21429,-26754,-30393,-28182,-11121,14086,31004,32071,31697,30134,20960,5441,-1720,
  -3694,-1321,11847,27023,29444,28778,24568,14693,4164,-3587,-16453,-27238,-28511,-25719,-19221,-5340,
  5200,3596,-4562,-14387,-24291,-29913,-30342,-27640,-21264,-832,20939,23065,22582,11254,-6324,-6281,
  -8743,-253,14796,21051,27897,29879,28106,27043,24652,14957,6273,1084,-4049,3314,15388,19323,
  19179,15559,5711,-6332,-15466,-23325,-27489,-25975,-22522,-14963,-2720,-588,-5967,-16191,-24071,-26101,
  -26766,-22345,-15312,-13442,-4431,5430,8003,12360,8699,-2186,-3465,-2842,-1499,7015,13670,16573,
  23265,24190,19881,18337,11878,1565,821,1162,4551,9502,14357,16330,13195,9653,-90,-15084,
  -15210,-14918,-14256,-7117,2382,3747,604,2471,-7478,-18519,-16078,-24408,-25696,-16525,-13434,-11083,
  5477,31045,32433,32432,31886,6279,-32145,-31572,7423,-5450,22937,32352,32424,32437,32425,3511,
  -32229,-32226,-31039,-25998,-15445,858,11901,25042,28300,-7356,-32068,-32291,-32351,-32335,-32119,-31833,
  -28710,-13272,-956,3539,-6808,-8757,-14724,-25514,-29175,-29088,-18613,4192,28528,32039,32122,31493,
  26917,9228,-4778,-6578,-2021,2462,18342,29899,30433,28703,21781,2270,-11228,-14640,-24698,-29405,
  -29135,-25572,-11410,5184,7229,-1709,-15931,-24604,-28212,-29975,-29685,-27830,-17572,4890,22091,26883,
  22597,5201,-4250,-5417,-5041,3633,14089,21575,29399,30923,29519,26156,19459,12277,6885,3322,
  4342,4868,12448,17632,13185,8232,-717,-11487,-17588,-23836,-27442,-26814,-23658,-14093,-1831,-3377,
  -11653,-21175,-26953,-24844,-22510,-19088,-11804,-9106,23,11143,10971,10764,2905,-6162,-1840,1996,
  7667,17875,20412,22286,24563,20209,12152,8017,3479,8520,13185,6451,4476,5965,479,5200,
  10310,-2841,-3408,-317,-12098,-12133,-11265,-13985,-13367,-4521,-4867,-16525,-14667,-14351,-22634,-21649,
  -4679,28147,32415,32435,31587,3184,-26564,-30958,4536,14301,5636,32078,32420,32436,32424,14960,
  -32047,-32219,-27215,-18126,-18167,-2277,1993,17144,26510,-10392,-32232,-32344,-32244,-32273,-31725,-31543,
  -31653,-26052,-11932,-7438,-9173,-10372,-12410,-22564,-23453,-27269,-21818,8585,28042,31918,32233,31684,
  29050,17481,3101,4052,6974,14304,26193,30745,30929,28476,18170,-2450,-15026,-20092,-24732,-26991,
  -25363,-19459,-12193,-7864,-9354,-19399,-24302,-27714,-29116,-29225,-28839,-26752,-19136,-1804,14414,20161,
  18794,7662,-1225,-2739,346,11023,18100,27158,30752,31443,30541,24836,19265,9344,4959,12083,
  10541,17518,25918,19949,9770,1479,-14653,-17361,-19322,-25718,-27190,-24273,-19626,-12940,-6593,-10718,
  -21400,-26027,-27789,-27874,-26040,-22654,-18185,-3475,9749,16450,15699,6480,-1263,-8053,-5634,236,
  7779,19620,27008,28079,26203,23871,13387,7169,11265,6065,4324,9995,6756,1890,7525,3994,
  -392,3295,-4632,-11979,-7098,-10125,-20161,-19965,-18565,-16571,-9837,-15097,-16086,-18181,-20319,-14411,
  13515,32276,32436,32266,23560,-16508,-32048,-6075,26908,9817,31773,32429,32437,32435,30357,-31855,
  -32389,-29982,-13779,-9667,-7552,4439,17413,26153,2885,-32290,-32429,-32368,-32351,-32177,-31861,-31859,
  -28160,-10832,-4531,-14681,-21342,-18234,-27084,-28677,-27212,-19487,12863,31372,32268,32314,32107,29497,
  18174,11428,8206,15627,24410,29109,31510,31748,30553,25131,5553,-11216,-20156,-26807,-29501,-28839,
  -24901,-13037,-6190,-11371,-21142,-28428,-30337,-30731,-31567,-31534,-29246,-21890,-6184,13463,16375,9681,
  6916,-1019,-9344,331,12369,18158,27942,31176,31463,31586,31073,28434,18824,11417,9559,1532,
  11654,24408,21860,22913,17290,-3058,-13884,-21312,-28101,-29898,-29028,-25659,-15021,-5168,-5223,-19078,
  -27874,-29591,-29604,-27293,-24301,-21582,-12446,-2227,9977,18037,11163,4929,661,-3181,2441,10932,
  16384,21658,25991,27432,27820,27549,21030,10930,5406,4142,5628,7337,7742,4674,2230,5982,
  8254,-3514,-12948,-12115,-16019,-15757,-13204,-27711,-27933,-19476,-20766,-14842,-8722,-20828,-14591,27664,
  32392,32429,30220,376,-28459,-31426,24858,28357,10558,32412,32435,32437,32430,11052,-32366,-32140,
  -19285,-6312,-4436,5373,12451,20428,24692,-20022,-32428,-32428,-32348,-32402,-31920,-31530,-31847,-19466,
  -4087,-21059,-28106,-29425,-29079,-29657,-23208,-24293,-10493,27103,31898,32286,32309,31356,23095,13740,
  11621,15084,25613,30407,31487,32212,32207,30136,19537,-3038,-21171,-25499,-26765,-27995,-24115,-12159,
  -1469,-4345,-16069,-28570,-31635,-31954,-31750,-31726,-30864,-26369,-20321,-4820,12138,7752,4094,-1079,
  -10527,-6723,-190,9228,21034,29648,31666,31987,31822,29106,21115,14904,7741,11784,19391,23732,
  29199,27798,17425,-570,-15471,-22066,-20898,-18575,-24457,-26897,-23524,-19376,-14028,-15837,-25447,-29811,
  -30091,-27899,-24329,-20552,-16532,-12149,-6248,4698,8236,4105,875,-1100,1013,11817,21598,25608,
  26443,26279,27498,23466,20828,19988,16735,16003,17432,12494,8414,11702,6347,-173,4565,-737,
  -6116,-9581,-13074,-25359,-27291,-26014,-27753,-25511,-19826,-16380,-8795,27984,32388,32290,21530,-4859,
  -31372,-31524,25903,21259,16115,32422,32434,32436,32433,12564,-32244,-31085,-18047,-14288,15,23319,
  25397,30615,29525,-21391,-32412,-32428,-32365,-32396,-32024,-31551,-31787,-14731,-7136,-26780,-30676,-30650,
  -31318,-30573,-28833,-30646,-18147,16662,29923,32014,32199,31452,26848,18217,11234,12489,24755,28930,
  31336,32255,32273,31859,28785,9956,-7684,-11532,-15421,-23698,-25773,-19647,-8750,3027,352,-20900,
  -30292,-31752,-32069,-32048,-31613,-29976,-22773,-5694,7562,5252,-5493,-13891,-16695,-14446,984,15556,
  18341,28140,31111,31118,31107,29441,22239,15375,15589,17317,17972,26689,29244,24515,20214,6694,
  -15741,-19394,-21325,-28327,-28010,-21372,-17437,-9612,-7910,-22574,-29744,-30996,-31188,-30536,-25724,-17168,
  -6794,2461,2484,564,338,-2064,-3171,-3345,622,11167,20253,27988,29347,28790,29754,27781,
  20992,16893,5672,7366,21752,20846,17156,17389,10406,8828,3792,-12326,-25489,-24202,-23870,-26964,
  -23524,-20688,-23548,-11999,-14039,-8875,31808,32421,29252,-5715,-28208,-32340,-5339,31873,8964,31725,
  32435,32435,32432,30063,-31984,-32347,-962,23147,15931,21585,22838,20917,27698,2340,-32370,-32425,
  -31906,-32204,-31986,-31350,-31819,-28692,-12598,-29020,-31895,-31978,-30699,-30793,-29232,-28381,-24965,7360,
  30061,31042,30432,28794,21847,16043,14772,21220,28422,31383,32181,32306,32218,31082,23754,2010,
  -6694,2422,2388,-1185,-3113,-6303,-4756,-3741,-18458,-30210,-31714,-31646,-30656,-29663,-28881,-26642,
  -25346,-18961,-4504,-12134,-18002,-17218,-25362,-17101,3696,15601,27175,29490,29355,29659,28046,26158,
  20934,16521,21233,24387,26727,29533,29103,24414,16515,806,-10094,-15562,-19652,-21972,-27330,-27856,
  -21382,-17346,-9953,-15556,-29045,-31029,-31116,-30577,-26859,-24539,-20882,-11907,-3003,9536,10408,-65,
  -1979,-3763,-1060,14306,17007,19407,26451,27909,28983,29879,27144,17562,13162,15077,16462,18235,
  15207,15414,14001,9277,13755,5959,-19710,-22271,-22446,-27791,-23684,-25566,-27888,-11601,1670,28935,
  32408,32384,8376,-22085,-31808,-32234,14752,27538,26524,32426,32435,32435,32359,-9407,-32341,-31759,
  -8802,3405,14552,25719,28617,27678,24240,-22769,-32432,-32418,-32319,-32395,-31389,-29964,-30363,-10966,
  -8785,-29288,-31660,-31669,-31905,-31599,-28966,-29628,-16150,26017,31667,31933,31912,28446,10956,3752,
  7452,14414,28456,31493,32214,32352,32280,30499,14615,-4669,-10091,-7922,-6000,-10730,-10849,-1650,
  5521,-651,-20560,-29909,-31439,-31423,-30794,-31223,-30538,-24694,-15940,-17,6746,-941,-1804,-10082,
  -19820,-11323,-4626,10316,28705,30247,31083,31407,29529,23100,14959,10874,10969,19547,25437,25602,
  26847,22788,7344,-6850,-18469,-25697,-27497,-26072,-26392,-24182,-14551,-12522,-17352,-24675,-30796,-31565,
  -30972,-28153,-20193,-14304,-5517,1694,6424,13052,5280,-5840,-4772,-3347,7550,25053,28062,28170,
  29160,27152,24790,24067,17919,10690,9069,11017,17985,18283,17729,14182,683,-141,-3941,-23505,
  -25902,-27989,-30371,-27371,-16897,-10958,26984,32427,32435,26435,-18089,-32127,-32412,6111,27944,6881,
  32408,32438,32438,32426,4417,-32413,-32306,-6687,5070,10543,23463,28238,30898,31452,-7940,-32428,
  -32425,-32362,-32410,-31937,-31795,-31504,-10274,4226,-19411,-31482,-32092,-32235,-32309,-31554,-31213,-23151,
  24260,31889,32059,31663,27259,8082,-1145,4338,9869,24592,31214,32208,32334,32341,31828,24097,
  6013,-7246,-14688,-14332,-15934,-12822,2997,19136,20383,-1222,-28418,-31991,-32224,-31982,-31297,-29480,
  -22778,-9758,8300,9838,-7409,-18401,-24759,-24825,-7161,7151,20471,30354,30234,29816,31006,27744,
  21065,18922,13293,18360,26281,26413,26810,27860,25361,14106,-7270,-22818,-27579,-25608,-20481,-23866,
  -22698,-16286,-20727,-21305,-26475,-31308,-31636,-31299,-30002,-20171,-14444,-8952,-6905,-9402,-589,5516,
  6396,9184,376,581,11680,22306,29129,30579,29616,28860,25225,15703,9419,9441,15060,23734,
  27415,25861,19190,2902,-8391,-11111,-27081,-30293,-28195,-28676,-18057,13672,31533,32409,32399,6181,
  -30672,-32246,-32257,-1879,15040,21389,32418,32439,32439,32309,-26040,-32398,-31869,-14636,3132,12896,
  26654,31995,32254,29417,-24817,-32421,-32416,-32252,-32229,-31608,-30123,-27812,-7516,-1058,-26773,-31368,
  -31745,-32227,-32229,-32061,-31778,-20483,20455,30581,30795,29708,19689,77,-10578,-8178,2372,26613,
  31954,32228,32310,32245,31064,25364,4199,-11276,-8377,-1321,4227,9285,11524,15912,12697,-11032,
  -29422,-31761,-31948,-31274,-29067,-26834,-15375,-2804,-1068,-8972,-21309,-26087,-25435,-19448,-10134,8653,
  25736,29792,30436,28558,26167,22130,14046,13406,14560,22402,28120,30206,30888,30298,25593,7001,
  -13484,-23179,-24942,-18289,-17075,-16346,-10678,-11717,-12146,-20191,-29905,-31917,-32030,-31707,-29882,-22548,
  -16117,-7132,1403,677,-5478,-14844,-19336,-18965,-8767,6093,17259,28454,31101,30803,29695,21390,
  2608,-1113,8466,19057,26762,29560,28440,30094,20657,-9953,-20664,-29214,-26215,-22730,-21722,-2435,
  31651,32436,32434,15447,-31456,-32352,-32389,-4443,11953,-9677,32381,32438,32438,32416,-14276,-32431,
  -32299,-15355,1391,4908,21681,31636,32308,32192,-2516,-32422,-32420,-32248,-32260,-30879,-26151,-18185,
  14084,14703,-22868,-31915,-31936,-31993,-32123,-31846,-31754,-23595,20135,31066,30371,25436,12513,-4450,
  -17737,-18631,-14632,10577,31090,32240,32280,32182,31032,22530,156,-16946,-17687,-8216,2621,14162,
  17197,23036,23788,3889,-17223,-30724,-32085,-31517,-29925,-27525,-13948,-4508,6937,11853,-6787,-20384,
  -26462,-29327,-24008,-3149,14941,25388,30038,29116,27554,26505,15365,7342,2732,5977,15791,24225,
  29395,29844,28234,19014,-3702,-20066,-23797,-21120,-22339,-17048,-7079,-1858,2571,-903,-21086,-31083,
  -31773,-31607,-29878,-17630,-12218,-11011,-4464,-4051,-1609,-2916,-16398,-20082,-11624,2128,17672,23604,
  21795,24102,25763,23810,22095,14128,1244,4282,22212,24317,25042,25381,13995,1602,-9800,-21736,
  -25960,-20422,-17288,13195,32341,32436,32421,1106,-31488,-32409,-32236,18828,1341,18045,32425,32438,
  32437,31761,-31806,-32429,-31289,-13355,-2217,11604,25324,31497,32220,29256,-30014,-32419,-32259,-32263,
  -32196,-29161,-28682,-10363,25140,10264,-25159,-31429,-31909,-32118,-31831,-31661,-30656,-360,30952,31744,
  29854,17658,-2727,-12076,-15030,-16447,-12324,19674,31696,32241,32218,31436,28147,20534,-4153,-24960,
  -22921,-12110,4297,22373,24192,23755,24022,5255,-27051,-31996,-32177,-31861,-27371,-12508,-6595,5264,
  22337,15651,-10866,-29090,-31892,-31270,-14127,12070,25291,30775,31658,29808,25761,12844,-16215,-10372,
  3854,8978,27747,30186,29036,29536,24849,2070,-18002,-25458,-26785,-22283,-15326,-11011,-10095,277,
  6395,-8044,-23960,-31019,-31933,-30962,-25840,-15743,-7554,-1834,-420,-775,388,-4976,-15112,-15011,
  -8526,3683,22433,23028,22452,25243,24211,23411,18574,9906,7874,11288,14600,17447,27635,21858,
  165,-3949,-21365,-25071,-11889,-10762,29013,32423,32435,31063,-22014,-32160,-32394,-14956,14487,2596,
  32173,32436,32437,32276,-10534,-32417,-32335,-14195,-7475,-2749,16470,30388,32048,31296,-10938,-32394,
  -32371,-31787,-32010,-30618,-29104,-23119,10894,23065,-1621,-30419,-31487,-31370,-31663,-31195,-31641,-27473,
  22202,31953,31660,26973,5044,-9258,-11438,-19134,-22799,-6348,27700,32256,32292,31750,27288,11371,
  -920,-13545,-25370,-22565,-4639,11256,23794,26175,20488,6996,-17137,-29369,-31575,-31634,-30420,-25619,
  -4952,13107,20987,19514,-1861,-21213,-28819,-28151,-18914,-4850,14048,25967,29636,30728,28766,16809,
  7363,-174,-4645,12260,16535,19633,28021,25967,19712,8876,-7172,-19024,-20749,-19412,-19297,-16663,
  -9368,-7346,-12116,-13886,-21146,-28268,-28369,-29571,-28109,-13393,-3756,-1905,-4034,-13604,-12034,-9145,
  -8334,-5048,-5419,3069,19815,25805,26573,22114,13555,11919,14061,14421,17776,15504,17973,26565,
  20783,9500,4887,-4203,-22248,-24299,-21394,28568,32437,32438,31621,-26373,-32121,-32340,-8105,1099,
  -27753,31394,32437,32439,32374,-20567,-32428,-32225,-7693,-10383,-25145,-4404,30050,32202,31820,-8719,
  -32394,-32270,-29437,-31804,-31578,-30844,-24136,19520,26921,-5238,-30793,-29856,-24298,-26343,-30201,-32113,
  -30903,10021,31581,31278,25211,6651,2458,-1933,-15410,-25423,-20152,18118,31980,32230,31369,24964,
  11055,-1063,-8825,-19996,-19314,-2426,12046,14122,11524,3959,-373,-2565,-16145,-27872,-29588,-27545,
  -24865,-16237,-5650,-161,13756,17311,2528,-20651,-27455,-25783,-7066,22406,27908,27712,27076,20437,
  11551,4007,72,-1629,8734,22633,26963,28642,25137,5697,-14944,-19431,-17467,-11700,-3742,-7353,
  -13492,-7913,-7976,-16203,-22517,-27358,-29714,-26915,-22870,-24872,-19883,-9695,-2569,6215,1692,-11295,
  -19327,-20531,-15204,-6561,7984,24314,28302,29150,27038,9620,1078,6842,7610,16661,25507,26778,
  23782,16947,4210,-4762,-15641,-16808,-7658,30505,32433,32437,31599,-23056,-31631,-31842,-2654,17091,
  -19614,28306,32432,32438,32333,-24276,-32432,-32331,-2989,3575,-15591,-14677,21341,31753,30324,-14937,
  -32406,-32393,-29372,-30713,-30847,-30415,-25111,10615,23795,-7856,-31261,-31095,-24810,-16957,-15386,-29442,
  -27509,12629,30936,30904,21821,-5371,-8617,4794,7078,-5240,-6813,16284,31211,32076,30183,8981,
  -5097,-2573,20,-4241,-10280,-8174,8031,21056,13752,-3267,-15500,-21636,-23360,-24816,-27631,-27133,
  -14975,1531,3417,3910,-1294,-13281,-14923,-18112,-20997,-5809,10403,19075,27571,29124,25376,18093,
  7865,-8139,-7863,5814,12389,19239,25514,26454,25684,20707,-81,-24200,-28229,-25835,-17631,-4158,
  -319,-4964,-5913,-5328,-13053,-24978,-30153,-31242,-30489,-25492,-12446,-4447,2844,5433,-2569,-7365,
  -16308,-19001,-11523,-7552,378,9121,22099,28895,29211,25021,18172,7437,2034,6858,16668,28101,
  25175,20180,17212,2627,-3713,-17484,-23608,19065,32433,32439,32384,-12468,-32251,-32215,-10054,22603,
  -17627,25503,32436,32438,32386,-14725,-32433,-32411,-9098,402,-17329,-12472,19346,31666,31184,-13172,
  -32405,-32419,-30895,-30557,-31573,-30981,-27980,5470,24316,-3518,-30705,-31737,-29747,-27255,-23326,-27821,
  -25848,11685,31544,31608,24629,-5457,-19895,-3316,7628,3073,897,18653,31534,32221,31403,15836,
  -6451,-1011,5791,966,-3864,-7865,5445,25841,24227,3757,-15744,-23745,-23974,-22235,-26848,-28661,
  -21960,-5507,3838,2294,-2791,-11821,-17679,-18319,-24868,-19692,1459,16908,25107,26121,22649,15649,
  6866,1440,-6595,5443,18062,21074,24494,23125,19075,14143,4375,-9465,-18567,-14521,-12400,-9202,
  -8233,-8495,-7155,-5122,-10362,-25169,-29968,-29977,-28180,-21761,-15344,-13317,-9402,-4188,-5943,-13112,
  -19042,-18672,-11708,-3656,3688,10753,15533,22267,25468,22470,14990,7358,5910,18690,28095,24987,
  17370,18183,14673,6581,412,-4729,31211,32437,32437,30776,-18424,-31867,-29953,25464,11876,-16542,
  31649,32430,32437,31974,-30985,-32435,-31989,20,-4894,-19757,-3643,24522,31117,23260,-31353,-32436,
  -32329,-29954,-30322,-28029,-29254,-24822,12713,11402,-25482,-31603,-31517,-30071,-21318,-19276,-24807,-11010,
  23890,31499,31069,18345,-18948,-25531,-10220,8466,13962,20078,26261,31227,32058,29911,2266,-14622,
  -9110,1617,10262,9108,1826,13519,23423,18550,-224,-18403,-25397,-26141,-22633,-20249,-23153,-12663,
  1008,1690,-1294,-10493,-25246,-25123,-19588,-14281,-5879,6076,18380,19409,13774,12915,1113,3014,
  9732,3612,9244,20868,23205,22288,21113,17755,10350,4352,-6268,-18462,-11824,2092,632,-5243,
  -7837,-14169,-9390,-8215,-21733,-28662,-29093,-27753,-19554,-13121,-12252,-12323,-15199,-14198,-11815,-14469,
  -15621,-14555,-9927,-1544,11816,13906,10308,14586,15745,13963,14971,15402,19317,18699,21880,20439,
  11348,-2192,-5328,-836,30228,32438,32439,32182,-912,-31502,-32292,9204,28001,-17039,31737,32437,
  32437,32384,-20489,-32437,-32419,-5098,11308,-18739,-5869,26953,28788,28559,-14464,-32433,-32424,-30897,
  -31847,-31250,-26928,-25991,3154,25587,-4609,-31080,-31482,-31262,-30720,-27327,-28745,-18888,23570,31859,
  31802,25580,-9774,-25043,-20874,-9023,3632,17060,29774,31486,31647,30471,11994,-6085,-1717,136,
  976,4525,1580,5302,22298,26539,16952,-4882,-23354,-30263,-29364,-22892,-18638,-8351,7159,10539,
  3915,-5182,-24168,-30007,-28771,-22965,-1836,18303,23852,17728,11371,12452,8393,608,-1323,-6952,
  2002,18911,22114,18684,20828,20583,18018,7196,-8619,-21541,-16358,-1469,5182,-1527,-2020,-9726,
  -15357,-11346,-20667,-28590,-25710,-24377,-20688,-9325,-11274,-16350,-13703,-11566,-10617,-12125,-14698,-17158,
  -18451,-1438,12822,9926,13400,13383,10352,13200,13289,8602,11735,21244,17759,17514,10131,-8306,
  -8204,16486,32369,32438,32438,31019,-25189,-31392,-30976,5172,21413,16616,32413,32438,32436,28654,
  -32171,-32436,-32041,-4127,-1798,-7543,10848,29578,30939,5093,-32015,-32436,-32375,-30963,-30947,-28745,
  -26721,-17600,17155,12185,-23131,-31335,-31233,-29772,-26182,-23629,-25848,-3124,29706,32157,31697,19461,
  -16771,-27098,-24496,-7062,7739,24422,31311,32048,31519,25933,-4781,-22217,-17533,-5137,2325,9768,
  12148,14201,18627,17406,-231,-17273,-23925,-28496,-28853,-23486,-20692,-9191,13226,18104,11985,-1331,
  -22945,-30263,-30072,-21064,-794,21244,29044,25623,21318,15466,-1235,-7881,-6302,-1768,15063,22042,
  17916,17304,20675,21426,13539,-7778,-21916,-22840,-9475,3922,-430,-5691,-4279,-8607,-9292,-19377,
  -29528,-29298,-23046,-15145,-7260,-9061,-17261,-15870,-15958,-19116,-15261,-11110,-7131,-5143,-1195,554,
  4560,6541,8755,11771,10390,12803,12738,8586,11077,14525,10699,12155,9004,2541,27596,32370,
  32436,32430,21561,-19408,-27877,-20373,28996,25777,24479,32421,32437,32417,21803,-32105,-32426,-29024,
  7466,1007,-5405,15886,30058,27101,-12786,-32369,-32437,-32367,-30862,-30227,-28359,-25455,-11287,97,
  -11799,-30680,-32231,-31611,-28769,-27242,-18460,-13707,10296,30842,31115,25284,9450,-13652,-8132,958,
  -1927,8801,27996,31880,32318,31900,21016,-10195,-19635,-10939,1465,6062,10965,15690,22524,25078,
  11818,-20057,-29697,-30060,-26481,-14992,-10857,-19529,-16992,-6035,494,-1305,-11953,-25704,-28642,-25902,
  -14229,3352,17230,25829,24587,19446,18986,3963,-9921,-7094,-4768,20258,30498,29622,27291,18144,
  6107,2261,-9523,-16084,-16393,-9536,5087,15069,7234,-2455,-16303,-25584,-28215,-30431,-30852,-26678,
  -17978,-2048,3792,-9488,-19750,-27100,-29529,-24699,-15213,-10790,-5977,1386,6105,13665,15078,6884,
  6024,7263,10914,18459,3667,3439,20025,20041,18396,19109,12769,32115,32438,32436,29273,-16281,
  -28361,-21791,30274,31112,3477,32311,32438,32437,31574,-31151,-32437,-32316,15606,18862,-11844,4858,
  29089,30349,16841,-31600,-32439,-32437,-30261,-29226,-26939,-22627,-19831,1914,5961,-30390,-32412,-32380,
  -30832,-26604,-16336,-14156,-4610,27052,31985,29232,1648,-20879,-19170,-2379,9450,17262,26767,31565,
  32265,32103,27760,-929,-16709,-10684,1485,7382,18268,21867,22085,23321,15128,-7561,-24456,-29620,
  -30747,-26872,-10160,-4916,-2939,-493,-4788,-15077,-19035,-25975,-29542,-28261,-17443,4845,21737,28217,
  23800,10894,4105,-1218,-322,-144,4970,19801,28039,30695,29036,19791,10275,2819,-5716,-5309,
  -8235,-6804,3403,6025,1517,-4299,-12603,-14558,-23194,-29343,-31165,-30996,-26309,-15820,-6175,-8731,
  -16355,-22155,-27884,-27760,-26775,-23753,-10339,303,4250,9283,9996,6541,7374,3423,5336,16579,
  17420,17384,15370,14113,22539,18760,18117,30729,32414,32437,32419,13650,-25455,-22023,4314,31798,
  29558,26765,32420,32438,32415,4705,-32394,-32428,-25895,24708,12768,-11319,5449,27852,26407,-11415,
  -32413,-32439,-32404,-29621,-27833,-27108,-25823,-9060,8533,-8690,-31940,-32424,-32317,-29671,-20769,-6836,
  -9439,10767,31408,31314,15546,-15667,-27043,-10332,14913,20313,23897,28084,31324,32167,31067,15248,
  -7477,-15238,-3733,10080,13043,16692,19975,22681,20667,9832,-11095,-26485,-30382,-29687,-22457,-7093,
  1043,4125,-2798,-7380,-10136,-22059,-29639,-28303,-23919,-7420,17286,22658,18677,19915,18532,2968,
  -5989,-1390,-3690,8279,27010,27907,28214,30052,23785,443,-6423,-13514,-15543,1624,11821,9691,
  5432,978,-11702,-20429,-20721,-27469,-30090,-29374,-25396,-20586,-14635,-15035,-24719,-23670,-23305,-27272,
  -26457,-24681,-22860,-10710,2723,1628,3173,10257,3231,-998,8010,7504,10247,16306,10697,11368,
  22773,22610,20504,23964,32309,32437,32435,30883,-11450,-28461,-11909,31429,31738,26614,32390,32438,
  32435,30361,-31665,-32431,-31863,19729,23277,-6388,2291,24441,28675,7839,-32249,-32439,-32432,-30598,
  -27184,-29430,-31126,-26816,4066,3795,-29998,-32406,-32414,-31673,-24175,-13790,-17818,-3481,28946,31809,
  26419,-6233,-27107,-23194,9268,24518,25169,28921,31614,32187,31905,24748,-5161,-16375,20,17108,
  18817,19734,19297,19231,21741,18261,-2292,-22167,-30527,-31152,-27830,-16379,-631,5839,-4621,-6979,
  -11769,-24797,-29434,-30115,-28772,-17004,10458,22158,22508,22482,9208,-4040,-211,-826,-674,12285,
  21036,26275,29966,28731,23939,18065,6483,-2644,-7328,-6700,6262,15470,16827,4271,-6867,-12319,
  -17747,-23476,-27915,-29998,-27370,-18141,-12488,-16486,-22755,-26408,-26958,-28954,-26823,-26004,-24474,-9489,
  -6834,-9595,-4104,-5650,-5961,2140,3521,4037,11857,6409,8814,13130,15152,22818,23070,23437,
  31870,32422,32434,32086,6998,-812,-5824,27312,32282,25162,31919,32436,32434,32118,-7260,-32294,
  -32044,7314,27385,2289,-8189,17197,25728,4530,-29563,-32435,-32437,-31707,-27852,-29536,-31137,-30868,
  -21399,-14232,-28943,-32355,-32417,-31745,-28425,-21943,-18471,-16882,12754,30504,27076,4537,-16870,-17532,
  10164,25216,25658,26835,30484,32184,32196,30479,15790,-4367,3657,22759,25045,20999,18901,20346,
  21112,17161,102,-20083,-27400,-26688,-21864,-13729,-16121,-18173,-12647,-21087,-23736,-22933,-29536,-28418,
  -21737,-22419,-11987,1500,4277,6862,4168,-3544,-1317,3652,8281,14019,17230,25330,26176,23343,
  24008,20124,19088,17906,7353,4692,10548,14533,13501,9258,-1124,-5402,-1725,-9295,-23340,-27621,
  -26865,-19743,-11432,-15007,-26180,-29214,-26648,-26220,-24393,-23513,-28050,-24870,-14851,-12981,-14068,-12526,
  -10730,-6144,2811,8271,4908,587,5423,9649,10767,18304,27135,29011,32160,32433,32421,23900,
  6943,10865,-527,31991,32355,22469,32337,32438,32414,30190,-11153,-32074,-28506,26482,27207,-12348,
  -582,28500,25884,787,-31500,-32437,-32434,-30789,-28489,-31165,-31042,-29397,-22034,-18992,-31603,-32430,
  -32420,-31739,-30226,-23331,-22604,-20032,18411,29934,14624,-15282,-26198,-14144,20940,29515,28228,26136,
  30755,32312,32249,30148,17971,2276,15712,29886,29011,24285,24766,26987,25668,22036,1956,-21340,
  -26362,-25573,-21470,-12782,-5421,-7292,-17169,-23822,-27451,-30974,-31148,-29863,-27725,-16014,-4001,-7641,
  -7543,-6343,-9388,-15129,-9081,1349,7782,18936,22823,20065,24231,27286,23664,21142,17080,7782,
  11625,17115,18327,25217,23959,13968,1930,-4409,-6832,-11279,-15071,-22731,-22529,-11175,-8576,-13471,
  -25606,-30202,-29831,-29424,-26675,-23655,-26903,-23225,-16170,-19617,-17660,-17161,-22177,-15006,-6256,-568,
  8624,-460,2863,16302,17149,13648,10873,13863,30063,32419,32438,32274,12534,13284,9830,27582,
  32301,23481,27076,32436,32438,32408,16507,-30974,-31654,6410,31149,4630,-22369,15914,30428,26496,
  -9813,-32413,-32438,-32272,-28855,-31118,-31924,-31868,-28286,-14614,-23687,-32375,-32436,-32259,-30957,-30629,
  -27957,-30271,-16044,28840,28950,-545,-24815,-24092,2316,25217,26767,22809,26584,32071,32399,32178,
  27114,15402,14939,27731,30999,29014,22354,26005,29988,29561,23141,185,-17745,-21778,-20899,-16291,
  -15972,-15252,-12200,-14256,-20377,-27371,-31168,-31834,-31326,-28854,-21570,-12114,-9564,-12477,-15707,-16408,
  -18096,-15271,-5206,2507,11029,18877,22437,22712,23538,24569,20155,16735,15615,12112,16194,25926,
  27739,24686,20296,9793,2450,2086,-5766,-16143,-16517,-7845,-3406,-2737,-13661,-28310,-29336,-27116,
  -26486,-23805,-26986,-28225,-25370,-22750,-19970,-21190,-23937,-21279,-18381,-13069,-4324,-3720,-5823,1390,
  6554,10394,12265,19802,26470,31058,32356,32425,31873,21641,22110,13806,29068,32326,31528,31805,
  32429,32434,32183,16656,-21962,-28307,5735,30404,20276,-190,12599,20790,12810,-21566,-32376,-32428,
  -32238,-30504,-29270,-31696,-32046,-29639,-27700,-30894,-32375,-32429,-32324,-31966,-30838,-29070,-29083,-9657,
  16107,14534,-6290,-25983,-21213,4137,17696,24655,27224,29352,32114,32372,32019,27998,24084,25931,
  29398,31130,30770,28578,30331,31661,30565,24892,6960,-12182,-15800,-10066,-8762,-11106,-10816,-11680,
  -13967,-19702,-28339,-31581,-31808,-31380,-30434,-26539,-23668,-22966,-18379,-17157,-22017,-25261,-23056,-18746,
  -13320,-2131,6896,14234,23315,25465,22781,17187,15509,12578,12606,20334,25359,27589,28726,26686,
  20818,15058,9726,90,-5596,-4406,-178,3433,2371,-9607,-21120,-24200,-24843,-23412,-21795,-25239,
  -27068,-27634,-26745,-22547,-19947,-21993,-24354,-23534,-20587,-14349,-9744,-10861,-9457,-1202,9233,13185,
  5393,11327,20957,31137,32407,32401,28205,19447,22092,22374,31926,32179,28449,32143,32435,32433,
  31920,4403,-28343,-15860,30396,31878,16199,-4109,8231,21263,11482,-26055,-32374,-32399,-31003,-23166,
  -30414,-32182,-32091,-31238,-27449,-30517,-32409,-32420,-32257,-31906,-30715,-30930,-31324,-22683,8158,6086,
  -17237,-25525,-20035,-4057,10399,16441,16752,26922,32142,32316,31671,29528,28040,28034,30358,31110,
  28846,30022,32015,32034,31587,28951,14812,8076,10016,4273,-3575,-4275,-1971,-2264,-3365,-12993,
  -24753,-29165,-30183,-30554,-30579,-29839,-28736,-28468,-26225,-21646,-24689,-26117,-26224,-30210,-29583,-21348,
  -13828,-1803,8798,7566,6813,10014,3382,-1068,3118,10419,21516,26565,25967,23313,21150,23332,
  22098,17669,10893,5919,10020,12540,10273,4744,1796,4649,1715,-3229,-13207,-23258,-21285,-18430,
  -17158,-12102,-12986,-17649,-16726,-19350,-22337,-21305,-21053,-19260,-17422,-11619,-3946,-6138,-6750,3233,
  13754,28445,31716,30403,8902,4236,16002,23573,30576,30902,27377,31931,32417,32387,30736,7963,
  -7828,17403,31328,31550,21462,5085,25571,30483,21717,-10392,-30907,-30828,-16160,-8847,-26590,-31619,
  -31085,-24862,-19045,-29170,-32294,-32340,-31632,-29893,-31015,-32231,-32238,-29920,-12610,-6071,-24840,-31084,
  -29103,-21074,-13878,-14269,-17456,-3617,24209,30549,28039,16264,12585,20074,27297,28596,25769,25655,
  29718,31564,31657,30203,26571,26227,28166,28902,24330,13019,8935,13946,18215,20278,15038,1673,
  -2487,-3877,-12398,-17655,-21560,-24511,-20864,-12427,-12465,-19515,-24693,-27350,-27197,-25215,-23208,-24260,
  -26232,-22725,-16758,-16079,-15279,-15403,-13876,-6358,-4818,-11751,-14374,-12066,-4356,9364,14378,6709,
  4259,4779,4860,6814,7962,4536,5043,11114,12416,9550,9879,7646,4710,4470,5050,1274,
  -354,2277,289,-1522,3359,3951,737,-584,-3403,-7412,-6794,-5619,-5145,-1718,9563,21134,
  23288,13217,-3803,-5839,7583,19526,23097,14299,959,18694,30525,30861,27440,9564,4058,21689,
  29768,28769,6355,-3510,14484,27588,29134,15256,-8078,-4844,13668,19260,-4646,-26434,-28376,-17331,
  4754,-605,-24139,-27176,-20842,-14206,-18830,-30567,-31911,-29450,-15716,-10542,-26616,-31329,-30037,-20866,
  -8784,-17228,-28693,-28350,-14600,-3330,-11171,-21519,-22798,-7141,16588,18577,3310,-7539,-2735,8295,
  15293,10997,4461,13433,25589,28563,24586,11120,8590,17697,24671,25824,19047,10233,14582,21479,
  23240,21233,15362,14750,19990,17903,5551,-1694,-1087,1897,11715,12620,2014,-937,-4145,-8350,
  -6656,-10372,-13190,-11378,-10362,-8915,-14474,-19817,-19962,-21190,-15102,-10232,-16434,-21795,-26027,-26370,
  -19053,-12160,-12962,-16798,-18856,-17023,-12795,-9587,-12048,-17580,-13819,-4668,-2192,-517,-2139,-5409,
  -1070,7883,9919,6178,3238,3657,6671,11251,9617,4217,3792,8868,13151,12395,10926,16662,
  27014,30212,24984,362,-6759,8721,27949,31236,26801,2068,10391,30100,31816,29970,6620,-2430,
  22542,31670,31197,-882,-21896,2870,29590,31659,21657,-15078,-13127,13749,22887,-6677,-30744,-30723,
  -8015,21069,6730,-28278,-31346,-26328,-6981,-15200,-31437,-32082,-30190,-15406,-11915,-30828,-32272,-31275,
  -14625,-1220,-19574,-31583,-31968,-26041,-7289,-15608,-27962,-28521,-11707,14855,15906,-5985,-22614,-14251,
  12266,23267,16239,3970,5344,21227,29795,28868,19747,17620,25529,29711,30702,27813,17676,18656,
  26848,29523,29405,26842,23609,22861,25949,25941,18136,6788,3184,3992,7792,13091,10574,2622,
  1986,-1280,-11933,-19092,-22513,-22800,-15808,-13350,-20073,-25112,-27412,-26776,-24362,-23285,-26466,-29401,
  -28700,-27392,-26529,-25264,-26848,-26931,-21916,-16203,-16080,-19285,-22798,-21695,-14771,-5590,-458,-380,
  471,3723,3958,4040,4802,8906,16054,20526,19271,12580,10725,16157,18391,21317,22201,17696,
  20902,26227,28510,30030,28832,15070,8326,17093,26343,30439,29337,14634,6943,24609,30905,30610,
  23831,1453,1990,23802,29637,17514,-7639,-5566,14277,26639,22377,-7328,-20419,-5628,12898,3913,
  -24012,-30485,-26377,-4517,2789,-19258,-30497,-29520,-20171,-14828,-27650,-31809,-31633,-26563,-15976,-25350,
  -31676,-31690,-26757,-8850,-11832,-28480,-31403,-29137,-15669,-8699,-19808,-24641,-16595,6415,19222,10827,
  -8183,-8109,4025,15251,17611,11409,10752,24112,29085,29228,25288,20104,21312,26525,28330,27046,
  22430,19961,22742,26434,28158,28073,26068,21439,15023,10893,9122,10522,11737,9879,8544,6105,
  4431,1257,-2362,-4788,-7921,-13362,-16210,-18386,-19257,-17740,-18940,-22004,-22661,-22008,-19117,-18995,
  -23737,-28822,-29585,-27195,-23158,-19429,-20271,-24348,-23108,-17694,-11763,-13040,-19106,-22124,-18917,-11694,
  -4482,-2030,-2639,1066,7373,9126,7013,3574,3076,5746,11427,14454,14073,16758,19894,21253,
  22189,19020,13286,11875,16578,22426,27908,30350,29427,18073,8176,15280,23262,28007,27457,10673,
  3377,25843,30980,29832,21666,4203,4875,24199,29355,12619,-14989,-9218,13768,27551,24028,-3842,
  -19444,-7159,10355,-53,-25951,-30662,-26742,-2507,8201,-16070,-30576,-30442,-23712,-17216,-27721,-31778,
  -31831,-28475,-15698,-22707,-31292,-31642,-28071,-13245,-10426,-25673,-30806,-28731,-14573,-7456,-15492,-21832,
  -14495,5613,17413,11434,-2447,-4821,7309,18035,17916,13374,13021,22761,29454,29892,25005,18145,
  19384,25467,28935,27846,20292,15172,20356,26329,28683,27608,21709,15807,17972,17833,9990,4219,
  1801,3985,12013,12041,2972,-4182,-6905,-7269,-10268,-14948,-18164,-19408,-15281,-13169,-20218,-24412,
  -24292,-22160,-18606,-19051,-23550,-27121,-26617,-22451,-20556,-20717,-22547,-23908,-19385,-12769,-11179,-14819,
  -19458,-18643,-12214,-4203,-269,-2611,-4008,757,4780,6551,6437,5330,10533,18758,20426,15646,
  8336,7293,15544,24249,25341,20157,12501,11001,13854,19696,21608,21076,25839,29370,25727,10672,
  6880,10460,20616,28990,24153,2210,7736,26086,28387,26988,13873,-2616,9186,26286,22727,-3935,
  -17287,-3526,19454,26898,11973,-14112,-16967,-441,5842,-12931,-29541,-30530,-21944,-142,-4477,-25947,
  -30277,-27394,-20512,-22787,-30643,-31640,-29795,-18977,-15274,-28420,-31515,-29471,-14851,-2277,-14307,-28755,
  -30070,-21493,-4011,-3510,-14955,-17872,-5078,14106,18838,7377,-2555,2239,12763,19787,16516,8198,
  11041,24098,29126,29013,24843,19676,21154,25025,24994,20522,16565,19768,25250,26503,23538,17890,
  16906,20275,20128,12519,-603,-4893,1787,7390,7657,588,-4213,-1270,-134,-5805,-17735,-24281,
  -22342,-14370,-7534,-10909,-20890,-24456,-20521,-17142,-18664,-21034,-23665,-23496,-18490,-18577,-23486,-22991,
  -19674,-14170,-8078,-10102,-14910,-14629,-11680,-7151,-5730,-6578,-2223,5456,9183,7407,1679,381,
  6675,13992,16967,15739,10823,10480,12321,13010,16686,20015,20374,19150,13814,7034,4465,6057,
  13969,19599,20291,24918,27700,20977,3169,-1895,2424,12805,23621,21134,1967,3271,23752,27938,
  25434,12438,-3428,3012,21504,23591,-701,-18710,-8041,15605,26986,19831,-6887,-17385,-4390,5777,
  -6469,-26229,-29823,-22581,495,6305,-13901,-27935,-25738,-18850,-18646,-27347,-30679,-29566,-20549,-11853,
  -22760,-30115,-28515,-17065,-4914,-10330,-24895,-29003,-22826,-8204,-6454,-16296,-19628,-9094,9956,17107,
  10560,-1879,-1781,5465,9976,7767,5157,9148,22974,28799,27926,19630,12655,14446,21320,23808,
  20188,11579,12132,18977,23811,24163,21223,13311,14284,18512,15206,5032,-4782,-8221,1921,15174,
  16582,8494,148,-5113,-5130,-7000,-11923,-18246,-17612,-7556,-3477,-10061,-17911,-20812,-17613,-8817,
  -8401,-19272,-25083,-24606,-20431,-15161,-13753,-16288,-18054,-13485,-7948,-9289,-12710,-14946,-15453,-10870,
  -6361,-5970,-5811,-1737,1764,3464,4586,4033,4761,8441,8995,6299,5188,5653,9362,15189,
  17587,18330,15824,12836,11558,8320,7008,5648,2888,8703,17737,23331,28454,28969,16488,-1850,
  1348,7820,15756,23964,16039,1120,14173,27783,27436,22650,9340,916,10016,23098,19141,-6274,
  -15550,2960,22599,26642,15766,-9896,-16477,-454,5340,-12558,-28847,-30275,-21800,4404,6950,-17002,
  -29010,-28297,-22519,-20908,-29131,-31134,-30005,-19486,-9208,-23856,-30741,-29574,-18179,-878,-6201,-24808,
  -29335,-23556,-8943,-4132,-12079,-14663,-609,18828,20977,6933,-8104,-5386,5601,14579,14106,9767,
  12668,26079,29134,25145,13517,7887,12279,21808,23286,18267,11856,14190,19289,23045,21826,17924,
  15586,14668,11692,7398,1885,484,4003,8185,9314,8655,5479,4206,356,-4764,-9131,-11970,
  -12370,-9760,-3635,-1681,-7273,-12596,-15450,-15044,-12899,-10803,-14906,-21224,-20794,-17750,-14971,-12574,
  -14845,-17458,-14037,-8851,-9697,-15678,-20986,-20785,-14815,-6855,-2617,-3376,-5111,-3444,-1355,-1321,
  -2646,-3495,-909,5261,8433,7283,7425,9684,14257,18658,15321,8795,6829,7435,13110,16997,
  11351,7934,9695,12207,16573,19986,18296,19364,23229,19991,3168,-2891,6146,17591,25883,25771,
  6838,-1941,17336,27063,24335,10529,-6035,-917,21183,28017,12273,-14763,-14413,7343,23115,19886,
  -6185,-21669,-10475,8042,1857,-21344,-30012,-26926,-4549,8210,-9674,-27734,-29075,-21605,-13365,-23094,
  -30181,-29886,-21866,-3818,-10315,-28482,-30440,-24647,-6759,-582,-16548,-28116,-26446,-10903,640,-5072,
  -16627,-13648,2707,15196,11177,-5624,-13786,-2560,12358,16825,11918,5627,11354,24295,26959,20085,
  6551,3035,14694,25051,25962,19715,10419,12572,22406,24866,20435,13360,10233,14005,20043,16712,
  6560,2376,5363,13726,18951,13939,2796,-1545,877,831,-3770,-8687,-10448,-5593,1615,750,
  -10604,-18171,-17293,-13653,-11236,-13970,-22982,-24891,-18769,-14097,-15405,-19952,-23432,-20144,-14829,-14544,
  -19813,-24162,-23334,-16726,-9812,-6937,-8992,-9439,-5726,-1776,-3338,-5048,-4426,-845,5844,10899,
  9375,8347,10548,13313,14632,15722,14275,14918,14833,15176,16198,16618,17637,19219,15447,12361,
  10905,9739,9559,13972,13975,17728,23466,23714,10445,-3188,-4267,3280,14178,20829,9775,-3203,
  5505,21052,20944,15202,-505,-4379,7363,20228,12187,-8841,-15403,1192,18889,21261,3898,-14867,
  -14468,5405,8324,-9804,-27736,-28911,-16666,5597,2233,-16578,-25790,-22382,-14545,-14850,-27543,-30046,
  -27175,-11746,-5100,-20906,-29804,-27282,-13725,247,-7615,-24724,-28783,-20736,-4790,-2040,-14060,-19280,
  -8673,10778,16573,6457,-8392,-7331,4765,15336,13634,6076,4895,19987,27459,26220,16849,9102,
  11576,22217,24602,19751,11918,12771,21190,25700,23131,17022,12956,16292,20962,18201,5350,-2102,
  1171,9046,14224,12317,3603,449,1799,637,-4224,-12261,-19069,-15765,-6833,-5060,-9322,-14473,
  -16773,-13470,-9807,-12707,-21581,-25496,-23158,-16444,-11944,-13411,-18748,-20147,-13556,-5805,-7337,-14830,
  -19944,-19334,-12500,-5162,-4203,-5715,-2592,3374,6350,3689,-2669,-6038,-758,8696,11740,8257,
  6228,8196,13349,17131,13666,7209,6504,11015,16318,15776,11299,9383,10292,14615,17103,12083,
  6043,6044,5735,3585,3287,3750,6411,13342,20420,21073,8642,-6262,-6642,-141,8763,18591,
  13873,-1628,347,13506,17602,15899,7519,-2386,2166,14125,14612,-1629,-15301,-9715,9654,20604,
  14650,-4949,-14568,-6635,2292,-4195,-19332,-26827,-21403,-1219,7411,-6370,-20798,-22686,-15666,-11477,
  -20682,-27994,-27094,-15863,-1274,-9609,-25826,-27117,-17493,-3767,-1023,-14769,-24628,-20689,-6857,-870,
  -8719,-17055,-9057,7844,16604,9531,-4690,-9925,183,12284,14070,6315,1569,10221,21621,22060,
  14081,6088,6342,15448,22042,19382,9763,4250,9678,17536,18907,15823,11749,10715,13793,14202,
  7504,692,-913,4350,10819,11099,7215,4333,1667,1205,669,-3343,-7599,-6782,-3043,-171,
  -2221,-6925,-10648,-8893,-5042,-3468,-8585,-16098,-17665,-13636,-10297,-8357,-11840,-14832,-12478,-7800,
  -7334,-12047,-18846,-19189,-13911,-8126,-6668,-8522,-10585,-7522,-3672,-3765,-6990,-9036,-6546,611,
  4584,4123,2627,1769,3334,7907,10284,9897,9278,9688,10674,11774,11946,11083,10483,11941,
  14171,15238,14109,12597,10907,8826,7696,5991,4974,5337,7256,9374,10326,9958,12773,17518,
  12037,-3359,-8132,-4644,2423,12822,11934,-3601,-3781,10744,18763,14804,1618,-10012,-5162,8280,
  14748,-1804,-16726,-9318,11762,21878,14735,-10045,-20381,-9381,5306,494,-15104,-25652,-19582,1008,
  9977,-4128,-17817,-19830,-10360,-6677,-17337,-26472,-24679,-12459,3563,-2946,-20648,-23403,-11595,-434,
  5,-13579,-23114,-19999,-6897,-793,-4545,-11052,-4584,8703,13164,3105,-9267,-12600,-3407,5891,
  8471,3308,1651,9635,20039,19429,10662,2061,1529,6796,12923,12346,7560,6120,12215,17333,
  17726,13735,8604,5260,6932,8784,6542,3046,2651,5922,12440,14484,9937,3828,683,201,
  -246,-2455,-5114,-5388,-3,4787,1590,-5023,-7182,-6632,-4951,-4000,-9824,-16539,-14130,-8081,
  -5484,-7897,-12458,-13158,-9203,-4981,-6497,-13323,-16873,-15660,-11371,-7416,-7993,-8818,-5881,-2304,
  -1068,-3354,-7302,-8701,-5202,-62,2183,1795,2435,5657,9072,9719,8345,6390,5474,7496,
  9212,8686,10150,11945,12509,14389,15954,14398,11522,9248,7164,7294,7633,7166,8417,8274,
  7457,6926,3872,279,-926,72,1282,3029,5370,8222,2676,-7991,-9043,-5199,-1058,6493,
  4246,-7884,-8309,2433,7485,6617,-709,-7135,-1388,7609,9189,-3727,-14620,-7108,8607,16189,
  9983,-5488,-9661,-329,7831,2075,-9536,-16381,-8255,6116,9974,-2343,-11565,-11136,-3206,-599,
  -8195,-16103,-13296,-4843,3427,-4749,-17777,-17953,-6499,3225,2783,-9435,-15866,-14392,-7926,-4450,
  -8481,-13907,-7047,2743,6211,35,-8540,-12125,-6358,-1614,467,-2922,-4409,1810,9670,8712,
  4651,-490,-787,4360,9294,6811,2633,-591,3773,11792,15004,11905,9085,6118,7781,9520,
  5976,977,330,4475,13313,15074,10161,5494,3885,4768,6756,2535,-4670,-6372,-847,5076,
  5860,146,-3606,-2395,1315,3752,-1064,-10676,-10831,-6052,-2843,-1979,-6524,-9301,-4850,226,
  2036,-3368,-10449,-11898,-8809,-5558,-4673,-7058,-6881,-1842,670,-981,-3209,-5958,-4743,-333,
  -468,-3698,-5248,-3150,1940,4553,3896,2331,58,1093,3662,2715,1526,1977,1895,3432,
  5681,5959,6402,6935,6227,4273,2197,1076,2186,2702,3244,4941,4139,2666,2107,-391,
  -811,-1132,-2748,-3488,-2501,-2685,-1058,2793,8225,10051,-1028,-10074,-7143,-3868,3894,11773,
  2119,-7377,1794,11494,13260,11471,1003,-1656,8153,18889,13745,-5877,-10852,4626,19395,23358,
  13265,-2602,-1814,12230,13284,2728,-11278,-14752,-114,14829,9905,-3722,-10701,-5462,3221,-461,
  -15863,-21523,-16834,-1280,4114,-12160,-23138,-18507,-7689,-165,-5512,-19195,-23980,-18471,-10043,-7753,
  -14473,-17458,-9840,-1668,-1579,-7917,-16201,-15525,-8924,-3524,-3349,-7553,-7573,1855,7498,6014,
  550,-4198,-3421,4544,9095,7266,3760,3856,7200,12153,12424,11663,10268,9830,13227,13989,
  9804,8061,8210,12685,17746,16987,14512,14033,13357,13720,12154,6708,4150,7759,11964,11711,
  7550,3737,4610,6383,6636,3948,-4402,-7200,-2408,-1126,-2442,-6481,-11498,-10503,-6754,-5519,
  -8713,-14529,-16809,-14882,-13910,-15024,-17252,-18002,-14166,-9302,-9487,-12231,-15066,-17130,-13854,-8963,
  -8883,-10088,-9390,-7073,-3121,-1061,-653,-1677,-1853,1230,3531,3269,4632,5241,5838,8273,
  10493,10092,10362,11116,11603,12314,10612,8493,8189,7611,9766,11895,11525,10691,8376,5977,
  6095,5039,3669,785,-1179,74,2526,1951,725,-2846,90,9405,10211,-5770,-12663,-11936,
  -5814,6228,11076,-3787,-7475,3969,13708,9038,142,-7985,-1453,10770,19922,4421,-12269,-5965,
  15280,22416,17622,-2141,-9653,3157,17434,8300,-5825,-17098,-7794,10647,14521,-1757,-13707,-12867,
  -851,436,-11764,-22902,-20664,-10219,3170,-2879,-20108,-24041,-14259,-5701,-5777,-14546,-20434,-19085,
  -11056,-6503,-8965,-16164,-12184,-2548,2756,-276,-7542,-12093,-6389,741,5408,1823,-2437,1049,
  10491,13636,11089,3901,-26,3844,11786,13999,11148,5821,6863,13378,16025,13386,9005,4827,
  8274,14114,13276,8204,3363,3353,9377,12619,10039,7672,5400,5067,7086,4588,-1604,-4028,
  -744,4725,4757,1205,-1344,-3083,-3121,-244,-2643,-8972,-8875,-5681,-5068,-5394,-8128,-10937,
  -10289,-6882,-5200,-7164,-10823,-12208,-12057,-11381,-10493,-10531,-9451,-5745,-4557,-6099,-7571,-9519,
  -10046,-5816,-2343,-2432,-4558,-4845,-2524,780,3845,3767,371,-486,2716,5142,5984,6237,
  4322,5019,7679,8638,7450,6593,8031,9802,9820,7859,6317,5614,6381,10431,10089,6828,
  4636,4149,4823,5876,4221,1967,1943,2926,3596,2455,-2552,-5807,-5828,-2619,-870,-178,
  2095,4958,1681,-6388,-8236,-9487,-7424,2024,4957,-1690,-3712,1749,5210,3693,1432,-2465,
  1968,9043,12628,2419,-7840,-4277,7954,13899,13133,5169,2032,5278,9070,1878,-5253,-11121,
  -4403,6293,10200,3484,-3325,-5298,-1061,-2375,-7553,-13446,-11103,-5617,1411,-3554,-12733,-15473,
  -10165,-5572,-3657,-6762,-10485,-14331,-11479,-8801,-9127,-12300,-8102,-2442,1625,69,-4060,-8821,
  -7998,-5240,-834,-1512,-1344,1098,6009,5799,4728,466,-1232,1614,6984,7129,5779,3211,
  4415,5986,7052,5734,6509,7191,8884,8252,5126,1660,1405,2820,6344,6904,6588,7309,
  7034,5746,4613,1139,-1927,-198,4472,5815,3195,1330,1354,1174,2003,3342,637,-2384,
  -1851,-1741,-3097,-2937,-3999,-4254,-2043,-313,-1068,-4123,-7456,-7990,-7311,-6084,-6747,-8349,
  -8356,-5786,-4455,-4437,-5240,-7104,-8361,-7385,-7118,-6815,-7000,-6010,-3853,-1528,-922,-442,
  -796,-345,569,706,551,1433,1148,3686,7126,8176,7635,7481,6652,7577,7907,7248,
  7023,7619,8863,10343,8253,7604,7986,7781,8904,9704,6345,2621,638,698,1525,3097,
  2297,1504,-805,-3070,-4870,-6090,-7311,-7726,-9325,-7562,-2810,2315,-2981,-11437,-14515,-11776,
  -7295,-1175,-3488,-9429,-7349,1405,3431,-69,-5229,-3150,4304,12131,10597,-1240,-6844,871,
  9915,13506,10833,7364,9670,15634,13947,4824,-1751,-1046,6426,12865,13066,6608,2738,5203,
  7153,3439,-1130,-2102,-484,2203,3357,-2007,-8996,-9349,-3666,-1617,-3296,-5476,-7361,-8218,
  -7740,-9228,-13214,-15248,-11058,-4995,-2475,-5260,-9367,-12505,-11927,-9107,-7150,-8664,-8425,-6397,
  -3970,-3098,-4660,-7418,-5982,-3695,-705,-344,-2519,-4776,-3334,-966,2276,1823,699,837,
  3466,5176,5393,1581,-1215,721,5537,6812,7018,6267,6378,7183,8595,7081,2752,1161,
  4693,7828,8877,7979,6013,5303,6972,8457,7248,4679,3643,3355,3589,4823,4293,2883,
  2949,4315,5465,4446,1223,-1621,-1509,-138,-606,-2258,-2798,-1688,-1084,-1116,-741,-1982,
  -4403,-5302,-5008,-4900,-5252,-5613,-5224,-3542,-2302,-3678,-6099,-6798,-6088,-4167,-3683,-5121,
  -5077,-5109,-5276,-3560,-2262,-1928,-2175,-2498,-1856,-2158,-3120,-2980,-1728,-637,647,1403,
  1688,1932,1555,-337,-463,942,1934,2550,3083,1720,1002,1263,2172,1749,1388,745,
  658,546,536,-287,-1523,-2382,-493,-685,1805,7115,8143,1233,-2174,-3053,-1872,2058,
  6119,3218,3653,8892,12645,9770,4540,716,4765,10927,16812,12001,2730,1863,8627,13220,
  14020,9328,7077,10814,13239,7889,1869,-3199,-1848,4145,7711,5486,1393,-1239,-353,-1287,
  -6298,-10905,-12267,-10080,-4698,-3993,-9056,-14737,-14678,-11571,-10849,-12587,-14485,-16149,-15237,-12825,
  -12927,-16670,-17660,-13781,-8494,-6992,-8403,-11373,-13682,-12456,-7917,-6794,-8129,-6087,-2051,1002,
  2960,603,-2781,-3034,664,5384,6666,5278,4535,5371,8691,11309,10284,7514,7493,9478,
  11745,12989,9969,6370,7905,10327,12063,12539,10951,9512,8994,8520,7247,3856,3411,6315,
  6938,5945,4764,2003,834,2905,3323,150,-2032,-2521,-2854,-1811,-1966,-3228,-5322,-5607,
  -3579,-2879,-3827,-4648,-6282,-6526,-6217,-6221,-6627,-6098,-4728,-3624,-3987,-4261,-4980,-5267,
  -3861,-2862,-3188,-3307,-2888,-2595,-1855,-920,-1016,-989,322,1018,688,-609,-602,45,
  1024,2812,3016,1331,1442,1875,1534,1448,2030,1851,2150,2614,1515,255,523,634,
  1223,1183,258,-707,-878,-533,-336,-836,-625,-644,-1571,-1635,-1819,-2899,-2552,-1238,
  -435,-1000,-2115,-3306,-3708,-2521,-2460,-2800,-2856,-1035,3556,7169,3880,-1351,-2321,232,
  3105,5227,1754,-430,4286,11674,13223,8240,2163,3851,9884,15281,13385,4735,580,6045,
  11362,12799,10053,7444,9504,13225,10241,3972,-1355,-2836,1531,6143,5897,3040,749,1335,
  2040,-1456,-5490,-7417,-7999,-5479,-2841,-5031,-8378,-9582,-9037,-8690,-8220,-7319,-8885,-11327,
  -11969,-12326,-13845,-14340,-11932,-9320,-6691,-5902,-8065,-10779,-12815,-12348,-10166,-9218,-7550,-5978,
  -5198,-4052,-3896,-4510,-4819,-4768,-3055,-1368,-1067,-1028,-704,-332,966,2404,3708,5364,
  6357,5432,4165,2640,2556,5312,6877,7409,8672,9314,9944,9925,7886,7090,6715,7317,
  9071,8863,7148,7326,8628,9209,9212,8789,7411,7418,7713,6492,4478,3039,3972,5986,
  5634,4370,2694,1954,2815,2550,772,-1735,-3985,-3300,-1298,-1191,-2163,-3811,-5000,-4593,
  -4250,-5080,-6708,-7808,-7459,-7083,-8405,-9069,-8378,-7367,-5945,-5757,-7944,-8989,-9154,-8371,
  -6907,-6578,-6609,-6266,-6007,-5138,-4791,-4776,-4470,-3822,-3183,-2263,-2467,-2838,-2308,-1121,
  491,1458,2000,1921,1991,2711,2882,2328,2298,3004,4294,6030,6233,5331,5634,5892,
  5351,5470,4997,4634,5527,6860,6521,5151,4070,4622,5025,4867,3770,2198,1557,2371,
  3246,4449,5155,4828,3598,2720,1562,913,1238,301,-48,1824,4398,5324,4244,1838,
  386,1172,3873,4555,1754,124,601,1698,3252,3563,2152,1995,4069,4576,2702,-7,
  -2589,-3060,-2018,-717,-112,188,1833,2824,366,-3026,-5632,-6927,-5087,-3229,-3171,-3753,
  -3633,-3402,-4133,-6108,-6852,-6025,-4643,-4285,-5036,-7886,-8961,-8142,-7384,-7283,-6806,-5490,
  -3716,-3636,-4973,-7882,-10174,-9502,-6813,-5084,-4081,-3843,-3506,-2582,-2686,-3703,-4560,-4556,
  -3348,-2337,-1984,-1517,-1107,-270,1621,2100,1469,1716,1194,842,1881,2741,3215,3772,
  4570,5242,5141,5494,6135,6000,6239,6859,6382,5290,4837,5015,6091,8007,8861,8078,
  7019,6758,6762,6396,5563,4411,3994,4966,6315,6403,5666,4625,4334,4177,3605,2212,
  1006,623,1099,926,581,-230,-839,-1055,-913,-1449,-2325,-4012,-5227,-5632,-5345,-5148,
  -5187,-6021,-6562,-6579,-6135,-6049,-6660,-7955,-8625,-8143,-7556,-7123,-7192,-7451,-6406,-4984,
  -4455,-4638,-5442,-5744,-5018,-3400,-2630,-2775,-2805,-1929,-273,1208,1073,943,686,871,
  1783,2174,2123,3134,4082,5133,5322,4684,3640,3493,4424,6088,6544,6176,5096,4355,
  4080,4632,4563,4183,4589,5363,5407,4943,3264,1659,1179,2328,3192,2636,1254,1192,
  2308,3592,3473,2382,882,574,1260,1528,916,370,385,1492,2671,3017,2475,2186,
  2724,3016,2168,920,561,1745,2764,2653,1948,1330,1633,2113,2056,1484,492,25,
  -55,-920,-2184,-3007,-2996,-1921,-969,-915,-1785,-3215,-4487,-4495,-4697,-5057,-5382,-5943,
  -6437,-6100,-5696,-5455,-5825,-6090,-5984,-6231,-6789,-7095,-7299,-7049,-6228,-5663,-5673,-5956,
  -5687,-4848,-3941,-3939,-4369,-5006,-4867,-3692,-2437,-1908,-1808,-1780,-1254,-804,-578,-592,
  -258,91,1019,2133,2172,1672,2023,2971,3700,4016,4001,3819,3935,4716,5317,4962,
  5245,6022,6804,7201,6799,5749,5181,5506,6272,6304,5914,5244,5506,5944,5679,4675,
  3691,3194,3267,3121,2745,1804,1096,911,1001,720,69,-813,-1518,-2324,-2834,-3320,
  -4058,-4190,-3624,-3819,-4298,-4442,-4751,-5227,-5137,-5377,-5529,-5566,-5581,-5256,-4491,-4221,
  -3946,-4018,-3931,-3522,-3064,-2714,-2279,-2153,-1812,-1373,-971,-357,635,1254,1393,1646,
  1768,1841,2279,2751,2859,3039,3721,4530,4726,4518,4243,4220,4438,4630,4324,3874,
  4103,4435,4572,4161,3165,2805,3176,3306,2995,1850,722,308,656,873,548,-7,
  -311,-554,-1284,-2259,-2520,-2520,-2004,-1519,-2046,-2610,-2586,-2736,-2684,-2620,-2687,-2513,
  -2477,-2533,-2288,-1988,-1796,-1467,-924,-658,-329,-385,-835,-925,-707,-112,876,1063,
  833,752,1157,1493,1391,1385,1301,1344,1823,1682,1258,1062,1211,1870,2307,2269,
  2150,1593,1020,1008,885,594,1070,1711,1543,1057,656,174,225,424,236,-87,
  -176,-223,-437,-1030,-1137,-750,-198,8,-558,-1486,-1842,-1720,-1333,-1293,-1817,-2087,
  -1372,-597,-967,-1716,-2208,-2174,-1599,-971,-1076,-1618,-1920,-1518,-1232,-1296,-1451,-1552,
  -1483,-1073,-1046,-1319,-1777,-1917,-1678,-1197,-1083,-1123,-1264,-1348,-1121,-687,-716,-1196,
  -1449,-1131,-813,-771,-554,-613,-944,-538,15,-454,-630,-398,-491,-429,-126,-228,
  -372,37,541,505,409,279,154,209,436,555,510,810,901,640,635,728,
  744,942,911,532,371,866,1335,1189,620,237,208,633,1171,1305,784,643,
  697,472,539,711,676,1015,1127,669,330,321,849,1549,1795,1420,765,668,
  1015,1350,1397,1380,1317,1500,1872,2048,1665,1453,1746,2241,2327,2160,1659,1258,
  1687,2243,2304,2126,1856,1710,1614,1564,1762,1466,992,900,963,1027,1229,1091,
  856,555,348,-27,-448,-717,-709,-475,-96,-332,-1022,-1684,-1987,-1805,-1425,-1328,
  -1826,-2418,-2698,-2628,-2375,-2287,-2198,-2136,-2216,-2265,-2489,-3060,-3325,-2995,-2588,-2214,
  -2220,-2591,-2721,-2403,-1962,-1755,-2207,-2688,-2543,-1803,-1128,-803,-1277,-1790,-1476,-776,
  -321,-440,-906,-777,-274,367,455,-86,-220,293,1084,1738,1514,688,337,946,
  1701,1955,1652,1366,1495,1907,2370,2483,1973,1534,1633,1909,2242,2674,2625,1962,
  1847,2099,1992,2096,2209,1984,1976,2156,1931,1376,1007,1029,1494,1772,1836,1073,
  218,297,565,481,275,-149,-306,-255,-102,-594,-1296,-1362,-1148,-1013,-824,-1181,
  -1942,-2137,-1962,-1999,-2095,-2198,-2356,-2243,-2206,-2335,-2659,-2814,-2492,-2203,-2368,-2470,
  -2576,-2742,-2471,-2268,-2274,-2091,-1744,-1725,-1869,-1844,-1750,-1417,-883,-805,-1016,-1040,
  -628,-265,-182,-114,-24,221,695,803,372,309,701,1190,1516,1575,1351,1266,
  1571,2037,1983,1758,1812,1875,1964,2152,2072,2027,2259,2464,2371,2038,1863,1938,
  1946,1928,1837,1526,1425,1667,1689,1651,1579,1429,1512,1574,1214,694,532,641,
  787,866,664,350,224,404,584,343,-59,-266,-300,-248,-194,-369,-556,-503,
  -320,-253,-304,-584,-881,-1043,-1119,-1269,-1127,-991,-1074,-904,-822,-1040,-1109,-1173,
  -1334,-1420,-1319,-1228,-1304,-1228,-1169,-1315,-1343,-979,-464,-350,-665,-1169,-1593,-1390,
  -756,-423,-438,-620,-512,-257,-163,-353,-564,-422,-109,62,-114,-534,-623,-35,
  667,862,513,167,87,169,381,350,203,208,414,743,805,733,733,663,
  612,699,713,528,349,432,559,618,782,974,928,726,570,338,198,165,
  283,375,516,535,456,44,-158,127,372,228,-60,-607,-664,-322,31,114,
  -157,-365,-157,-93,-250,-456,-642,-745,-480,-252,-283,-446,-433,-317,-272,-413,
  -509,-551,-452,-303,-378,-465,-352,-335,-252,-52,-158,-228,-128,-176,-311,-148,
  74,267,235,197,179,279,350,508,309,20,228,411,306,267,188,171,
  346,523,287,-168,-280,-54,107,174,164,-78,-128,-11,-42,-89,-155,-195,
  -176,-61,24,-28,-45,-47,22,251,700,706,243,45,229,331,616,848,
  644,415,743,945,828,854,799,747,1024,1004,595,183,221,520,791,739,
  514,250,207,326,93,-335,-451,-456,-314,54,-125,-782,-1071,-919,-740,-675,
  -841,-1207,-1417,-1246,-973,-1166,-1482,-1576,-1403,-1001,-746,-952,-1380,-1478,-1073,-736,
  -782,-1031,-1147,-841,-233,20,-189,-409,-399,-22,480,456,27,-104,77,484,
  784,654,253,208,660,1048,929,793,649,491,584,501,292,235,409,713,
  604,186,-107,-258,-57,157,-122,-468,-507,-488,-403,-302,-287,-292,-145,-204,
  -380,-543,-441,-232,-35,44,92,46,308,597,621,769,774,502,469,588,
  752,1005,1163,1265,1138,1080,1219,1171,1105,1045,800,829,940,786,708,790,
  766,801,516,128,-10,126,215,47,-347,-638,-603,-296,-74,-85,-340,-760,
  -1008,-930,-911,-1009,-934,-970,-925,-728,-768,-902,-972,-1101,-1102,-923,-704,-767,
  -1082,-1399,-1233,-785,-381,-346,-748,-1023,-818,-480,-370,-561,-801,-925,-574,-122,
  -116,-417,-402,-276,-111,126,46,-183,1,270,575,648,471,528,769,986,
  1234,1151,921,1004,1290,1519,1716,1598,1327,1360,1535,1654,1882,1937,1710,1621,
  1731,1636,1547,1464,1328,1268,1302,1176,1053,825,675,661,582,532,483,164,
  -13,-109,-393,-547,-659,-596,-539,-610,-845,-1056,-1225,-1273,-1342,-1408,-1483,-1262,
  -1018,-1158,-1546,-1662,-1513,-1189,-974,-1139,-1536,-1593,-1311,-1076,-1090,-1365,-1448,-1335,
  -1060,-783,-1029,-1482,-1652,-1524,-1308,-1276,-1388,-1346,-1144,-921,-984,-1338,-1539,-1466,
  -1091,-746,-623,-752,-934,-949,-711,-574,-505,-427,-216,-26,125,68,-25,106,
  488,900,1058,1011,844,793,1090,1508,1720,1617,1624,1653,1729,1878,1899,1892,
  2002,2129,2149,1868,1833,1898,1861,1868,1963,1768,1498,1439,1349,1200,1317,1305,
  1159,917,650,521,601,703,770,552,267,211,91,-5,102,35,-27,-60,
  -71,-151,-245,-270,-291,-263,-252,-473,-608,-575,-439,-293,-244,-379,-642,-780,
  -765,-788,-703,-809,-978,-924,-879,-905,-922,-1036,-971,-887,-1031,-1293,-1538,-1669,
  -1500,-1175,-1068,-1028,-990,-1188,-1112,-1083,-1199,-1188,-975,-778,-596,-678,-707,-623,
  -361,-35,409,493,310,162,159,365,716,910,968,1015,1176,1383,1575,1609,
  1466,1285,1323,1473,1580,1598,1493,1421,1553,1620,1411,1163,1132,1146,1119,997,
  642,360,452,590,500,193,-131,-361,-266,-120,-315,-695,-930,-868,-774,-802,
  -833,-997,-1134,-1067,-1144,-1303,-1341,-1313,-1233,-1099,-1065,-1164,-1224,-1166,-1104,-1027,
  -994,-1020,-902,-745,-712,-712,-811,-734,-457,-340,-237,-165,-244,-347,-378,-358,
  -256,18,217,308,278,149,168,229,268,213,196,390,595,554,412,288,
  285,511,617,524,354,134,61,234,396,439,438,458,342,227,232,215,
  90,-16,-56,3,107,69,-94,-124,-102,14,-21,-348,-553,-462,-229,-40,
  -11,-274,-580,-607,-448,-366,-384,-479,-430,-235,-160,-412,-641,-530,-137,140,
  99,-134,-383,-383,-57,210,163,55,98,170,356,550,469,360,423,539,
  681,836,917,821,758,883,1050,1104,1144,1219,1308,1399,1331,1083,924,1064,
  1402,1524,1421,1119,855,928,1182,1289,1221,998,779,705,758,654,419,328,
  494,532,380,96,-139,-226,-106,-97,-304,-577,-734,-674,-500,-471,-609,-923,
  -1061,-953,-971,-1009,-1100,-1225,-1091,-951,-979,-1051,-1101,-1079,-937,-845,-908,-1006,
  -979,-876,-767,-720,-722,-600,-513,-455,-432,-405,-392,-250,-201,-273,-323,-198,
  -63,-32,-86,-289,-375,-154,9,73,-105,-383,-462,-343,-305,-364,-442,-428,
  -338,-191,-295,-586,-793,-808,-542,-428,-612,-719,-736,-626,-340,-246,-464,-600,
  -481,-280,-156,-182,-261,-199,193,524,528,320,183,329,605,815,823,646,
  668,964,1219,1299,1269,1146,1142,1297,1357,1212,1125,1059,1180,1374,1325,1132,
  1025,913,964,1014,949,720,472,296,373,431,311,184,82,17,-3,-211,
  -442,-563,-643,-590,-557,-713,-874,-922,-852,-836,-929,-1062,-1234,-1267,-1147,-1174,
  -1260,-1291,-1256,-1180,-1112,-1039,-1087,-1208,-1123,-1052,-1000,-869,-835,-873,-784,-595,
  -480,-444,-368,-379,-324,-121,23,6,3,122,309,495,647,614,577,768,
  956,988,1036,1072,1131,1153,1215,1236,1241,1398,1570,1564,1516,1504,1427,1310,
  1364,1490,1581,1620,1632,1400,1266,1333,1342,1229,1181,1131,1047,1034,1052,859,
  637,703,720,600,448,346,263,224,145,-22,-103,-145,-177,-262,-412,-561,
  -660,-580,-486,-624,-859,-985,-1136,-1178,-988,-1024,-1266,-1381,-1404,-1337,-1289,-1329,
  -1372,-1451,-1489,-1435,-1496,-1644,-1636,-1538,-1368,-1203,-1271,-1386,-1519,-1490,-1339,-1240,
  -1207,-1239,-1284,-1135,-965,-908,-837,-773,-773,-716,-700,-738,-654,-439,-220,-111,
  -139,-116,-38,103,308,335,301,376,429,443,595,710,768,915,1063,1097,
  1029,951,941,1094,1305,1348,1287,1211,1264,1444,1501,1365,1219,1104,1170,1347,
  1300,1056,903,832,936,947,836,694,581,600,595,383,159,128,191,206,
  136,-67,-191,-199,-137,-177,-407,-556,-528,-476,-437,-548,-715,-681,-577,-548,
  -621,-804,-826,-701,-610,-648,-817,-963,-874,-695,-557,-573,-727,-874,-816,-797,
  -828,-812,-741,-682,-582,-554,-616,-752,-753,-594,-462,-419,-379,-432,-411,-314,
  -175,-120,-107,15,111,159,214,192,171,219,372,563,743,857,873,789,
  836,884,923,1052,1231,1312,1348,1303,1285,1300,1403,1489,1490,1436,1390,1372,
  1311,1242,1166,1165,1252,1325,1218,995,833,779,762,764,699,570,477,429,
  377,284,133,-42,-126,-112,-177,-291,-454,-594,-601,-528,-603,-766,-912,-1012,
  -974,-916,-960,-1098,-1203,-1224,-1124,-1030,-1124,-1241,-1304,-1305,-1176,-1171,-1197,-1194,
  -1237,-1188,-1140,-1177,-1141,-1079,-1064,-1016,-1029,-1080,-1011,-891,-778,-739,-766,-834,
  -815,-754,-610,-573,-579,-523,-416,-384,-374,-453,-443,-291,-101,-4,-61,-148,
  -47,204,346,288,203,257,468,681,720,610,540,646,847,980,1010,912,
  918,1073,1142,1103,1006,981,1154,1329,1341,1181,1003,1060,1216,1249,1088,933,
  944,939,936,846,644,518,597,664,581,361,145,26,-11,-31,-95,-221,
  -284,-317,-384,-532,-668,-734,-677,-659,-779,-910,-960,-962,-918,-930,-1041,-1066,
  -999,-961,-948,-1033,-1045,-940,-850,-846,-850,-854,-788,-646,-571,-561,-526,-483,
  -380,-253,-200,-116,-43,35,107,127,141,173,260,417,550,608,639,658,
  654,690,898,988,939,950,988,1035,1082,1094,1070,1124,1216,1362,1308,1151,
  1062,1058,1185,1222,1089,945,949,1041,1081,988,843,719,733,766,640,448,
  346,312,367,401,253,26,-18,-48,-84,-144,-367,-547,-515,-518,-557,-626,
  -743,-861,-906,-879,-917,-1024,-1119,-1167,-1210,-1258,-1239,-1250,-1242,-1186,-1168,-1275,
  -1353,-1357,-1291,-1229,-1177,-1158,-1111,-1057,-1037,-1030,-966,-861,-720,-644,-651,-700,
  -683,-512,-344,-280,-237,-191,-121,25,141,126,44,89,270,436,482,383,
  325,412,604,721,625,467,431,546,714,719,574,467,504,662,762,684,
  513,461,545,633,593,384,267,395,570,632,463,220,184,325,431,373,
  244,137,148,254,265,139,54,67,126,143,117,45,-40,-14,45,5,
  -64,-116,-105,-42,12,-12,-106,-193,-209,-176,-164,-190,-240,-245,-248,-283,
  -272,-284,-345,-322,-309,-359,-411,-458,-459,-391,-365,-345,-395,-449,-441,-416,
  -378,-379,-379,-340,-297,-305,-303,-226,-144,-64,-18,-67,-102,-62,80,223,
  300,328,327,311,362,455,506,544,625,698,715,692,632,631,752,887,
  918,872,823,812,818,797,768,720,775,906,898,730,593,495,558,672,
  636,526,363,250,250,211,142,122,128,120,81,-104,-296,-341,-293,-241,
  -217,-332,-464,-529,-513,-518,-592,-662,-650,-632,-669,-722,-773,-819,-749,-692,
  -717,-752,-811,-788,-731,-730,-740,-750,-678,-624,-631,-639,-663,-638,-526,-506,
  -522,-581,-584,-449,-390,-346,-296,-347,-306,-284,-304,-230,-167,-100,-47,-64,
  -81,-63,46,128,180,163,121,157,213,222,212,199,216,307,357,385,
  360,279,333,385,389,372,335,373,458,481,438,382,372,426,499,481,
  404,354,339,347,362,347,320,315,322,356,328,217,192,213,188,242,
  213,48,21,96,107,71,23,-32,-90,-103,-108,-231,-328,-276,-206,-209,
  -297,-387,-455,-457,-424,-409,-442,-482,-469,-493,-520,-512,-515,-407,-328,-374,
  -422,-443,-446,-339,-264,-245,-254,-206,-86,-20,-16,-20,-19,80,211,309,
  283,267,357,494,583,618,593,600,645,752,824,781,738,785,838,887,
  870,803,825,848,860,814,698,585,588,673,661,586,502,371,295,295,
  259,157,97,119,42,-86,-195,-276,-311,-293,-352,-453,-551,-579,-535,-535,
  -612,-729,-793,-783,-744,-732,-799,-839,-845,-830,-746,-752,-820,-820,-770,-679,
  -645,-677,-719,-735,-634,-489,-418,-416,-442,-416,-366,-290,-250,-257,-189,-84,
  -18,45,45,14,81,159,206,254,299,335,365,365,381,431,475,496,
  477,480,508,554,561,512,473,493,547,565,520,459,416,413,407,380,
  350,317,287,259,182,128,103,62,22,2,-32,-66,-107,-174,-257,-270,
  -263,-288,-317,-358,-398,-360,-354,-425,-515,-512,-474,-417,-391,-427,-485,-473,
  -386,-324,-324,-372,-376,-302,-189,-152,-176,-211,-167,-52,51,63,36,40,
  88,110,188,230,210,252,312,340,347,321,327,334,361,398,425,446,
  407,407,408,389,438,450,424,402,374,363,370,353,343,328,312,333,
  308,231,192,204,190,165,118,92,89,121,140,100,1,-41,-5,-1,
  -14,-30,-62,-72,-58,-81,-122,-139,-111,-49,-27,-93,-122,-127,-141,-126,
  -95,-83,-78,-97,-118,-158,-182,-180,-133,-121,-163,-201,-238,-268,-252,-213,
  -211,-244,-257,-273,-288,-309,-329,-343,-326,-279,-252,-263,-290,-329,-355,-315,
  -238,-230,-240,-232,-220,-184,-178,-169,-158,-147,-93,-50,-24,-41,-56,-8,
  7,64,92,51,52,52,54,63,65,80,130,159,161,133,90,70,
  98,140,144,133,131,143,158,128,125,139,135,165,175,146,135,120,
  103,84,80,118,165,196,168,96,41,53,110,117,115,104,78,84,
  92,77,73,70,94,83,47,12,-18,-24,-17,-8,5,17,4,-10,
  -40,-58,-115,-163,-134,-146,-145,-146,-203,-249,-254,-256,-229,-206,-272,-322,
  -343,-342,-339,-337,-370,-368,-319,-256,-291,-320,-318,-333,-270,-256,-264,-234,
  -145,-75,-67,-91,-90,-8,104,163,137,80,100,207,301,382,376,389,
  429,458,498,485,480,507,548,593,625,623,611,622,635,643,600,547,
  538,581,604,572,525,505,471,456,448,385,367,360,329,270,211,180,
  129,119,79,7,1,-25,-90,-128,-172,-188,-190,-215,-263,-346,-392,-389,
  -363,-376,-396,-419,-440,-471,-493,-532,-521,-495,-459,-442,-507,-541,-518,-474,
  -421,-411,-424,-411,-418,-405,-382,-381,-380,-344,-304,-283,-272,-319,-341,-326,
  -264,-226,-208,-207,-242,-257,-218,-167,-149,-113,-93,-119,-125,-105,-93,-73,
  -62,-27,-13,-4,39,48,51,41,39,64,71,106,119,105,117,153,
  184,179,182,197,212,234,242,213,189,177,234,273,269,267,246,233,
  242,246,221,228,236,287,312,276,230,223,272,309,300,262,215,211,
  267,250,196,181,190,203,214,172,109,81,86,102,79,31,0,-16,
  12,15,-37,-80,-101,-107,-92,-69,-113,-157,-173,-164,-128,-143,-152,-184,
  -193,-154,-154,-167,-187,-223,-187,-133,-113,-121,-155,-164,-147,-113,-112,-120,
  -106,-90,-98,-95,-95,-83,-61,-32,-41,-47,-32,-16,-29,-47,-22,18,
  19,13,19,1,44,101,76,67,81,118,166,196,196,172,218,243,
  249,267,268,287,321,353,333,296,316,350,375,405,369,326,316,345,
  349,312,261,235,259,285,241,156,76,54,64,85,31,-84,-159,-168,
  -180,-201,-252,-330,-364,-342,-339,-412,-495,-536,-523,-486,-492,-537,-602,-613,
  -552,-555,-572,-580,-597,-570,-524,-502,-508,-511,-476,-449,-431,-436,-400,-326,
  -278,-195,-162,-201,-183,-126,-76,-31,-5,8,17,34,78,75,79,128,
  167,195,194,192,187,234,278,287,289,286,274,307,297,271,302,326,
  356,366,332,295,285,324,321,287,250,257,293,309,313,269,213,224,
  262,248,216,198,174,170,198,183,141,110,135,154,127,87,18,41,
  97,96,71,1,-24,15,27,-8,-54,-79,-53,-13,-32,-89,-130,-99,
  -44,-46,-79,-128,-143,-100,-71,-91,-129,-154,-115,-46,-56,-112,-137,-146,
  -118,-70,-92,-125,-113,-74,-37,-36,-93,-129,-106,-21,0,0,-8,-59,
  -53,-20,3,1,7,39,40,27,22,12,37,81,121,122,107,117,
  100,75,110,139,158,168,184,160,128,147,159,155,143,137,164,156,
  117,72,55,93,125,117,66,15,22,19,3,-29,-57,-48,-38,-56,
  -85,-120,-142,-140,-163,-165,-160,-188,-179,-209,-242,-245,-264,-238,-219,-229,
  -215,-226,-246,-239,-226,-221,-169,-150,-193,-193,-199,-195,-163,-134,-135,-134,
  -114,-106,-93,-97,-78,-69,-58,-41,-59,-91,-66,-44,-34,-28,-36,-36,
  -19,7,-12,-23,-32,-22,9,19,-3,-34,-36,-26,-8,5,2,-1,
  -15,-20,-11,-12,-9,-2,-12,-6,10,14,25,14,19,52,61,53,
  51,25,57,63,58,83,80,78,83,73,58,68,105,114,115,98,
  74,98,145,165,148,141,124,147,198,200,162,156,168,163,183,194,
  162,169,189,190,170,141,134,153,163,183,169,137,117,130,101,83,
  91,103,120,93,76,55,33,58,67,46,20,16,9,19,6,-7,
  1,26,51,21,-14,-38,-27,17,16,1,-6,-21,-6,4,10,-6,
  -17,-8,-8,-15,-21,-37,-7,9,-12,-19,-10,-5,-3,-6,-25,-35,
  -20,-5,9,-23,-48,-42,-55,-35,-49,-76,-103,-101,-91,-79,-82,-125,
  -141,-131,-131,-128,-147,-165,-166,-170,-174,-197,-218,-200,-161,-151,-165,-204,
  -254,-221,-167,-131,-156,-183,-190,-166,-117,-129,-151,-140,-140,-114,-100,-118,
  -123,-97,-82,-62,-82,-86,-88,-89,-61,-41,-65,-62,-23,-9,-13,-43,
  -45,-46,-35,-4,-11,-44,-44,-23,-4,-1,-3,-24,-26,-33,-18,-4,
  -5,-9,-12,2,5,6,12,18,17,16,6,3,-8,24,64,62,
  53,62,59,50,65,75,82,107,127,152
};
